;id;pesid;data_inversa;dia_semana;horario;uf;br;km;municipio;causa_principal;causa_acidente;ordem_tipo_acidente;tipo_acidente;classificacao_acidente;fase_dia;sentido_via;condicao_metereologica;tipo_pista;tracado_via;uso_solo;id_veiculo;tipo_veiculo;marca;ano_fabricacao_veiculo;tipo_envolvido;estado_fisico;idade;sexo;ilesos;feridos_leves;feridos_graves;mortos;latitude;longitude
2406;101072.0;225628.0;2018-01-05;sexta-feira;06:50:00;ES;101.0;308;VIANA                                                       ;Sim                 ;Ultrapassagem Indevida                                                                              ;1;Colisão lateral                                                                                                                                                                                         ;Sem Vítimas;Pleno dia           ;Decrescente         ;Sol                 ;Simples             ;Reta                          ;Sim       ;184492;Caminhão            ;FORD                                              ;2006.0;Condutor            ;Ileso               ;29.0;Masculino           ;1;0;0;0;-20.39076;-40.49646
2407;101072.0;225620.0;2018-01-05;sexta-feira;06:50:00;ES;101.0;308;VIANA                                                       ;Sim                 ;Ultrapassagem Indevida                                                                              ;1;Colisão lateral                                                                                                                                                                                         ;Sem Vítimas;Pleno dia           ;Decrescente         ;Sol                 ;Simples             ;Reta                          ;Sim       ;184480;Automóvel           ;VW                                                ;1996.0;Condutor            ;Ileso               ;55.0;Masculino           ;1;0;0;0;-20.39076;-40.49646
2500;101120.0;219410.0;2018-01-05;sexta-feira;11:05:00;ES;101.0;336;GUARAPARI                                                   ;Sim                 ;Carga excessiva e/ou mal acondicionada                                                              ;1;Derramamento de carga                                                                                                                                                                                   ;Sem Vítimas;Pleno dia           ;Crescente           ;Céu Claro           ;Simples             ;Não Informado                 ;Não       ;179798;Caminhão-trator     ;VOLVO                                             ;2014.0;Condutor            ;Ileso               ;44.0;Masculino           ;1;0;0;0;-20.62892859;-40.53646088
2544;101142.0;219599.0;2018-01-05;sexta-feira;13:40:00;ES;101.0;144,1;LINHARES                                                    ;Sim                 ;Desobediência às normas de trânsito pelo condutor                                                   ;1;Colisão lateral                                                                                                                                                                                         ;Com Vítimas Feridas;Pleno dia           ;Decrescente         ;Céu Claro           ;Múltipla            ;Reta                          ;Sim       ;179690;Automóvel           ;FIAT                                              ;2012.0;Condutor            ;Ileso               ;33.0;Masculino           ;1;0;0;0;-19.39159;-40.072563
2545;101142.0;219600.0;2018-01-05;sexta-feira;13:40:00;ES;101.0;144,1;LINHARES                                                    ;Sim                 ;Desobediência às normas de trânsito pelo condutor                                                   ;1;Colisão lateral                                                                                                                                                                                         ;Com Vítimas Feridas;Pleno dia           ;Decrescente         ;Céu Claro           ;Múltipla            ;Reta                          ;Sim       ;179691;Motocicleta         ;HONDA                                             ;2007.0;Condutor            ;Não Informado       ;;Não Informado       ;0;0;0;0;-19.39159;-40.072563
2546;101142.0;219601.0;2018-01-05;sexta-feira;13:40:00;ES;101.0;144,1;LINHARES                                                    ;Sim                 ;Desobediência às normas de trânsito pelo condutor                                                   ;1;Colisão lateral                                                                                                                                                                                         ;Com Vítimas Feridas;Pleno dia           ;Decrescente         ;Céu Claro           ;Múltipla            ;Reta                          ;Sim       ;179691;Motocicleta         ;HONDA                                             ;2007.0;Passageiro          ;Lesões Leves        ;65.0;Feminino            ;0;1;0;0;-19.39159;-40.072563
2824;101274.0;221771.0;2018-01-05;sexta-feira;20:30:00;ES;101.0;266,5;SERRA                                                       ;Sim                 ;Falta de Atenção do Pedestre                                                                        ;1;Tombamento                                                                                                                                                                                              ;Com Vítimas Feridas;Plena Noite         ;Crescente           ;Nublado             ;Dupla               ;Reta                          ;Sim       ;181508;Motocicleta         ;HONDA                                             ;2015.0;Pedestre            ;Não Informado       ;;Não Informado       ;0;0;0;0;-20.19669095;-40.26883274
2825;101274.0;221768.0;2018-01-05;sexta-feira;20:30:00;ES;101.0;266,5;SERRA                                                       ;Sim                 ;Falta de Atenção do Pedestre                                                                        ;1;Tombamento                                                                                                                                                                                              ;Com Vítimas Feridas;Plena Noite         ;Crescente           ;Nublado             ;Dupla               ;Reta                          ;Sim       ;181508;Motocicleta         ;HONDA                                             ;2015.0;Condutor            ;Lesões Leves        ;24.0;Masculino           ;0;1;0;0;-20.19669095;-40.26883274
2826;101274.0;221770.0;2018-01-05;sexta-feira;20:30:00;ES;101.0;266,5;SERRA                                                       ;Sim                 ;Falta de Atenção do Pedestre                                                                        ;1;Tombamento                                                                                                                                                                                              ;Com Vítimas Feridas;Plena Noite         ;Crescente           ;Nublado             ;Dupla               ;Reta                          ;Sim       ;181508;Motocicleta         ;HONDA                                             ;2015.0;Passageiro          ;Lesões Leves        ;24.0;Feminino            ;0;1;0;0;-20.19669095;-40.26883274
3095;101376.0;219898.0;2018-01-06;sábado;08:30:00;ES;101.0;63;SAO MATEUS                                                  ;Sim                 ;Pista Escorregadia                                                                                  ;1;Queda de ocupante de veículo                                                                                                                                                                            ;Com Vítimas Feridas;Pleno dia           ;Decrescente         ;Céu Claro           ;Simples             ;Reta                          ;Não       ;180193;Automóvel           ;                                                  ;;Condutor            ;Ileso               ;;Não Informado       ;1;0;0;0;-18.698418;-39.864826
3096;101376.0;219892.0;2018-01-06;sábado;08:30:00;ES;101.0;63;SAO MATEUS                                                  ;Sim                 ;Pista Escorregadia                                                                                  ;1;Queda de ocupante de veículo                                                                                                                                                                            ;Com Vítimas Feridas;Pleno dia           ;Decrescente         ;Céu Claro           ;Simples             ;Reta                          ;Não       ;180189;Motocicleta         ;YAMAHA                                            ;2011.0;Condutor            ;Lesões Leves        ;36.0;Masculino           ;0;1;0;0;-18.698418;-39.864826
3391;101509.0;220031.0;2018-01-06;sábado;17:40:00;ES;101.0;300;VIANA                                                       ;Sim                 ;Desobediência às normas de trânsito pelo condutor                                                   ;1;Colisão lateral                                                                                                                                                                                         ;Com Vítimas Feridas;Pleno dia           ;Crescente           ;Sol                 ;Múltipla            ;Reta                          ;Sim       ;180265;Motocicleta         ;HONDA                                             ;2013.0;Testemunha          ;Não Informado       ;;Não Informado       ;0;0;0;0;-20.35953448;-40.4334721
3392;101509.0;220030.0;2018-01-06;sábado;17:40:00;ES;101.0;300;VIANA                                                       ;Sim                 ;Desobediência às normas de trânsito pelo condutor                                                   ;1;Colisão lateral                                                                                                                                                                                         ;Com Vítimas Feridas;Pleno dia           ;Crescente           ;Sol                 ;Múltipla            ;Reta                          ;Sim       ;180265;Motocicleta         ;HONDA                                             ;2013.0;Condutor            ;Lesões Leves        ;32.0;Masculino           ;0;1;0;0;-20.35953448;-40.4334721
3393;101509.0;220028.0;2018-01-06;sábado;17:40:00;ES;101.0;300;VIANA                                                       ;Sim                 ;Desobediência às normas de trânsito pelo condutor                                                   ;1;Colisão lateral                                                                                                                                                                                         ;Com Vítimas Feridas;Pleno dia           ;Crescente           ;Sol                 ;Múltipla            ;Reta                          ;Sim       ;180264;Automóvel           ;I                                                 ;2011.0;Condutor            ;Ileso               ;57.0;Masculino           ;1;0;0;0;-20.35953448;-40.4334721
3536;101548.0;220271.0;2018-01-06;sábado;19:25:00;ES;101.0;125,3;SOORETAMA                                                   ;Sim                 ;Falta de Atenção à Condução                                                                         ;1;Colisão lateral                                                                                                                                                                                         ;Sem Vítimas;Plena Noite         ;Crescente           ;Céu Claro           ;Simples             ;Reta                          ;Sim       ;180375;Automóvel           ;I                                                 ;2014.0;Condutor            ;Ileso               ;49.0;Masculino           ;1;0;0;0;-19.18846108;-40.09472787
3537;101548.0;220269.0;2018-01-06;sábado;19:25:00;ES;101.0;125,3;SOORETAMA                                                   ;Sim                 ;Falta de Atenção à Condução                                                                         ;1;Colisão lateral                                                                                                                                                                                         ;Sem Vítimas;Plena Noite         ;Crescente           ;Céu Claro           ;Simples             ;Reta                          ;Sim       ;180374;Automóvel           ;GM                                                ;2006.0;Condutor            ;Ileso               ;44.0;Masculino           ;1;0;0;0;-19.18846108;-40.09472787
3583;101572.0;220284.0;2018-01-06;sábado;22:00:00;ES;101.0;383,5;RIO NOVO DO SUL                                             ;Sim                 ;Condutor Dormindo                                                                                   ;1;Colisão com objeto estático                                                                                                                                                                             ;Sem Vítimas;Plena Noite         ;Decrescente         ;Céu Claro           ;Simples             ;Reta                          ;Não       ;180469;Automóvel           ;I                                                 ;2011.0;Condutor            ;Ileso               ;45.0;Masculino           ;1;0;0;0;-20.84374245;-40.876125099999996
3589;101577.0;220265.0;2018-01-06;sábado;22:40:00;ES;101.0;253,4;SERRA                                                       ;Sim                 ;Falta de Atenção à Condução                                                                         ;1;Colisão lateral                                                                                                                                                                                         ;Com Vítimas Feridas;Plena Noite         ;Decrescente         ;Céu Claro           ;Simples             ;Reta                          ;Sim       ;180454;Bicicleta           ;                                                  ;;Condutor            ;Lesões Leves        ;62.0;Masculino           ;0;1;0;0;-20.11736614;-40.31472266
3590;101577.0;220264.0;2018-01-06;sábado;22:40:00;ES;101.0;253,4;SERRA                                                       ;Sim                 ;Falta de Atenção à Condução                                                                         ;1;Colisão lateral                                                                                                                                                                                         ;Com Vítimas Feridas;Plena Noite         ;Decrescente         ;Céu Claro           ;Simples             ;Reta                          ;Sim       ;180451;Automóvel           ;                                                  ;;Condutor            ;Não Informado       ;;Não Informado       ;0;0;0;0;-20.11736614;-40.31472266
3632;101601.0;222549.0;2018-01-07;domingo;00:20:00;ES;101.0;317,3;GUARAPARI                                                   ;Sim                 ;Falta de Atenção à Condução                                                                         ;1;Colisão transversal                                                                                                                                                                                     ;Com Vítimas Fatais;Plena Noite         ;Crescente           ;Nublado             ;Simples             ;Não Informado                 ;Não       ;182051;Automóvel           ;VW                                                ;2013.0;Passageiro          ;Óbito               ;48.0;Feminino            ;0;0;0;1;-20.488343;-40.476921000000004
3633;101601.0;222547.0;2018-01-07;domingo;00:20:00;ES;101.0;317,3;GUARAPARI                                                   ;Sim                 ;Falta de Atenção à Condução                                                                         ;1;Colisão transversal                                                                                                                                                                                     ;Com Vítimas Fatais;Plena Noite         ;Crescente           ;Nublado             ;Simples             ;Não Informado                 ;Não       ;182051;Automóvel           ;VW                                                ;2013.0;Passageiro          ;Lesões Graves       ;26.0;Feminino            ;0;0;1;0;-20.488343;-40.476921000000004
3634;101601.0;222543.0;2018-01-07;domingo;00:20:00;ES;101.0;317,3;GUARAPARI                                                   ;Sim                 ;Falta de Atenção à Condução                                                                         ;1;Colisão transversal                                                                                                                                                                                     ;Com Vítimas Fatais;Plena Noite         ;Crescente           ;Nublado             ;Simples             ;Não Informado                 ;Não       ;182051;Automóvel           ;VW                                                ;2013.0;Condutor            ;Ileso               ;62.0;Masculino           ;1;0;0;0;-20.488343;-40.476921000000004
3635;101601.0;222545.0;2018-01-07;domingo;00:20:00;ES;101.0;317,3;GUARAPARI                                                   ;Sim                 ;Falta de Atenção à Condução                                                                         ;1;Colisão transversal                                                                                                                                                                                     ;Com Vítimas Fatais;Plena Noite         ;Crescente           ;Nublado             ;Simples             ;Não Informado                 ;Não       ;182051;Automóvel           ;VW                                                ;2013.0;Passageiro          ;Lesões Graves       ;53.0;Feminino            ;0;0;1;0;-20.488343;-40.476921000000004
3636;101601.0;222541.0;2018-01-07;domingo;00:20:00;ES;101.0;317,3;GUARAPARI                                                   ;Sim                 ;Falta de Atenção à Condução                                                                         ;1;Colisão transversal                                                                                                                                                                                     ;Com Vítimas Fatais;Plena Noite         ;Crescente           ;Nublado             ;Simples             ;Não Informado                 ;Não       ;182045;Automóvel           ;VW                                                ;2011.0;Condutor            ;Lesões Leves        ;39.0;Masculino           ;0;1;0;0;-20.488343;-40.476921000000004
3958;101754.0;223114.0;2018-01-07;domingo;16:00:00;ES;101.0;332,6;GUARAPARI                                                   ;Sim                 ;Defeito Mecânico no Veículo                                                                         ;2;Tombamento                                                                                                                                                                                              ;Com Vítimas Feridas;Pleno dia           ;Crescente           ;Céu Claro           ;Simples             ;Reta                          ;Não       ;180765;Motoneta            ;HONDA                                             ;2015.0;Condutor            ;Lesões Leves        ;35.0;Masculino           ;0;1;0;0;-20.61203882;-40.51124811
3959;101754.0;223119.0;2018-01-07;domingo;16:00:00;ES;101.0;332,6;GUARAPARI                                                   ;Sim                 ;Defeito Mecânico no Veículo                                                                         ;2;Tombamento                                                                                                                                                                                              ;Com Vítimas Feridas;Pleno dia           ;Crescente           ;Céu Claro           ;Simples             ;Reta                          ;Não       ;180765;Motoneta            ;HONDA                                             ;2015.0;Passageiro          ;Lesões Graves       ;32.0;Feminino            ;0;0;1;0;-20.61203882;-40.51124811
3964;101757.0;220642.0;2018-01-07;domingo;16:15:00;ES;101.0;146;LINHARES                                                    ;Sim                 ;Falta de Atenção à Condução                                                                         ;1;Colisão transversal                                                                                                                                                                                     ;Com Vítimas Feridas;Pleno dia           ;Decrescente         ;Céu Claro           ;Múltipla            ;Reta                          ;Sim       ;180687;Bicicleta           ;                                                  ;;Condutor            ;Lesões Leves        ;15.0;Masculino           ;0;1;0;0;-19.39159;-40.072563
3965;101757.0;220634.0;2018-01-07;domingo;16:15:00;ES;101.0;146;LINHARES                                                    ;Sim                 ;Falta de Atenção à Condução                                                                         ;1;Colisão transversal                                                                                                                                                                                     ;Com Vítimas Feridas;Pleno dia           ;Decrescente         ;Céu Claro           ;Múltipla            ;Reta                          ;Sim       ;180685;Automóvel           ;HONDA                                             ;2017.0;Condutor            ;Ileso               ;26.0;Masculino           ;1;0;0;0;-19.39159;-40.072563
4100;101815.0;220815.0;2018-01-07;domingo;20:50:00;ES;101.0;132,6;SOORETAMA                                                   ;Sim                 ;Falta de Atenção à Condução                                                                         ;1;Colisão com objeto em movimento                                                                                                                                                                         ;Com Vítimas Feridas;Plena Noite         ;Crescente           ;Céu Claro           ;Simples             ;Reta                          ;Não       ;180813;Motocicleta         ;HONDA                                             ;2013.0;Condutor            ;Lesões Graves       ;30.0;Masculino           ;0;0;1;0;-19.23601742;-40.09199202
4101;101815.0;220817.0;2018-01-07;domingo;20:50:00;ES;101.0;132,6;SOORETAMA                                                   ;Sim                 ;Falta de Atenção à Condução                                                                         ;1;Colisão com objeto em movimento                                                                                                                                                                         ;Com Vítimas Feridas;Plena Noite         ;Crescente           ;Céu Claro           ;Simples             ;Reta                          ;Não       ;180813;Motocicleta         ;HONDA                                             ;2013.0;Passageiro          ;Lesões Graves       ;29.0;Feminino            ;0;0;1;0;-19.23601742;-40.09199202
4169;101839.0;220953.0;2018-01-07;domingo;22:30:00;ES;101.0;66,2;SAO MATEUS                                                  ;Sim                 ;Falta de Atenção do Pedestre                                                                        ;1;Atropelamento de Pedestre                                                                                                                                                                               ;Com Vítimas Feridas;Plena Noite         ;Decrescente         ;Céu Claro           ;Simples             ;Reta                          ;Sim       ;180893;Caminhão            ;VW                                                ;2011.0;Pedestre            ;Lesões Leves        ;36.0;Feminino            ;0;1;0;0;-18.71695308;-39.87351269
4170;101839.0;220935.0;2018-01-07;domingo;22:30:00;ES;101.0;66,2;SAO MATEUS                                                  ;Sim                 ;Falta de Atenção do Pedestre                                                                        ;1;Atropelamento de Pedestre                                                                                                                                                                               ;Com Vítimas Feridas;Plena Noite         ;Decrescente         ;Céu Claro           ;Simples             ;Reta                          ;Sim       ;180893;Caminhão            ;VW                                                ;2011.0;Condutor            ;Ileso               ;32.0;Masculino           ;1;0;0;0;-18.71695308;-39.87351269
4239;101878.0;222789.0;2018-01-08;segunda-feira;05:00:00;ES;101.0;342,2;GUARAPARI                                                   ;Sim                 ;Condutor Dormindo                                                                                   ;1;Saída de leito carroçável                                                                                                                                                                               ;Com Vítimas Feridas;Plena Noite         ;Crescente           ;Céu Claro           ;Simples             ;Reta                          ;Não       ;180863;Automóvel           ;FORD                                              ;2009.0;Condutor            ;Lesões Graves       ;42.0;Masculino           ;0;0;1;0;-20.66715;-40.49785
4244;101882.0;222929.0;2018-01-08;segunda-feira;05:30:00;ES;101.0;315,8;VILA VELHA                                                  ;Não                 ;Falta de Atenção à Condução                                                                         ;1;Colisão frontal                                                                                                                                                                                         ;Com Vítimas Fatais;Amanhecer           ;Crescente           ;Céu Claro           ;Simples             ;Não Informado                 ;Não       ;180955;Automóvel           ;FIAT                                              ;2011.0;Condutor            ;Óbito               ;21.0;Feminino            ;0;0;0;1;-20.475407999999998;-40.471118
4245;101882.0;220995.0;2018-01-08;segunda-feira;05:30:00;ES;101.0;315,8;VILA VELHA                                                  ;Não                 ;Falta de Atenção à Condução                                                                         ;1;Colisão frontal                                                                                                                                                                                         ;Com Vítimas Fatais;Amanhecer           ;Crescente           ;Céu Claro           ;Simples             ;Não Informado                 ;Não       ;180955;Automóvel           ;FIAT                                              ;2011.0;Passageiro          ;Óbito               ;49.0;Feminino            ;0;0;0;1;-20.475407999999998;-40.471118
4246;101882.0;220997.0;2018-01-08;segunda-feira;05:30:00;ES;101.0;315,8;VILA VELHA                                                  ;Não                 ;Falta de Atenção à Condução                                                                         ;1;Colisão frontal                                                                                                                                                                                         ;Com Vítimas Fatais;Amanhecer           ;Crescente           ;Céu Claro           ;Simples             ;Não Informado                 ;Não       ;180955;Automóvel           ;FIAT                                              ;2011.0;Passageiro          ;Óbito               ;5.0;Feminino            ;0;0;0;1;-20.475407999999998;-40.471118
4247;101882.0;222773.0;2018-01-08;segunda-feira;05:30:00;ES;101.0;315,8;VILA VELHA                                                  ;Não                 ;Falta de Atenção à Condução                                                                         ;1;Colisão frontal                                                                                                                                                                                         ;Com Vítimas Fatais;Amanhecer           ;Crescente           ;Céu Claro           ;Simples             ;Não Informado                 ;Não       ;180956;Caminhão-trator     ;SCANIA                                            ;2014.0;Condutor            ;Ileso               ;61.0;Masculino           ;1;0;0;0;-20.475407999999998;-40.471118
4375;101937.0;221203.0;2018-01-08;segunda-feira;10:10:00;ES;101.0;422;ATILIO VIVACQUA                                             ;Sim                 ;Falta de Atenção à Condução                                                                         ;1;Colisão lateral                                                                                                                                                                                         ;Com Vítimas Feridas;Pleno dia           ;Decrescente         ;Céu Claro           ;Simples             ;Curva                         ;Não       ;181040;Caminhão-trator     ;SCANIA                                            ;2011.0;Condutor            ;Ileso               ;50.0;Masculino           ;1;0;0;0;-20.97806992;-41.11232042
4376;101937.0;221199.0;2018-01-08;segunda-feira;10:10:00;ES;101.0;422;ATILIO VIVACQUA                                             ;Sim                 ;Falta de Atenção à Condução                                                                         ;1;Colisão lateral                                                                                                                                                                                         ;Com Vítimas Feridas;Pleno dia           ;Decrescente         ;Céu Claro           ;Simples             ;Curva                         ;Não       ;181038;Motocicleta         ;HONDA                                             ;2004.0;Condutor            ;Lesões Graves       ;60.0;Masculino           ;0;0;1;0;-20.97806992;-41.11232042
4405;101950.0;221423.0;2018-01-08;segunda-feira;11:05:00;ES;101.0;66,4;SAO MATEUS                                                  ;Sim                 ;Falta de Atenção à Condução                                                                         ;1;Colisão transversal                                                                                                                                                                                     ;Com Vítimas Feridas;Pleno dia           ;Crescente           ;Céu Claro           ;Múltipla            ;Interseção de vias            ;Sim       ;181275;Bicicleta           ;                                                  ;;Condutor            ;Lesões Graves       ;39.0;Masculino           ;0;0;1;0;-18.71839092;-39.87047374
4406;101950.0;221064.0;2018-01-08;segunda-feira;11:05:00;ES;101.0;66,4;SAO MATEUS                                                  ;Sim                 ;Falta de Atenção à Condução                                                                         ;1;Colisão transversal                                                                                                                                                                                     ;Com Vítimas Feridas;Pleno dia           ;Crescente           ;Céu Claro           ;Múltipla            ;Interseção de vias            ;Sim       ;181002;Caminhão            ;FORD                                              ;2016.0;Condutor            ;Ileso               ;37.0;Masculino           ;1;0;0;0;-18.71839092;-39.87047374
4407;101951.0;225936.0;2018-01-08;segunda-feira;11:20:00;ES;101.0;0,3;VITORIA                                                     ;Sim                 ;Falta de Atenção à Condução                                                                         ;1;Colisão transversal                                                                                                                                                                                     ;Com Vítimas Feridas;Pleno dia           ;Crescente           ;Céu Claro           ;Dupla               ;Reta                          ;Sim       ;184675;Motocicleta         ;HONDA                                             ;2011.0;Condutor            ;Lesões Graves       ;18.0;Masculino           ;0;0;1;0;-20.23868371;-40.27742386
4408;101951.0;225934.0;2018-01-08;segunda-feira;11:20:00;ES;101.0;0,3;VITORIA                                                     ;Sim                 ;Falta de Atenção à Condução                                                                         ;1;Colisão transversal                                                                                                                                                                                     ;Com Vítimas Feridas;Pleno dia           ;Crescente           ;Céu Claro           ;Dupla               ;Reta                          ;Sim       ;184673;Caminhão-trator     ;SCANIA                                            ;2013.0;Condutor            ;Ileso               ;47.0;Masculino           ;1;0;0;0;-20.23868371;-40.27742386
4422;101961.0;221421.0;2018-01-08;segunda-feira;12:00:00;ES;101.0;144;LINHARES                                                    ;Sim                 ;Falta de Atenção à Condução                                                                         ;1;Engavetamento                                                                                                                                                                                           ;Sem Vítimas;Pleno dia           ;Crescente           ;Céu Claro           ;Simples             ;Reta                          ;Sim       ;181021;Caminhão            ;VW                                                ;1986.0;Condutor            ;Ileso               ;55.0;Masculino           ;1;0;0;0;-19.39159;-40.072563
4423;101961.0;221420.0;2018-01-08;segunda-feira;12:00:00;ES;101.0;144;LINHARES                                                    ;Sim                 ;Falta de Atenção à Condução                                                                         ;1;Engavetamento                                                                                                                                                                                           ;Sem Vítimas;Pleno dia           ;Crescente           ;Céu Claro           ;Simples             ;Reta                          ;Sim       ;181020;Automóvel           ;TOYOTA                                            ;2014.0;Condutor            ;Ileso               ;41.0;Masculino           ;1;0;0;0;-19.39159;-40.072563
4424;101961.0;221418.0;2018-01-08;segunda-feira;12:00:00;ES;101.0;144;LINHARES                                                    ;Sim                 ;Falta de Atenção à Condução                                                                         ;1;Engavetamento                                                                                                                                                                                           ;Sem Vítimas;Pleno dia           ;Crescente           ;Céu Claro           ;Simples             ;Reta                          ;Sim       ;181019;Automóvel           ;FORD                                              ;2009.0;Condutor            ;Ileso               ;35.0;Feminino            ;1;0;0;0;-19.39159;-40.072563
4632;102055.0;221405.0;2018-01-08;segunda-feira;17:45:00;ES;101.0;108,5;SOORETAMA                                                   ;Não                 ;Desobediência às normas de trânsito pelo condutor                                                   ;1;Colisão transversal                                                                                                                                                                                     ;Com Vítimas Feridas;Pleno dia           ;Crescente           ;Céu Claro           ;Simples             ;Interseção de vias            ;Não       ;181247;Motocicleta         ;HONDA                                             ;2012.0;Condutor            ;Lesões Leves        ;21.0;Masculino           ;0;1;0;0;-19.197422;-40.098118
4633;102055.0;221434.0;2018-01-08;segunda-feira;17:45:00;ES;101.0;108,5;SOORETAMA                                                   ;Não                 ;Desobediência às normas de trânsito pelo condutor                                                   ;1;Colisão transversal                                                                                                                                                                                     ;Com Vítimas Feridas;Pleno dia           ;Crescente           ;Céu Claro           ;Simples             ;Interseção de vias            ;Não       ;181248;Motocicleta         ;HONDA                                             ;2003.0;Condutor            ;Lesões Leves        ;46.0;Masculino           ;0;1;0;0;-19.197422;-40.098118
4681;102080.0;221362.0;2018-01-08;segunda-feira;13:00:00;ES;101.0;146,7;LINHARES                                                    ;Sim                 ;Não guardar distância de segurança                                                                  ;1;Queda de ocupante de veículo                                                                                                                                                                            ;Com Vítimas Feridas;Pleno dia           ;Crescente           ;Sol                 ;Múltipla            ;Reta                          ;Sim       ;181209;Ônibus              ;M.BENZ                                            ;2007.0;Passageiro          ;Lesões Graves       ;37.0;Feminino            ;0;0;1;0;-19.39159;-40.072563
4682;102080.0;221360.0;2018-01-08;segunda-feira;13:00:00;ES;101.0;146,7;LINHARES                                                    ;Sim                 ;Não guardar distância de segurança                                                                  ;1;Queda de ocupante de veículo                                                                                                                                                                            ;Com Vítimas Feridas;Pleno dia           ;Crescente           ;Sol                 ;Múltipla            ;Reta                          ;Sim       ;181209;Ônibus              ;M.BENZ                                            ;2007.0;Condutor            ;Ileso               ;62.0;Masculino           ;1;0;0;0;-19.39159;-40.072563
4683;102080.0;221363.0;2018-01-08;segunda-feira;13:00:00;ES;101.0;146,7;LINHARES                                                    ;Sim                 ;Não guardar distância de segurança                                                                  ;1;Queda de ocupante de veículo                                                                                                                                                                            ;Com Vítimas Feridas;Pleno dia           ;Crescente           ;Sol                 ;Múltipla            ;Reta                          ;Sim       ;181209;Ônibus              ;M.BENZ                                            ;2007.0;Passageiro          ;Lesões Leves        ;9.0;Masculino           ;0;1;0;0;-19.39159;-40.072563
4717;102098.0;225560.0;2018-01-08;segunda-feira;21:00:00;ES;101.0;268;SERRA                                                       ;Sim                 ;Falta de Atenção à Condução                                                                         ;1;Colisão lateral                                                                                                                                                                                         ;Com Vítimas Feridas;Plena Noite         ;Crescente           ;Céu Claro           ;Múltipla            ;Reta                          ;Sim       ;184474;Automóvel           ;RENAULT                                           ;2013.0;Condutor            ;Ileso               ;47.0;Feminino            ;1;0;0;0;-20.20731354;-40.26954889
4718;102098.0;225575.0;2018-01-08;segunda-feira;21:00:00;ES;101.0;268;SERRA                                                       ;Sim                 ;Falta de Atenção à Condução                                                                         ;1;Colisão lateral                                                                                                                                                                                         ;Com Vítimas Feridas;Plena Noite         ;Crescente           ;Céu Claro           ;Múltipla            ;Reta                          ;Sim       ;184482;Motocicleta         ;HONDA                                             ;2016.0;Condutor            ;Lesões Leves        ;32.0;Masculino           ;0;1;0;0;-20.20731354;-40.26954889
4796;102132.0;225955.0;2018-01-09;terça-feira;01:50:00;ES;101.0;275,5;SERRA                                                       ;Sim                 ;Pista Escorregadia                                                                                  ;1;Saída de leito carroçável                                                                                                                                                                               ;Com Vítimas Feridas;Pleno dia           ;Crescente           ;Garoa/Chuvisco      ;Dupla               ;Reta                          ;Sim       ;184692;Automóvel           ;HONDA                                             ;2009.0;Passageiro          ;Lesões Leves        ;8.0;Feminino            ;0;1;0;0;-20.21838846;-40.33578873
4797;102132.0;225952.0;2018-01-09;terça-feira;01:50:00;ES;101.0;275,5;SERRA                                                       ;Sim                 ;Pista Escorregadia                                                                                  ;1;Saída de leito carroçável                                                                                                                                                                               ;Com Vítimas Feridas;Pleno dia           ;Crescente           ;Garoa/Chuvisco      ;Dupla               ;Reta                          ;Sim       ;184692;Automóvel           ;HONDA                                             ;2009.0;Condutor            ;Ileso               ;38.0;Masculino           ;1;0;0;0;-20.21838846;-40.33578873
4824;102142.0;227418.0;2018-01-09;terça-feira;05:15:00;ES;101.0;266;SERRA                                                       ;Sim                 ;Velocidade Incompatível                                                                             ;1;Atropelamento de Pedestre                                                                                                                                                                               ;Com Vítimas Feridas;Amanhecer           ;Decrescente         ;Chuva               ;Múltipla            ;Reta                          ;Sim       ;185845;Automóvel           ;                                                  ;;Pedestre            ;Lesões Graves       ;60.0;Feminino            ;0;0;1;0;-20.185644699999997;-40.26740313
4825;102142.0;227416.0;2018-01-09;terça-feira;05:15:00;ES;101.0;266;SERRA                                                       ;Sim                 ;Velocidade Incompatível                                                                             ;1;Atropelamento de Pedestre                                                                                                                                                                               ;Com Vítimas Feridas;Amanhecer           ;Decrescente         ;Chuva               ;Múltipla            ;Reta                          ;Sim       ;185845;Automóvel           ;                                                  ;;Condutor            ;Não Informado       ;;Não Informado       ;0;0;0;0;-20.185644699999997;-40.26740313
4826;102143.0;230433.0;2018-01-09;terça-feira;05:40:00;ES;101.0;277;SERRA                                                       ;Sim                 ;Falta de Atenção à Condução                                                                         ;1;Colisão com objeto estático                                                                                                                                                                             ;Sem Vítimas;Amanhecer           ;Decrescente         ;Garoa/Chuvisco      ;Dupla               ;Reta                          ;Não       ;188274;Caminhão-trator     ;SCANIA                                            ;1980.0;Condutor            ;Ileso               ;78.0;Masculino           ;1;0;0;0;-20.21838846;-40.33252716