;id;pesid;data_inversa;dia_semana;horario;uf;br;km;municipio;causa_principal;causa_acidente;ordem_tipo_acidente;tipo_acidente;classificacao_acidente;fase_dia;sentido_via;condicao_metereologica;tipo_pista;tracado_via;uso_solo;id_veiculo;tipo_veiculo;marca;ano_fabricacao_veiculo;tipo_envolvido;estado_fisico;idade;sexo;ilesos;feridos_leves;feridos_graves;mortos;latitude;longitude
4857;102157.0;221697.0;2018-01-09;terça-feira;07:45:00;ES;101.0;283,2;CARIACICA                                                   ;Sim                 ;Velocidade Incompatível                                                                             ;2;Capotamento                                                                                                                                                                                             ;Sem Vítimas;Pleno dia           ;Crescente           ;Nublado             ;Dupla               ;Rotatória                     ;Não       ;181458;Automóvel           ;CITROEN                                           ;2007.0;Condutor            ;Ileso               ;21.0;Masculino           ;1;0;0;0;-20.23575435;-40.36990911
4867;102160.0;221674.0;2018-01-09;terça-feira;06:30:00;ES;101.0;270,5;SERRA                                                       ;Sim                 ;Falta de Atenção à Condução                                                                         ;1;Colisão transversal                                                                                                                                                                                     ;Com Vítimas Feridas;Pleno dia           ;Crescente           ;Chuva               ;Múltipla            ;Interseção de vias            ;Sim       ;181447;Ônibus              ;M.BENZ                                            ;2010.0;Condutor            ;Ileso               ;70.0;Masculino           ;1;0;0;0;-20.129093;-40.308125
4868;102160.0;221678.0;2018-01-09;terça-feira;06:30:00;ES;101.0;270,5;SERRA                                                       ;Sim                 ;Falta de Atenção à Condução                                                                         ;1;Colisão transversal                                                                                                                                                                                     ;Com Vítimas Feridas;Pleno dia           ;Crescente           ;Chuva               ;Múltipla            ;Interseção de vias            ;Sim       ;181449;Automóvel           ;CHEVROLET                                         ;2011.0;Condutor            ;Lesões Leves        ;39.0;Feminino            ;0;1;0;0;-20.129093;-40.308125
4945;102196.0;221935.0;2018-01-09;terça-feira;10:45:00;ES;101.0;270;SERRA                                                       ;Sim                 ;Falta de Atenção à Condução                                                                         ;1;Colisão traseira                                                                                                                                                                                        ;Sem Vítimas;Pleno dia           ;Crescente           ;Céu Claro           ;Simples             ;Interseção de vias            ;Sim       ;181617;Outros              ;                                                  ;;Condutor            ;Não Informado       ;;Não Informado       ;0;0;0;0;-20.22575787;-40.27081221
4946;102196.0;221819.0;2018-01-09;terça-feira;10:45:00;ES;101.0;270;SERRA                                                       ;Sim                 ;Falta de Atenção à Condução                                                                         ;1;Colisão traseira                                                                                                                                                                                        ;Sem Vítimas;Pleno dia           ;Crescente           ;Céu Claro           ;Simples             ;Interseção de vias            ;Sim       ;181546;Motocicleta         ;YAMAHA                                            ;2009.0;Condutor            ;Ileso               ;31.0;Masculino           ;1;0;0;0;-20.22575787;-40.27081221
5009;102224.0;224085.0;2018-01-09;terça-feira;11:45:00;ES;101.0;396;RIO NOVO DO SUL                                             ;Sim                 ;Velocidade Incompatível                                                                             ;1;Saída de leito carroçável                                                                                                                                                                               ;Com Vítimas Feridas;Pleno dia           ;Decrescente         ;Sol                 ;Simples             ;Reta                          ;Sim       ;181551;Motocicleta         ;HONDA                                             ;2008.0;Passageiro          ;Lesões Graves       ;18.0;Masculino           ;0;0;1;0;-20.862984;-40.93674
5010;102224.0;224084.0;2018-01-09;terça-feira;11:45:00;ES;101.0;396;RIO NOVO DO SUL                                             ;Sim                 ;Velocidade Incompatível                                                                             ;1;Saída de leito carroçável                                                                                                                                                                               ;Com Vítimas Feridas;Pleno dia           ;Decrescente         ;Sol                 ;Simples             ;Reta                          ;Sim       ;181551;Motocicleta         ;HONDA                                             ;2008.0;Condutor            ;Lesões Graves       ;18.0;Masculino           ;0;0;1;0;-20.862984;-40.93674
5381;102415.0;222633.0;2018-01-10;quarta-feira;10:00:00;ES;101.0;258,2;SERRA                                                       ;Sim                 ;Velocidade Incompatível                                                                             ;1;Capotamento                                                                                                                                                                                             ;Com Vítimas Feridas;Pleno dia           ;Decrescente         ;Garoa/Chuvisco      ;Dupla               ;Curva                         ;Não       ;182137;Caminhão            ;M.BENZ                                            ;2014.0;Condutor            ;Ileso               ;55.0;Masculino           ;1;0;0;0;-20.13190767;-40.29459268
5382;102415.0;222634.0;2018-01-10;quarta-feira;10:00:00;ES;101.0;258,2;SERRA                                                       ;Sim                 ;Velocidade Incompatível                                                                             ;1;Capotamento                                                                                                                                                                                             ;Com Vítimas Feridas;Pleno dia           ;Decrescente         ;Garoa/Chuvisco      ;Dupla               ;Curva                         ;Não       ;182137;Caminhão            ;M.BENZ                                            ;2014.0;Passageiro          ;Lesões Leves        ;28.0;Masculino           ;0;1;0;0;-20.13190767;-40.29459268
5421;102441.0;222431.0;2018-01-10;quarta-feira;16:50:00;ES;101.0;150;LINHARES                                                    ;Sim                 ;Falta de Atenção à Condução                                                                         ;1;Colisão traseira                                                                                                                                                                                        ;Com Vítimas Feridas;Pleno dia           ;Decrescente         ;Céu Claro           ;Dupla               ;Curva                         ;Não       ;181957;Caminhão            ;                                                  ;;Condutor            ;Ileso               ;;Não Informado       ;1;0;0;0;-19.39159;-40.072563
5422;102441.0;222430.0;2018-01-10;quarta-feira;16:50:00;ES;101.0;150;LINHARES                                                    ;Sim                 ;Falta de Atenção à Condução                                                                         ;1;Colisão traseira                                                                                                                                                                                        ;Com Vítimas Feridas;Pleno dia           ;Decrescente         ;Céu Claro           ;Dupla               ;Curva                         ;Não       ;181947;Automóvel           ;FIAT                                              ;2014.0;Condutor            ;Ileso               ;35.0;Masculino           ;1;0;0;0;-19.39159;-40.072563
5423;102441.0;222429.0;2018-01-10;quarta-feira;16:50:00;ES;101.0;150;LINHARES                                                    ;Sim                 ;Falta de Atenção à Condução                                                                         ;1;Colisão traseira                                                                                                                                                                                        ;Com Vítimas Feridas;Pleno dia           ;Decrescente         ;Céu Claro           ;Dupla               ;Curva                         ;Não       ;181953;Motocicleta         ;HONDA                                             ;2016.0;Condutor            ;Lesões Graves       ;51.0;Masculino           ;0;0;1;0;-19.39159;-40.072563
5479;102475.0;222626.0;2018-01-10;quarta-feira;06:30:00;ES;101.0;266;SERRA                                                       ;Sim                 ;Falta de Atenção à Condução                                                                         ;1;Tombamento                                                                                                                                                                                              ;Com Vítimas Feridas;Pleno dia           ;Crescente           ;Chuva               ;Dupla               ;Curva                         ;Sim       ;182128;Motocicleta         ;HONDA                                             ;2015.0;Condutor            ;Lesões Leves        ;27.0;Masculino           ;0;1;0;0;-20.19372555;-40.2687791
5482;102477.0;222627.0;2018-01-10;quarta-feira;08:10:00;ES;101.0;271;SERRA                                                       ;Sim                 ;Falta de Atenção à Condução                                                                         ;1;Derramamento de carga                                                                                                                                                                                   ;Sem Vítimas;Pleno dia           ;Decrescente         ;Chuva               ;Dupla               ;Reta                          ;Sim       ;182130;Caminhão-trator     ;SCANIA                                            ;2000.0;Condutor            ;Ileso               ;62.0;Masculino           ;1;0;0;0;-20.22947265;-40.28208286
5487;102482.0;222628.0;2018-01-10;quarta-feira;17:30:00;ES;101.0;397;RIO NOVO DO SUL                                             ;Sim                 ;Falta de Atenção à Condução                                                                         ;1;Queda de ocupante de veículo                                                                                                                                                                            ;Com Vítimas Feridas;Pleno dia           ;Crescente           ;Sol                 ;Simples             ;Reta                          ;Não       ;182132;Motocicleta         ;HONDA                                             ;1997.0;Condutor            ;Lesões Leves        ;24.0;Masculino           ;0;1;0;0;-20.862984;-40.93674
5494;102485.0;223541.0;2018-01-10;quarta-feira;16:00:00;ES;101.0;269;SERRA                                                       ;Sim                 ;Não guardar distância de segurança                                                                  ;1;Colisão lateral                                                                                                                                                                                         ;Com Vítimas Feridas;Pleno dia           ;Decrescente         ;Céu Claro           ;Múltipla            ;Reta                          ;Sim       ;182146;Automóvel           ;                                                  ;;Condutor            ;Não Informado       ;;Não Informado       ;0;0;0;0;-20.21868546;-40.26983589
5495;102485.0;223540.0;2018-01-10;quarta-feira;16:00:00;ES;101.0;269;SERRA                                                       ;Sim                 ;Não guardar distância de segurança                                                                  ;1;Colisão lateral                                                                                                                                                                                         ;Com Vítimas Feridas;Pleno dia           ;Decrescente         ;Céu Claro           ;Múltipla            ;Reta                          ;Sim       ;182145;Motocicleta         ;HONDA                                             ;2013.0;Condutor            ;Lesões Leves        ;49.0;Masculino           ;0;1;0;0;-20.21868546;-40.26983589
5578;102528.0;222553.0;2018-01-06;sábado;23:00:00;ES;101.0;301,7;VIANA                                                       ;Não                 ;Desobediência às normas de trânsito pelo condutor                                                   ;2;Tombamento                                                                                                                                                                                              ;Com Vítimas Feridas;Plena Noite         ;Crescente           ;Céu Claro           ;Dupla               ;Reta                          ;Sim       ;182066;Motocicleta         ;HONDA                                             ;2008.0;Condutor            ;Lesões Leves        ;22.0;Masculino           ;0;1;0;0;-20.36676061;-40.44377995
5579;102528.0;222554.0;2018-01-06;sábado;23:00:00;ES;101.0;301,7;VIANA                                                       ;Não                 ;Desobediência às normas de trânsito pelo condutor                                                   ;2;Tombamento                                                                                                                                                                                              ;Com Vítimas Feridas;Plena Noite         ;Crescente           ;Céu Claro           ;Dupla               ;Reta                          ;Sim       ;182066;Motocicleta         ;HONDA                                             ;2008.0;Testemunha          ;Não Informado       ;;Não Informado       ;0;0;0;0;-20.36676061;-40.44377995
5580;102528.0;222552.0;2018-01-06;sábado;23:00:00;ES;101.0;301,7;VIANA                                                       ;Não                 ;Desobediência às normas de trânsito pelo condutor                                                   ;2;Tombamento                                                                                                                                                                                              ;Com Vítimas Feridas;Plena Noite         ;Crescente           ;Céu Claro           ;Dupla               ;Reta                          ;Sim       ;182065;Motoneta            ;HONDA                                             ;2012.0;Condutor            ;Lesões Graves       ;22.0;Masculino           ;0;0;1;0;-20.36676061;-40.44377995
5636;102563.0;222681.0;2018-01-11;quinta-feira;05:20:00;ES;101.0;266;SERRA                                                       ;Sim                 ;Não guardar distância de segurança                                                                  ;2;Colisão com objeto estático                                                                                                                                                                             ;Sem Vítimas;Pleno dia           ;Crescente           ;Chuva               ;Dupla               ;Reta                          ;Sim       ;182166;Automóvel           ;CHEV                                              ;2017.0;Condutor            ;Ileso               ;37.0;Masculino           ;1;0;0;0;-20.20041649;-40.26914656
5637;102563.0;222680.0;2018-01-11;quinta-feira;05:20:00;ES;101.0;266;SERRA                                                       ;Sim                 ;Não guardar distância de segurança                                                                  ;2;Colisão com objeto estático                                                                                                                                                                             ;Sem Vítimas;Pleno dia           ;Crescente           ;Chuva               ;Dupla               ;Reta                          ;Sim       ;182163;Camioneta           ;FORD                                              ;2012.0;Condutor            ;Ileso               ;47.0;Masculino           ;1;0;0;0;-20.20041649;-40.26914656
5674;102577.0;225145.0;2018-01-11;quinta-feira;07:20:00;ES;101.0;138,5;LINHARES                                                    ;Sim                 ;Falta de Atenção à Condução                                                                         ;1;Colisão transversal                                                                                                                                                                                     ;Com Vítimas Feridas;Pleno dia           ;Crescente           ;Nublado             ;Simples             ;Reta                          ;Não       ;184142;Caminhão            ;FORD                                              ;2003.0;Condutor            ;Lesões Graves       ;41.0;Masculino           ;0;0;1;0;-19.30619316;-40.08209199
5675;102577.0;225144.0;2018-01-11;quinta-feira;07:20:00;ES;101.0;138,5;LINHARES                                                    ;Sim                 ;Falta de Atenção à Condução                                                                         ;1;Colisão transversal                                                                                                                                                                                     ;Com Vítimas Feridas;Pleno dia           ;Crescente           ;Nublado             ;Simples             ;Reta                          ;Não       ;184140;Motocicleta         ;HONDA                                             ;2011.0;Condutor            ;Lesões Graves       ;26.0;Masculino           ;0;0;1;0;-19.30619316;-40.08209199
5690;102589.0;222809.0;2018-01-11;quinta-feira;08:20:00;ES;101.0;263;SERRA                                                       ;Sim                 ;Falta de Atenção à Condução                                                                         ;1;Colisão lateral                                                                                                                                                                                         ;Com Vítimas Feridas;Pleno dia           ;Crescente           ;Chuva               ;Dupla               ;Reta                          ;Não       ;182238;Automóvel           ;I                                                 ;2010.0;Passageiro          ;Lesões Leves        ;57.0;Feminino            ;0;1;0;0;-20.16683716;-40.27216405
5691;102589.0;222804.0;2018-01-11;quinta-feira;08:20:00;ES;101.0;263;SERRA                                                       ;Sim                 ;Falta de Atenção à Condução                                                                         ;1;Colisão lateral                                                                                                                                                                                         ;Com Vítimas Feridas;Pleno dia           ;Crescente           ;Chuva               ;Dupla               ;Reta                          ;Não       ;182238;Automóvel           ;I                                                 ;2010.0;Condutor            ;Ileso               ;67.0;Masculino           ;1;0;0;0;-20.16683716;-40.27216405
5692;102589.0;222801.0;2018-01-11;quinta-feira;08:20:00;ES;101.0;263;SERRA                                                       ;Sim                 ;Falta de Atenção à Condução                                                                         ;1;Colisão lateral                                                                                                                                                                                         ;Com Vítimas Feridas;Pleno dia           ;Crescente           ;Chuva               ;Dupla               ;Reta                          ;Não       ;182237;Caminhão-trator     ;SCANIA                                            ;1985.0;Condutor            ;Ileso               ;65.0;Masculino           ;1;0;0;0;-20.16683716;-40.27216405
5725;102600.0;222930.0;2018-01-11;quinta-feira;09:10:00;ES;101.0;294;CARIACICA                                                   ;Sim                 ;Velocidade Incompatível                                                                             ;1;Colisão com objeto estático                                                                                                                                                                             ;Com Vítimas Feridas;Pleno dia           ;Crescente           ;Chuva               ;Dupla               ;Reta                          ;Sim       ;182345;Automóvel           ;FIAT                                              ;2007.0;Condutor            ;Ileso               ;26.0;Masculino           ;1;0;0;0;-20.32704184;-40.39728642
5726;102600.0;222933.0;2018-01-11;quinta-feira;09:10:00;ES;101.0;294;CARIACICA                                                   ;Sim                 ;Velocidade Incompatível                                                                             ;1;Colisão com objeto estático                                                                                                                                                                             ;Com Vítimas Feridas;Pleno dia           ;Crescente           ;Chuva               ;Dupla               ;Reta                          ;Sim       ;182345;Automóvel           ;FIAT                                              ;2007.0;Passageiro          ;Lesões Leves        ;44.0;Feminino            ;0;1;0;0;-20.32704184;-40.39728642
5737;102609.0;222978.0;2018-01-11;quinta-feira;10:00:00;ES;101.0;160;LINHARES                                                    ;Sim                 ;Falta de Atenção à Condução                                                                         ;1;Tombamento                                                                                                                                                                                              ;Com Vítimas Feridas;Pleno dia           ;Crescente           ;Céu Claro           ;Simples             ;Curva                         ;Sim       ;182281;Motocicleta         ;HONDA                                             ;2010.0;Passageiro          ;Lesões Leves        ;22.0;Masculino           ;0;1;0;0;-19.468928899999998;-40.11060387
5738;102609.0;222975.0;2018-01-11;quinta-feira;10:00:00;ES;101.0;160;LINHARES                                                    ;Sim                 ;Falta de Atenção à Condução                                                                         ;1;Tombamento                                                                                                                                                                                              ;Com Vítimas Feridas;Pleno dia           ;Crescente           ;Céu Claro           ;Simples             ;Curva                         ;Sim       ;182281;Motocicleta         ;HONDA                                             ;2010.0;Condutor            ;Lesões Graves       ;28.0;Masculino           ;0;0;1;0;-19.468928899999998;-40.11060387
5783;102636.0;222877.0;2018-01-11;quinta-feira;11:00:00;ES;101.0;305;VIANA                                                       ;Sim                 ;Desobediência às normas de trânsito pelo condutor                                                   ;1;Colisão transversal                                                                                                                                                                                     ;Com Vítimas Feridas;Pleno dia           ;Crescente           ;Céu Claro           ;Dupla               ;Rotatória                     ;Sim       ;182298;Caminhonete         ;GM                                                ;2010.0;Condutor            ;Ileso               ;59.0;Masculino           ;1;0;0;0;-20.384538100000004;-40.46266258
5784;102636.0;222878.0;2018-01-11;quinta-feira;11:00:00;ES;101.0;305;VIANA                                                       ;Sim                 ;Desobediência às normas de trânsito pelo condutor                                                   ;1;Colisão transversal                                                                                                                                                                                     ;Com Vítimas Feridas;Pleno dia           ;Crescente           ;Céu Claro           ;Dupla               ;Rotatória                     ;Sim       ;182299;Motocicleta         ;HONDA                                             ;2009.0;Condutor            ;Lesões Leves        ;43.0;Masculino           ;0;1;0;0;-20.384538100000004;-40.46266258
5911;102699.0;223135.0;2018-01-11;quinta-feira;13:50:00;ES;101.0;356,8;ANCHIETA                                                    ;Sim                 ;Desobediência às normas de trânsito pelo condutor                                                   ;1;Saída de leito carroçável                                                                                                                                                                               ;Sem Vítimas;Pleno dia           ;Decrescente         ;Nublado             ;Simples             ;Reta                          ;Não       ;182497;Caminhão-trator     ;M.BENZ                                            ;1995.0;Condutor            ;Ileso               ;68.0;Masculino           ;1;0;0;0;-20.806316;-40.645905
5912;102700.0;223062.0;2018-01-11;quinta-feira;15:44:00;ES;101.0;181;ARACRUZ                                                     ;Sim                 ;Avarias e/ou desgaste excessivo no pneu                                                             ;1;Queda de ocupante de veículo                                                                                                                                                                            ;Com Vítimas Feridas;Pleno dia           ;Decrescente         ;Céu Claro           ;Simples             ;Reta                          ;Não       ;182436;Motocicleta         ;HONDA                                             ;2012.0;Condutor            ;Ileso               ;31.0;Masculino           ;1;0;0;0;-19.820759;-40.273678000000004
5913;102700.0;223063.0;2018-01-11;quinta-feira;15:44:00;ES;101.0;181;ARACRUZ                                                     ;Sim                 ;Avarias e/ou desgaste excessivo no pneu                                                             ;1;Queda de ocupante de veículo                                                                                                                                                                            ;Com Vítimas Feridas;Pleno dia           ;Decrescente         ;Céu Claro           ;Simples             ;Reta                          ;Não       ;182436;Motocicleta         ;HONDA                                             ;2012.0;Passageiro          ;Lesões Leves        ;42.0;Masculino           ;0;1;0;0;-19.820759;-40.273678000000004
5930;102712.0;223265.0;2018-01-11;quinta-feira;17:20:00;ES;101.0;450,5;MIMOSO DO SUL                                               ;Sim                 ;Condutor Dormindo                                                                                   ;1;Saída de leito carroçável                                                                                                                                                                               ;Com Vítimas Feridas;Pleno dia           ;Decrescente         ;Céu Claro           ;Simples             ;Curva                         ;Não       ;182630;Caminhonete         ;FIAT                                              ;2009.0;Condutor            ;Lesões Graves       ;41.0;Masculino           ;0;0;1;0;-21.06465;-41.366745
5995;102747.0;223278.0;2018-01-11;quinta-feira;20:35:00;ES;101.0;298,1;VIANA                                                       ;Sim                 ;Falta de Atenção do Pedestre                                                                        ;1;Atropelamento de Pedestre                                                                                                                                                                               ;Com Vítimas Fatais;Plena Noite         ;Crescente           ;Céu Claro           ;Múltipla            ;Reta                          ;Sim       ;182637;Automóvel           ;HONDA                                             ;2008.0;Pedestre            ;Óbito               ;51.0;Masculino           ;0;0;0;1;-20.35517614;-40.41712141
5996;102747.0;224294.0;2018-01-11;quinta-feira;20:35:00;ES;101.0;298,1;VIANA                                                       ;Sim                 ;Falta de Atenção do Pedestre                                                                        ;1;Atropelamento de Pedestre                                                                                                                                                                               ;Com Vítimas Fatais;Plena Noite         ;Crescente           ;Céu Claro           ;Múltipla            ;Reta                          ;Sim       ;182637;Automóvel           ;HONDA                                             ;2008.0;Testemunha          ;Não Informado       ;;Não Informado       ;0;0;0;0;-20.35517614;-40.41712141
5997;102747.0;224290.0;2018-01-11;quinta-feira;20:35:00;ES;101.0;298,1;VIANA                                                       ;Sim                 ;Falta de Atenção do Pedestre                                                                        ;1;Atropelamento de Pedestre                                                                                                                                                                               ;Com Vítimas Fatais;Plena Noite         ;Crescente           ;Céu Claro           ;Múltipla            ;Reta                          ;Sim       ;182637;Automóvel           ;HONDA                                             ;2008.0;Passageiro          ;Ileso               ;66.0;Feminino            ;1;0;0;0;-20.35517614;-40.41712141
5998;102747.0;224289.0;2018-01-11;quinta-feira;20:35:00;ES;101.0;298,1;VIANA                                                       ;Sim                 ;Falta de Atenção do Pedestre                                                                        ;1;Atropelamento de Pedestre                                                                                                                                                                               ;Com Vítimas Fatais;Plena Noite         ;Crescente           ;Céu Claro           ;Múltipla            ;Reta                          ;Sim       ;182637;Automóvel           ;HONDA                                             ;2008.0;Testemunha          ;Não Informado       ;;Não Informado       ;0;0;0;0;-20.35517614;-40.41712141
5999;102747.0;224254.0;2018-01-11;quinta-feira;20:35:00;ES;101.0;298,1;VIANA                                                       ;Sim                 ;Falta de Atenção do Pedestre                                                                        ;1;Atropelamento de Pedestre                                                                                                                                                                               ;Com Vítimas Fatais;Plena Noite         ;Crescente           ;Céu Claro           ;Múltipla            ;Reta                          ;Sim       ;182637;Automóvel           ;HONDA                                             ;2008.0;Condutor            ;Ileso               ;67.0;Masculino           ;1;0;0;0;-20.35517614;-40.41712141
6002;102749.0;225516.0;2018-01-11;quinta-feira;20:40:00;ES;101.0;33;CONCEICAO DA BARRA                                          ;Sim                 ;Falta de Atenção à Condução                                                                         ;1;Colisão lateral                                                                                                                                                                                         ;Com Vítimas Fatais;Plena Noite         ;Decrescente         ;Nublado             ;Simples             ;Reta                          ;Sim       ;183677;Caminhão            ;M.BENZ                                            ;1993.0;Condutor            ;Não Informado       ;;Não Informado       ;0;0;0;0;-18.43882541;-39.93290216
6003;102749.0;224451.0;2018-01-11;quinta-feira;20:40:00;ES;101.0;33;CONCEICAO DA BARRA                                          ;Sim                 ;Falta de Atenção à Condução                                                                         ;1;Colisão lateral                                                                                                                                                                                         ;Com Vítimas Fatais;Plena Noite         ;Decrescente         ;Nublado             ;Simples             ;Reta                          ;Sim       ;183667;Automóvel           ;GM                                                ;2002.0;Condutor            ;Óbito               ;41.0;Masculino           ;0;0;0;1;-18.43882541;-39.93290216
6004;102749.0;224457.0;2018-01-11;quinta-feira;20:40:00;ES;101.0;33;CONCEICAO DA BARRA                                          ;Sim                 ;Falta de Atenção à Condução                                                                         ;1;Colisão lateral                                                                                                                                                                                         ;Com Vítimas Fatais;Plena Noite         ;Decrescente         ;Nublado             ;Simples             ;Reta                          ;Sim       ;183667;Automóvel           ;GM                                                ;2002.0;Passageiro          ;Lesões Graves       ;14.0;Masculino           ;0;0;1;0;-18.43882541;-39.93290216
6005;102749.0;224464.0;2018-01-11;quinta-feira;20:40:00;ES;101.0;33;CONCEICAO DA BARRA                                          ;Sim                 ;Falta de Atenção à Condução                                                                         ;1;Colisão lateral                                                                                                                                                                                         ;Com Vítimas Fatais;Plena Noite         ;Decrescente         ;Nublado             ;Simples             ;Reta                          ;Sim       ;183667;Automóvel           ;GM                                                ;2002.0;Passageiro          ;Lesões Leves        ;30.0;Masculino           ;0;1;0;0;-18.43882541;-39.93290216
6006;102749.0;224462.0;2018-01-11;quinta-feira;20:40:00;ES;101.0;33;CONCEICAO DA BARRA                                          ;Sim                 ;Falta de Atenção à Condução                                                                         ;1;Colisão lateral                                                                                                                                                                                         ;Com Vítimas Fatais;Plena Noite         ;Decrescente         ;Nublado             ;Simples             ;Reta                          ;Sim       ;183667;Automóvel           ;GM                                                ;2002.0;Passageiro          ;Lesões Graves       ;3.0;Masculino           ;0;0;1;0;-18.43882541;-39.93290216
6007;102749.0;224455.0;2018-01-11;quinta-feira;20:40:00;ES;101.0;33;CONCEICAO DA BARRA                                          ;Sim                 ;Falta de Atenção à Condução                                                                         ;1;Colisão lateral                                                                                                                                                                                         ;Com Vítimas Fatais;Plena Noite         ;Decrescente         ;Nublado             ;Simples             ;Reta                          ;Sim       ;183667;Automóvel           ;GM                                                ;2002.0;Passageiro          ;Lesões Graves       ;34.0;Feminino            ;0;0;1;0;-18.43882541;-39.93290216
6104;102799.0;231866.0;2018-01-12;sexta-feira;05:30:00;ES;101.0;28;CONCEICAO DA BARRA                                          ;Sim                 ;Pista Escorregadia                                                                                  ;1;Atropelamento de Pedestre                                                                                                                                                                               ;Com Vítimas Feridas;Plena Noite         ;Crescente           ;Céu Claro           ;Simples             ;Reta                          ;Sim       ;189473;Motoneta            ;HONDA                                             ;2013.0;Condutor            ;Lesões Leves        ;31.0;Feminino            ;0;1;0;0;-18.36140911;-39.95319843
6105;102799.0;233797.0;2018-01-12;sexta-feira;05:30:00;ES;101.0;28;CONCEICAO DA BARRA                                          ;Sim                 ;Pista Escorregadia                                                                                  ;1;Atropelamento de Pedestre                                                                                                                                                                               ;Com Vítimas Feridas;Plena Noite         ;Crescente           ;Céu Claro           ;Simples             ;Reta                          ;Sim       ;189473;Motoneta            ;HONDA                                             ;2013.0;Pedestre            ;Lesões Leves        ;;Masculino           ;0;1;0;0;-18.36140911;-39.95319843
6125;102809.0;223297.0;2018-01-12;sexta-feira;06:00:00;ES;101.0;294,8;CARIACICA                                                   ;Não                 ;Ingestão de Álcool                                                                                  ;1;Colisão transversal                                                                                                                                                                                     ;Com Vítimas Feridas;Amanhecer           ;Crescente           ;Céu Claro           ;Múltipla            ;Reta                          ;Sim       ;182659;Automóvel           ;IMP                                               ;1999.0;Condutor            ;Ileso               ;37.0;Masculino           ;1;0;0;0;-20.26437;-40.420345000000005
6126;102809.0;223306.0;2018-01-12;sexta-feira;06:00:00;ES;101.0;294,8;CARIACICA                                                   ;Não                 ;Ingestão de Álcool                                                                                  ;1;Colisão transversal                                                                                                                                                                                     ;Com Vítimas Feridas;Amanhecer           ;Crescente           ;Céu Claro           ;Múltipla            ;Reta                          ;Sim       ;182661;Bicicleta           ;                                                  ;;Condutor            ;Lesões Leves        ;31.0;Masculino           ;0;1;0;0;-20.26437;-40.420345000000005
6137;102817.0;223335.0;2018-01-12;sexta-feira;06:55:00;ES;101.0;305;VIANA                                                       ;Sim                 ;Falta de Atenção à Condução                                                                         ;2;Tombamento                                                                                                                                                                                              ;Com Vítimas Feridas;Pleno dia           ;Crescente           ;Céu Claro           ;Múltipla            ;Interseção de vias            ;Sim       ;182680;Motocicleta         ;HONDA                                             ;2010.0;Condutor            ;Lesões Graves       ;41.0;Masculino           ;0;0;1;0;-20.38451295;-40.46258211
6138;102817.0;223334.0;2018-01-12;sexta-feira;06:55:00;ES;101.0;305;VIANA                                                       ;Sim                 ;Falta de Atenção à Condução                                                                         ;2;Tombamento                                                                                                                                                                                              ;Com Vítimas Feridas;Pleno dia           ;Crescente           ;Céu Claro           ;Múltipla            ;Interseção de vias            ;Sim       ;182679;Automóvel           ;GM                                                ;2001.0;Condutor            ;Ileso               ;56.0;Masculino           ;1;0;0;0;-20.38451295;-40.46258211
6168;102840.0;223570.0;2018-01-12;sexta-feira;08:30:00;ES;101.0;256,4;SERRA                                                       ;Sim                 ;Falta de Atenção à Condução                                                                         ;1;Colisão transversal                                                                                                                                                                                     ;Com Vítimas Feridas;Pleno dia           ;Crescente           ;Sol                 ;Dupla               ;Interseção de vias            ;Sim       ;182894;Motoneta            ;YAMAHA                                            ;2010.0;Condutor            ;Lesões Leves        ;54.0;Masculino           ;0;1;0;0;-20.12248379;-40.3056863
6169;102840.0;223568.0;2018-01-12;sexta-feira;08:30:00;ES;101.0;256,4;SERRA                                                       ;Sim                 ;Falta de Atenção à Condução                                                                         ;1;Colisão transversal                                                                                                                                                                                     ;Com Vítimas Feridas;Pleno dia           ;Crescente           ;Sol                 ;Dupla               ;Interseção de vias            ;Sim       ;182892;Motoneta            ;HONDA                                             ;2013.0;Passageiro          ;Lesões Leves        ;11.0;Feminino            ;0;1;0;0;-20.12248379;-40.3056863
6170;102840.0;223567.0;2018-01-12;sexta-feira;08:30:00;ES;101.0;256,4;SERRA                                                       ;Sim                 ;Falta de Atenção à Condução                                                                         ;1;Colisão transversal                                                                                                                                                                                     ;Com Vítimas Feridas;Pleno dia           ;Crescente           ;Sol                 ;Dupla               ;Interseção de vias            ;Sim       ;182892;Motoneta            ;HONDA                                             ;2013.0;Condutor            ;Lesões Leves        ;32.0;Feminino            ;0;1;0;0;-20.12248379;-40.3056863
6177;102845.0;226120.0;2018-01-12;sexta-feira;09:40:00;ES;101.0;296;CARIACICA                                                   ;Sim                 ;Falta de Atenção à Condução                                                                         ;1;Engavetamento                                                                                                                                                                                           ;Com Vítimas Feridas;Pleno dia           ;Decrescente         ;Céu Claro           ;Dupla               ;Reta                          ;Não       ;184733;Caminhão-trator     ;SCANIA                                            ;2014.0;Condutor            ;Lesões Leves        ;32.0;Masculino           ;0;1;0;0;-20.26437;-40.420345000000005