;id;pesid;data_inversa;dia_semana;horario;uf;br;km;municipio;causa_principal;causa_acidente;ordem_tipo_acidente;tipo_acidente;classificacao_acidente;fase_dia;sentido_via;condicao_metereologica;tipo_pista;tracado_via;uso_solo;id_veiculo;tipo_veiculo;marca;ano_fabricacao_veiculo;tipo_envolvido;estado_fisico;idade;sexo;ilesos;feridos_leves;feridos_graves;mortos;latitude;longitude
9052;104263.0;230637.0;2018-01-18;quinta-feira;06:45:00;ES;101.0;141,1;LINHARES                                                    ;Sim                 ;Não guardar distância de segurança                                                                  ;1;Colisão traseira                                                                                                                                                                                        ;Com Vítimas Feridas;Pleno dia           ;Crescente           ;Céu Claro           ;Múltipla            ;Reta                          ;Sim       ;185304;Automóvel           ;VW                                                ;2006.0;Condutor            ;Ileso               ;43.0;Masculino           ;1;0;0;0;-19.39159;-40.072563
9087;104281.0;226820.0;2018-01-18;quinta-feira;07:48:00;ES;101.0;171,1;LINHARES                                                    ;Sim                 ;Condutor Dormindo                                                                                   ;2;Capotamento                                                                                                                                                                                             ;Com Vítimas Feridas;Amanhecer           ;Crescente           ;Céu Claro           ;Simples             ;Curva                         ;Não       ;185345;Caminhão-trator     ;M.BENZ                                            ;2007.0;Condutor            ;Ileso               ;43.0;Masculino           ;1;0;0;0;-19.55973943;-40.17509857
9088;104281.0;226817.0;2018-01-18;quinta-feira;07:48:00;ES;101.0;171,1;LINHARES                                                    ;Sim                 ;Condutor Dormindo                                                                                   ;2;Capotamento                                                                                                                                                                                             ;Com Vítimas Feridas;Amanhecer           ;Crescente           ;Céu Claro           ;Simples             ;Curva                         ;Não       ;185340;Automóvel           ;CHEVROLET                                         ;2016.0;Condutor            ;Lesões Leves        ;32.0;Masculino           ;0;1;0;0;-19.55973943;-40.17509857
9089;104281.0;226819.0;2018-01-18;quinta-feira;07:48:00;ES;101.0;171,1;LINHARES                                                    ;Sim                 ;Condutor Dormindo                                                                                   ;2;Capotamento                                                                                                                                                                                             ;Com Vítimas Feridas;Amanhecer           ;Crescente           ;Céu Claro           ;Simples             ;Curva                         ;Não       ;185340;Automóvel           ;CHEVROLET                                         ;2016.0;Passageiro          ;Ileso               ;38.0;Masculino           ;1;0;0;0;-19.55973943;-40.17509857
9157;104315.0;227120.0;2018-01-18;quinta-feira;10:50:00;ES;101.0;158;LINHARES                                                    ;Sim                 ;Não guardar distância de segurança                                                                  ;1;Colisão traseira                                                                                                                                                                                        ;Com Vítimas Feridas;Pleno dia           ;Decrescente         ;Céu Claro           ;Simples             ;Reta                          ;Não       ;185429;Motocicleta         ;HONDA                                             ;2005.0;Condutor            ;Lesões Leves        ;34.0;Masculino           ;0;1;0;0;-19.39159;-40.072563
9158;104315.0;227118.0;2018-01-18;quinta-feira;10:50:00;ES;101.0;158;LINHARES                                                    ;Sim                 ;Não guardar distância de segurança                                                                  ;1;Colisão traseira                                                                                                                                                                                        ;Com Vítimas Feridas;Pleno dia           ;Decrescente         ;Céu Claro           ;Simples             ;Reta                          ;Não       ;185428;Caminhão            ;M.BENZ                                            ;1984.0;Condutor            ;Ileso               ;36.0;Masculino           ;1;0;0;0;-19.39159;-40.072563
9195;104336.0;227189.0;2018-01-18;quinta-feira;12:40:00;ES;101.0;147;LINHARES                                                    ;Sim                 ;Falta de Atenção à Condução                                                                         ;1;Colisão transversal                                                                                                                                                                                     ;Com Vítimas Feridas;Pleno dia           ;Decrescente         ;Chuva               ;Múltipla            ;Reta                          ;Sim       ;185426;Caminhão            ;VOLKSWAGEN                                        ;1990.0;Condutor            ;Ileso               ;45.0;Masculino           ;1;0;0;0;-19.39159;-40.072563
9196;104336.0;227190.0;2018-01-18;quinta-feira;12:40:00;ES;101.0;147;LINHARES                                                    ;Sim                 ;Falta de Atenção à Condução                                                                         ;1;Colisão transversal                                                                                                                                                                                     ;Com Vítimas Feridas;Pleno dia           ;Decrescente         ;Chuva               ;Múltipla            ;Reta                          ;Sim       ;185427;Motocicleta         ;HONDA                                             ;2014.0;Condutor            ;Lesões Graves       ;40.0;Masculino           ;0;0;1;0;-19.39159;-40.072563
9251;104365.0;227263.0;2018-01-18;quinta-feira;15:00:00;ES;101.0;386,7;CACHOEIRO DE ITAPEMIRIM                                     ;Sim                 ;Falta de Atenção à Condução                                                                         ;1;Colisão lateral                                                                                                                                                                                         ;Com Vítimas Feridas;Pleno dia           ;Crescente           ;Céu Claro           ;Simples             ;Curva                         ;Não       ;185704;Automóvel           ;I                                                 ;2011.0;Condutor            ;Lesões Leves        ;43.0;Masculino           ;0;1;0;0;-20.849370999999998;-41.113132
9252;104365.0;227264.0;2018-01-18;quinta-feira;15:00:00;ES;101.0;386,7;CACHOEIRO DE ITAPEMIRIM                                     ;Sim                 ;Falta de Atenção à Condução                                                                         ;1;Colisão lateral                                                                                                                                                                                         ;Com Vítimas Feridas;Pleno dia           ;Crescente           ;Céu Claro           ;Simples             ;Curva                         ;Não       ;185705;Caminhão-trator     ;SCANIA                                            ;2012.0;Condutor            ;Ileso               ;41.0;Masculino           ;1;0;0;0;-20.849370999999998;-41.113132
9291;104389.0;227011.0;2018-01-18;quinta-feira;15:30:00;ES;101.0;123;SOORETAMA                                                   ;Sim                 ;Defeito na Via                                                                                      ;1;Danos eventuais                                                                                                                                                                                         ;Sem Vítimas;Pleno dia           ;Decrescente         ;Céu Claro           ;Simples             ;Reta                          ;Não       ;185515;Automóvel           ;FIAT                                              ;2013.0;Condutor            ;Ileso               ;42.0;Masculino           ;1;0;0;0;-19.197422;-40.098118
9293;104391.0;227256.0;2018-01-18;quinta-feira;17:25:00;ES;101.0;147;LINHARES                                                    ;Sim                 ;Não guardar distância de segurança                                                                  ;1;Colisão traseira                                                                                                                                                                                        ;Com Vítimas Feridas;Pleno dia           ;Decrescente         ;Céu Claro           ;Simples             ;Reta                          ;Não       ;185577;Motocicleta         ;HONDA                                             ;2008.0;Condutor            ;Lesões Leves        ;32.0;Masculino           ;0;1;0;0;-19.36896318;-40.06519943
9294;104391.0;227255.0;2018-01-18;quinta-feira;17:25:00;ES;101.0;147;LINHARES                                                    ;Sim                 ;Não guardar distância de segurança                                                                  ;1;Colisão traseira                                                                                                                                                                                        ;Com Vítimas Feridas;Pleno dia           ;Decrescente         ;Céu Claro           ;Simples             ;Reta                          ;Não       ;185576;Caminhão            ;M.BENZ                                            ;2011.0;Condutor            ;Ileso               ;36.0;Masculino           ;1;0;0;0;-19.36896318;-40.06519943
9309;104399.0;227245.0;2018-01-18;quinta-feira;17:50:00;ES;101.0;266;SERRA                                                       ;Sim                 ;Desobediência às normas de trânsito pelo condutor                                                   ;1;Colisão transversal                                                                                                                                                                                     ;Com Vítimas Feridas;Pleno dia           ;Decrescente         ;Céu Claro           ;Múltipla            ;Interseção de vias            ;Sim       ;185690;Automóvel           ;TOYOTA                                            ;2010.0;Passageiro          ;Ileso               ;19.0;Feminino            ;1;0;0;0;-20.19567899;-40.26870039
9310;104399.0;227243.0;2018-01-18;quinta-feira;17:50:00;ES;101.0;266;SERRA                                                       ;Sim                 ;Desobediência às normas de trânsito pelo condutor                                                   ;1;Colisão transversal                                                                                                                                                                                     ;Com Vítimas Feridas;Pleno dia           ;Decrescente         ;Céu Claro           ;Múltipla            ;Interseção de vias            ;Sim       ;185690;Automóvel           ;TOYOTA                                            ;2010.0;Condutor            ;Lesões Leves        ;49.0;Feminino            ;0;1;0;0;-20.19567899;-40.26870039
9311;104399.0;227247.0;2018-01-18;quinta-feira;17:50:00;ES;101.0;266;SERRA                                                       ;Sim                 ;Desobediência às normas de trânsito pelo condutor                                                   ;1;Colisão transversal                                                                                                                                                                                     ;Com Vítimas Feridas;Pleno dia           ;Decrescente         ;Céu Claro           ;Múltipla            ;Interseção de vias            ;Sim       ;185689;Caminhonete         ;PEUGEOT                                           ;2014.0;Passageiro          ;Lesões Leves        ;48.0;Masculino           ;0;1;0;0;-20.19567899;-40.26870039
9312;104399.0;227242.0;2018-01-18;quinta-feira;17:50:00;ES;101.0;266;SERRA                                                       ;Sim                 ;Desobediência às normas de trânsito pelo condutor                                                   ;1;Colisão transversal                                                                                                                                                                                     ;Com Vítimas Feridas;Pleno dia           ;Decrescente         ;Céu Claro           ;Múltipla            ;Interseção de vias            ;Sim       ;185689;Caminhonete         ;PEUGEOT                                           ;2014.0;Condutor            ;Ileso               ;33.0;Masculino           ;1;0;0;0;-20.19567899;-40.26870039
9313;104399.0;227249.0;2018-01-18;quinta-feira;17:50:00;ES;101.0;266;SERRA                                                       ;Sim                 ;Desobediência às normas de trânsito pelo condutor                                                   ;1;Colisão transversal                                                                                                                                                                                     ;Com Vítimas Feridas;Pleno dia           ;Decrescente         ;Céu Claro           ;Múltipla            ;Interseção de vias            ;Sim       ;185689;Caminhonete         ;PEUGEOT                                           ;2014.0;Passageiro          ;Lesões Leves        ;24.0;Masculino           ;0;1;0;0;-20.19567899;-40.26870039
9314;104399.0;227248.0;2018-01-18;quinta-feira;17:50:00;ES;101.0;266;SERRA                                                       ;Sim                 ;Desobediência às normas de trânsito pelo condutor                                                   ;1;Colisão transversal                                                                                                                                                                                     ;Com Vítimas Feridas;Pleno dia           ;Decrescente         ;Céu Claro           ;Múltipla            ;Interseção de vias            ;Sim       ;185689;Caminhonete         ;PEUGEOT                                           ;2014.0;Passageiro          ;Lesões Leves        ;23.0;Masculino           ;0;1;0;0;-20.19567899;-40.26870039
9326;104404.0;227277.0;2018-01-18;quinta-feira;18:20:00;ES;101.0;122;SOORETAMA                                                   ;Sim                 ;Não guardar distância de segurança                                                                  ;1;Colisão traseira                                                                                                                                                                                        ;Com Vítimas Feridas;Pleno dia           ;Crescente           ;Céu Claro           ;Simples             ;Reta                          ;Não       ;185587;Motocicleta         ;HONDA                                             ;2006.0;Condutor            ;Ileso               ;39.0;Masculino           ;1;0;0;0;-19.16835643;-40.08718684
9327;104404.0;227275.0;2018-01-18;quinta-feira;18:20:00;ES;101.0;122;SOORETAMA                                                   ;Sim                 ;Não guardar distância de segurança                                                                  ;1;Colisão traseira                                                                                                                                                                                        ;Com Vítimas Feridas;Pleno dia           ;Crescente           ;Céu Claro           ;Simples             ;Reta                          ;Não       ;185586;Automóvel           ;TOYOTA                                            ;2016.0;Condutor            ;Ileso               ;31.0;Masculino           ;1;0;0;0;-19.16835643;-40.08718684
9328;104404.0;227278.0;2018-01-18;quinta-feira;18:20:00;ES;101.0;122;SOORETAMA                                                   ;Sim                 ;Não guardar distância de segurança                                                                  ;1;Colisão traseira                                                                                                                                                                                        ;Com Vítimas Feridas;Pleno dia           ;Crescente           ;Céu Claro           ;Simples             ;Reta                          ;Não       ;185587;Motocicleta         ;HONDA                                             ;2006.0;Passageiro          ;Lesões Graves       ;35.0;Feminino            ;0;0;1;0;-19.16835643;-40.08718684
9547;104514.0;227367.0;2018-01-19;sexta-feira;08:00:00;ES;101.0;266,3;SERRA                                                       ;Sim                 ;Animais na Pista                                                                                    ;1;Atropelamento de Animal                                                                                                                                                                                 ;Com Vítimas Feridas;Pleno dia           ;Crescente           ;Céu Claro           ;Dupla               ;Interseção de vias            ;Sim       ;185798;Motocicleta         ;HONDA                                             ;2005.0;Condutor            ;Lesões Leves        ;34.0;Masculino           ;0;1;0;0;-20.19374066;-40.268628899999996
9683;104602.0;227537.0;2018-01-19;sexta-feira;13:20:00;ES;101.0;330,1;GUARAPARI                                                   ;Sim                 ;Falta de Atenção à Condução                                                                         ;1;Colisão traseira                                                                                                                                                                                        ;Com Vítimas Feridas;Pleno dia           ;Crescente           ;Céu Claro           ;Simples             ;Curva                         ;Sim       ;185932;Caminhão            ;FORD                                              ;2006.0;Condutor            ;Ileso               ;40.0;Masculino           ;1;0;0;0;-20.66715;-40.49785
9684;104602.0;227533.0;2018-01-19;sexta-feira;13:20:00;ES;101.0;330,1;GUARAPARI                                                   ;Sim                 ;Falta de Atenção à Condução                                                                         ;1;Colisão traseira                                                                                                                                                                                        ;Com Vítimas Feridas;Pleno dia           ;Crescente           ;Céu Claro           ;Simples             ;Curva                         ;Sim       ;185931;Utilitário          ;TROLLER                                           ;2012.0;Passageiro          ;Lesões Leves        ;30.0;Feminino            ;0;1;0;0;-20.66715;-40.49785
9685;104602.0;227527.0;2018-01-19;sexta-feira;13:20:00;ES;101.0;330,1;GUARAPARI                                                   ;Sim                 ;Falta de Atenção à Condução                                                                         ;1;Colisão traseira                                                                                                                                                                                        ;Com Vítimas Feridas;Pleno dia           ;Crescente           ;Céu Claro           ;Simples             ;Curva                         ;Sim       ;185931;Utilitário          ;TROLLER                                           ;2012.0;Passageiro          ;Lesões Leves        ;37.0;Masculino           ;0;1;0;0;-20.66715;-40.49785
9686;104602.0;227524.0;2018-01-19;sexta-feira;13:20:00;ES;101.0;330,1;GUARAPARI                                                   ;Sim                 ;Falta de Atenção à Condução                                                                         ;1;Colisão traseira                                                                                                                                                                                        ;Com Vítimas Feridas;Pleno dia           ;Crescente           ;Céu Claro           ;Simples             ;Curva                         ;Sim       ;185931;Utilitário          ;TROLLER                                           ;2012.0;Condutor            ;Ileso               ;67.0;Masculino           ;1;0;0;0;-20.66715;-40.49785
9809;104660.0;227584.0;2018-01-19;sexta-feira;17:40:00;ES;101.0;234,3;FUNDAO                                                      ;Sim                 ;Falta de Atenção à Condução                                                                         ;2;Queda de ocupante de veículo                                                                                                                                                                            ;Com Vítimas Feridas;Pleno dia           ;Crescente           ;Céu Claro           ;Simples             ;Curva                         ;Não       ;185983;Motocicleta         ;I                                                 ;2005.0;Condutor            ;Lesões Graves       ;36.0;Masculino           ;0;0;1;0;-19.9354;-40.4068
10044;104779.0;228626.0;2018-01-20;sábado;02:20:00;ES;101.0;169;ARACRUZ                                                     ;Sim                 ;Condutor Dormindo                                                                                   ;1;Saída de leito carroçável                                                                                                                                                                               ;Com Vítimas Feridas;Plena Noite         ;Crescente           ;Céu Claro           ;Simples             ;Reta                          ;Não       ;186899;Caminhão            ;FORD                                              ;2007.0;Condutor            ;Lesões Leves        ;43.0;Masculino           ;0;1;0;0;-19.820759;-40.273678000000004
10146;104831.0;228109.0;2018-01-20;sábado;09:15:00;ES;101.0;239;FUNDAO                                                      ;Sim                 ;Desobediência às normas de trânsito pelo condutor                                                   ;2;Queda de ocupante de veículo                                                                                                                                                                            ;Com Vítimas Feridas;Pleno dia           ;Decrescente         ;Sol                 ;Simples             ;Reta                          ;Não       ;186452;Motocicleta         ;I                                                 ;2008.0;Condutor            ;Lesões Graves       ;38.0;Masculino           ;0;0;1;0;-20.00937306;-40.40707111
10147;104831.0;228111.0;2018-01-20;sábado;09:15:00;ES;101.0;239;FUNDAO                                                      ;Sim                 ;Desobediência às normas de trânsito pelo condutor                                                   ;2;Queda de ocupante de veículo                                                                                                                                                                            ;Com Vítimas Feridas;Pleno dia           ;Decrescente         ;Sol                 ;Simples             ;Reta                          ;Não       ;186452;Motocicleta         ;I                                                 ;2008.0;Testemunha          ;Não Informado       ;;Não Informado       ;0;0;0;0;-20.00937306;-40.40707111
10148;104831.0;228110.0;2018-01-20;sábado;09:15:00;ES;101.0;239;FUNDAO                                                      ;Sim                 ;Desobediência às normas de trânsito pelo condutor                                                   ;2;Queda de ocupante de veículo                                                                                                                                                                            ;Com Vítimas Feridas;Pleno dia           ;Decrescente         ;Sol                 ;Simples             ;Reta                          ;Não       ;186452;Motocicleta         ;I                                                 ;2008.0;Testemunha          ;Não Informado       ;;Não Informado       ;0;0;0;0;-20.00937306;-40.40707111
10234;104867.0;228074.0;2018-01-20;sábado;13:00:00;ES;101.0;293;CARIACICA                                                   ;Sim                 ;Falta de Atenção à Condução                                                                         ;1;Colisão lateral                                                                                                                                                                                         ;Com Vítimas Feridas;Pleno dia           ;Crescente           ;Céu Claro           ;Múltipla            ;Retorno Regulamentado         ;Sim       ;186419;Automóvel           ;                                                  ;;Condutor            ;Ileso               ;;Ignorado            ;1;0;0;0;-20.31577345;-40.39554834
10235;104867.0;228060.0;2018-01-20;sábado;13:00:00;ES;101.0;293;CARIACICA                                                   ;Sim                 ;Falta de Atenção à Condução                                                                         ;1;Colisão lateral                                                                                                                                                                                         ;Com Vítimas Feridas;Pleno dia           ;Crescente           ;Céu Claro           ;Múltipla            ;Retorno Regulamentado         ;Sim       ;186413;Motoneta            ;HONDA                                             ;2011.0;Passageiro          ;Lesões Leves        ;25.0;Feminino            ;0;1;0;0;-20.31577345;-40.39554834
10236;104867.0;228051.0;2018-01-20;sábado;13:00:00;ES;101.0;293;CARIACICA                                                   ;Sim                 ;Falta de Atenção à Condução                                                                         ;1;Colisão lateral                                                                                                                                                                                         ;Com Vítimas Feridas;Pleno dia           ;Crescente           ;Céu Claro           ;Múltipla            ;Retorno Regulamentado         ;Sim       ;186413;Motoneta            ;HONDA                                             ;2011.0;Condutor            ;Lesões Leves        ;29.0;Masculino           ;0;1;0;0;-20.31577345;-40.39554834
10794;105143.0;228627.0;2018-01-21;domingo;13:15:00;ES;101.0;279,6;SERRA                                                       ;Sim                 ;Falta de Atenção à Condução                                                                         ;1;Colisão traseira                                                                                                                                                                                        ;Com Vítimas Feridas;Pleno dia           ;Decrescente         ;Céu Claro           ;Dupla               ;Interseção de vias            ;Não       ;186894;Automóvel           ;VW                                                ;1998.0;Passageiro          ;Lesões Leves        ;8.0;Feminino            ;0;1;0;0;-20.21856968;-40.34570217
10795;105143.0;228623.0;2018-01-21;domingo;13:15:00;ES;101.0;279,6;SERRA                                                       ;Sim                 ;Falta de Atenção à Condução                                                                         ;1;Colisão traseira                                                                                                                                                                                        ;Com Vítimas Feridas;Pleno dia           ;Decrescente         ;Céu Claro           ;Dupla               ;Interseção de vias            ;Não       ;186894;Automóvel           ;VW                                                ;1998.0;Condutor            ;Ileso               ;36.0;Masculino           ;1;0;0;0;-20.21856968;-40.34570217
10796;105143.0;228620.0;2018-01-21;domingo;13:15:00;ES;101.0;279,6;SERRA                                                       ;Sim                 ;Falta de Atenção à Condução                                                                         ;1;Colisão traseira                                                                                                                                                                                        ;Com Vítimas Feridas;Pleno dia           ;Decrescente         ;Céu Claro           ;Dupla               ;Interseção de vias            ;Não       ;186890;Caminhonete         ;GM                                                ;2007.0;Condutor            ;Ileso               ;63.0;Masculino           ;1;0;0;0;-20.21856968;-40.34570217
11002;105239.0;228732.0;2018-01-21;domingo;18:50:00;ES;101.0;93,2;JAGUARE                                                     ;Sim                 ;Falta de Atenção à Condução                                                                         ;1;Colisão frontal                                                                                                                                                                                         ;Com Vítimas Feridas;Plena Noite         ;Crescente           ;Céu Claro           ;Simples             ;Reta                          ;Sim       ;186993;Motoneta            ;                                                  ;;Condutor            ;Lesões Graves       ;86.0;Masculino           ;0;0;1;0;-18.92632356;-39.96953583
11003;105239.0;228727.0;2018-01-21;domingo;18:50:00;ES;101.0;93,2;JAGUARE                                                     ;Sim                 ;Falta de Atenção à Condução                                                                         ;1;Colisão frontal                                                                                                                                                                                         ;Com Vítimas Feridas;Plena Noite         ;Crescente           ;Céu Claro           ;Simples             ;Reta                          ;Sim       ;186991;Ônibus              ;MBENZ                                             ;2011.0;Condutor            ;Ileso               ;42.0;Masculino           ;1;0;0;0;-18.92632356;-39.96953583
11184;105328.0;233147.0;2018-01-22;segunda-feira;02:20:00;ES;101.0;398,2;RIO NOVO DO SUL                                             ;Sim                 ;Velocidade Incompatível                                                                             ;1;Tombamento                                                                                                                                                                                              ;Com Vítimas Feridas;Plena Noite         ;Crescente           ;Céu Claro           ;Dupla               ;Curva                         ;Não       ;190361;Caminhão            ;M.BENZ                                            ;2003.0;Condutor            ;Lesões Leves        ;41.0;Masculino           ;0;1;0;0;-20.87451619;-40.96156687
11454;105411.0;231224.0;2018-01-22;segunda-feira;12:00:00;ES;101.0;117;SOORETAMA                                                   ;Sim                 ;Falta de Atenção à Condução                                                                         ;1;Engavetamento                                                                                                                                                                                           ;Com Vítimas Feridas;Pleno dia           ;Crescente           ;Céu Claro           ;Simples             ;Não Informado                 ;Não       ;188930;Camioneta           ;I                                                 ;1995.0;Passageiro          ;Lesões Leves        ;0.0;Masculino           ;0;1;0;0;-19.197422;-40.098118
11455;105411.0;231223.0;2018-01-22;segunda-feira;12:00:00;ES;101.0;117;SOORETAMA                                                   ;Sim                 ;Falta de Atenção à Condução                                                                         ;1;Engavetamento                                                                                                                                                                                           ;Com Vítimas Feridas;Pleno dia           ;Crescente           ;Céu Claro           ;Simples             ;Não Informado                 ;Não       ;188930;Camioneta           ;I                                                 ;1995.0;Condutor            ;Lesões Leves        ;59.0;Masculino           ;0;1;0;0;-19.197422;-40.098118
11456;105411.0;231243.0;2018-01-22;segunda-feira;12:00:00;ES;101.0;117;SOORETAMA                                                   ;Sim                 ;Falta de Atenção à Condução                                                                         ;1;Engavetamento                                                                                                                                                                                           ;Com Vítimas Feridas;Pleno dia           ;Crescente           ;Céu Claro           ;Simples             ;Não Informado                 ;Não       ;188934;Caminhão            ;M.BENZ                                            ;2004.0;Condutor            ;Ileso               ;57.0;Masculino           ;1;0;0;0;-19.197422;-40.098118
11457;105411.0;231150.0;2018-01-22;segunda-feira;12:00:00;ES;101.0;117;SOORETAMA                                                   ;Sim                 ;Falta de Atenção à Condução                                                                         ;1;Engavetamento                                                                                                                                                                                           ;Com Vítimas Feridas;Pleno dia           ;Crescente           ;Céu Claro           ;Simples             ;Não Informado                 ;Não       ;187438;Automóvel           ;FIAT                                              ;2012.0;Passageiro          ;Lesões Leves        ;40.0;Feminino            ;0;1;0;0;-19.197422;-40.098118
11458;105411.0;231149.0;2018-01-22;segunda-feira;12:00:00;ES;101.0;117;SOORETAMA                                                   ;Sim                 ;Falta de Atenção à Condução                                                                         ;1;Engavetamento                                                                                                                                                                                           ;Com Vítimas Feridas;Pleno dia           ;Crescente           ;Céu Claro           ;Simples             ;Não Informado                 ;Não       ;187438;Automóvel           ;FIAT                                              ;2012.0;Passageiro          ;Lesões Leves        ;36.0;Feminino            ;0;1;0;0;-19.197422;-40.098118
11459;105411.0;231148.0;2018-01-22;segunda-feira;12:00:00;ES;101.0;117;SOORETAMA                                                   ;Sim                 ;Falta de Atenção à Condução                                                                         ;1;Engavetamento                                                                                                                                                                                           ;Com Vítimas Feridas;Pleno dia           ;Crescente           ;Céu Claro           ;Simples             ;Não Informado                 ;Não       ;187438;Automóvel           ;FIAT                                              ;2012.0;Condutor            ;Lesões Leves        ;38.0;Feminino            ;0;1;0;0;-19.197422;-40.098118
11460;105411.0;229330.0;2018-01-22;segunda-feira;12:00:00;ES;101.0;117;SOORETAMA                                                   ;Sim                 ;Falta de Atenção à Condução                                                                         ;1;Engavetamento                                                                                                                                                                                           ;Com Vítimas Feridas;Pleno dia           ;Crescente           ;Céu Claro           ;Simples             ;Não Informado                 ;Não       ;187423;Caminhão            ;M.BENZ                                            ;1971.0;Condutor            ;Lesões Leves        ;69.0;Masculino           ;0;1;0;0;-19.197422;-40.098118
11461;105411.0;231074.0;2018-01-22;segunda-feira;12:00:00;ES;101.0;117;SOORETAMA                                                   ;Sim                 ;Falta de Atenção à Condução                                                                         ;1;Engavetamento                                                                                                                                                                                           ;Com Vítimas Feridas;Pleno dia           ;Crescente           ;Céu Claro           ;Simples             ;Não Informado                 ;Não       ;187434;Automóvel           ;VW                                                ;2014.0;Passageiro          ;Lesões Leves        ;6.0;Feminino            ;0;1;0;0;-19.197422;-40.098118
11462;105411.0;231073.0;2018-01-22;segunda-feira;12:00:00;ES;101.0;117;SOORETAMA                                                   ;Sim                 ;Falta de Atenção à Condução                                                                         ;1;Engavetamento                                                                                                                                                                                           ;Com Vítimas Feridas;Pleno dia           ;Crescente           ;Céu Claro           ;Simples             ;Não Informado                 ;Não       ;187434;Automóvel           ;VW                                                ;2014.0;Passageiro          ;Lesões Leves        ;0.0;Feminino            ;0;1;0;0;-19.197422;-40.098118
11463;105411.0;231072.0;2018-01-22;segunda-feira;12:00:00;ES;101.0;117;SOORETAMA                                                   ;Sim                 ;Falta de Atenção à Condução                                                                         ;1;Engavetamento                                                                                                                                                                                           ;Com Vítimas Feridas;Pleno dia           ;Crescente           ;Céu Claro           ;Simples             ;Não Informado                 ;Não       ;187434;Automóvel           ;VW                                                ;2014.0;Condutor            ;Lesões Leves        ;30.0;Masculino           ;0;1;0;0;-19.197422;-40.098118
11464;105411.0;231096.0;2018-01-22;segunda-feira;12:00:00;ES;101.0;117;SOORETAMA                                                   ;Sim                 ;Falta de Atenção à Condução                                                                         ;1;Engavetamento                                                                                                                                                                                           ;Com Vítimas Feridas;Pleno dia           ;Crescente           ;Céu Claro           ;Simples             ;Não Informado                 ;Não       ;187426;Automóvel           ;TOYOTA                                            ;2015.0;Passageiro          ;Lesões Leves        ;50.0;Feminino            ;0;1;0;0;-19.197422;-40.098118
11465;105411.0;229511.0;2018-01-22;segunda-feira;12:00:00;ES;101.0;117;SOORETAMA                                                   ;Sim                 ;Falta de Atenção à Condução                                                                         ;1;Engavetamento                                                                                                                                                                                           ;Com Vítimas Feridas;Pleno dia           ;Crescente           ;Céu Claro           ;Simples             ;Não Informado                 ;Não       ;187426;Automóvel           ;TOYOTA                                            ;2015.0;Condutor            ;Lesões Leves        ;23.0;Masculino           ;0;1;0;0;-19.197422;-40.098118
11466;105411.0;229336.0;2018-01-22;segunda-feira;12:00:00;ES;101.0;117;SOORETAMA                                                   ;Sim                 ;Falta de Atenção à Condução                                                                         ;1;Engavetamento                                                                                                                                                                                           ;Com Vítimas Feridas;Pleno dia           ;Crescente           ;Céu Claro           ;Simples             ;Não Informado                 ;Não       ;187424;Automóvel           ;I                                                 ;2012.0;Condutor            ;Ileso               ;29.0;Masculino           ;1;0;0;0;-19.197422;-40.098118
11467;105411.0;229510.0;2018-01-22;segunda-feira;12:00:00;ES;101.0;117;SOORETAMA                                                   ;Sim                 ;Falta de Atenção à Condução                                                                         ;1;Engavetamento                                                                                                                                                                                           ;Com Vítimas Feridas;Pleno dia           ;Crescente           ;Céu Claro           ;Simples             ;Não Informado                 ;Não       ;187425;Motocicleta         ;HONDA                                             ;2016.0;Passageiro          ;Lesões Graves       ;25.0;Masculino           ;0;0;1;0;-19.197422;-40.098118
11468;105411.0;229508.0;2018-01-22;segunda-feira;12:00:00;ES;101.0;117;SOORETAMA                                                   ;Sim                 ;Falta de Atenção à Condução                                                                         ;1;Engavetamento                                                                                                                                                                                           ;Com Vítimas Feridas;Pleno dia           ;Crescente           ;Céu Claro           ;Simples             ;Não Informado                 ;Não       ;187425;Motocicleta         ;HONDA                                             ;2016.0;Condutor            ;Lesões Graves       ;43.0;Masculino           ;0;0;1;0;-19.197422;-40.098118
11522;105438.0;233504.0;2018-01-22;segunda-feira;14:20:00;ES;101.0;343,2;GUARAPARI                                                   ;Sim                 ;Falta de Atenção à Condução                                                                         ;1;Atropelamento de Pedestre                                                                                                                                                                               ;Com Vítimas Feridas;Pleno dia           ;Crescente           ;Céu Claro           ;Simples             ;Reta                          ;Não       ;187318;Caminhão-trator     ;                                                  ;;Condutor            ;Ileso               ;;Ignorado            ;1;0;0;0;-20.66348049;-40.59309572
11523;105438.0;233496.0;2018-01-22;segunda-feira;14:20:00;ES;101.0;343,2;GUARAPARI                                                   ;Sim                 ;Falta de Atenção à Condução                                                                         ;1;Atropelamento de Pedestre                                                                                                                                                                               ;Com Vítimas Feridas;Pleno dia           ;Crescente           ;Céu Claro           ;Simples             ;Reta                          ;Não       ;187318;Caminhão-trator     ;                                                  ;;Pedestre            ;Lesões Leves        ;71.0;Masculino           ;0;1;0;0;-20.66348049;-40.59309572