;id;pesid;data_inversa;dia_semana;horario;uf;br;km;municipio;causa_principal;causa_acidente;ordem_tipo_acidente;tipo_acidente;classificacao_acidente;fase_dia;sentido_via;condicao_metereologica;tipo_pista;tracado_via;uso_solo;id_veiculo;tipo_veiculo;marca;ano_fabricacao_veiculo;tipo_envolvido;estado_fisico;idade;sexo;ilesos;feridos_leves;feridos_graves;mortos;latitude;longitude
13533;106447.0;231504.0;2018-01-27;sábado;04:00:00;ES;101.0;285;CARIACICA                                                   ;Sim                 ;Velocidade Incompatível                                                                             ;1;Capotamento                                                                                                                                                                                             ;Com Vítimas Feridas;Plena Noite         ;Decrescente         ;Céu Claro           ;Dupla               ;Reta                          ;Não       ;189190;Automóvel           ;FIAT                                              ;2012.0;Passageiro          ;Lesões Leves        ;19.0;Masculino           ;0;1;0;0;-20.254547600000002;-40.3745842
13534;106447.0;231503.0;2018-01-27;sábado;04:00:00;ES;101.0;285;CARIACICA                                                   ;Sim                 ;Velocidade Incompatível                                                                             ;1;Capotamento                                                                                                                                                                                             ;Com Vítimas Feridas;Plena Noite         ;Decrescente         ;Céu Claro           ;Dupla               ;Reta                          ;Não       ;189190;Automóvel           ;FIAT                                              ;2012.0;Passageiro          ;Lesões Leves        ;20.0;Feminino            ;0;1;0;0;-20.254547600000002;-40.3745842
13535;106447.0;231501.0;2018-01-27;sábado;04:00:00;ES;101.0;285;CARIACICA                                                   ;Sim                 ;Velocidade Incompatível                                                                             ;1;Capotamento                                                                                                                                                                                             ;Com Vítimas Feridas;Plena Noite         ;Decrescente         ;Céu Claro           ;Dupla               ;Reta                          ;Não       ;189190;Automóvel           ;FIAT                                              ;2012.0;Passageiro          ;Lesões Leves        ;19.0;Masculino           ;0;1;0;0;-20.254547600000002;-40.3745842
13536;106447.0;231500.0;2018-01-27;sábado;04:00:00;ES;101.0;285;CARIACICA                                                   ;Sim                 ;Velocidade Incompatível                                                                             ;1;Capotamento                                                                                                                                                                                             ;Com Vítimas Feridas;Plena Noite         ;Decrescente         ;Céu Claro           ;Dupla               ;Reta                          ;Não       ;189190;Automóvel           ;FIAT                                              ;2012.0;Condutor            ;Ileso               ;24.0;Masculino           ;1;0;0;0;-20.254547600000002;-40.3745842
13698;106526.0;234079.0;2018-01-27;sábado;11:30:00;ES;101.0;17;PEDRO CANARIO                                               ;Sim                 ;Defeito Mecânico no Veículo                                                                         ;1;Tombamento                                                                                                                                                                                              ;Sem Vítimas;Pleno dia           ;Crescente           ;Céu Claro           ;Dupla               ;Curva                         ;Não       ;189669;Caminhão-trator     ;M.BENZ                                            ;2008.0;Condutor            ;Ileso               ;39.0;Masculino           ;1;0;0;0;-18.31706561;-39.95242596
13759;106553.0;231764.0;2018-01-27;sábado;14:00:00;ES;101.0;286,6;CARIACICA                                                   ;Sim                 ;Defeito na Via                                                                                      ;1;Queda de ocupante de veículo                                                                                                                                                                            ;Com Vítimas Feridas;Pleno dia           ;Decrescente         ;Céu Claro           ;Dupla               ;Reta                          ;Não       ;189398;Motocicleta         ;YAMAHA                                            ;2014.0;Condutor            ;Lesões Leves        ;24.0;Masculino           ;0;1;0;0;-20.2651978;-40.386137
13893;106622.0;231942.0;2018-01-27;sábado;19:50:00;ES;101.0;296,7;CARIACICA                                                   ;Sim                 ;Falta de Atenção do Pedestre                                                                        ;1;Atropelamento de Pedestre                                                                                                                                                                               ;Com Vítimas Feridas;Plena Noite         ;Crescente           ;Céu Claro           ;Múltipla            ;Reta                          ;Não       ;189540;Motocicleta         ;HONDA                                             ;2010.0;Condutor            ;Lesões Leves        ;30.0;Masculino           ;0;1;0;0;-20.26437;-40.420345000000005
13894;106622.0;231939.0;2018-01-27;sábado;19:50:00;ES;101.0;296,7;CARIACICA                                                   ;Sim                 ;Falta de Atenção do Pedestre                                                                        ;1;Atropelamento de Pedestre                                                                                                                                                                               ;Com Vítimas Feridas;Plena Noite         ;Crescente           ;Céu Claro           ;Múltipla            ;Reta                          ;Não       ;189539;Automóvel           ;FIAT                                              ;2012.0;Condutor            ;Ileso               ;59.0;Feminino            ;1;0;0;0;-20.26437;-40.420345000000005
14044;106688.0;233825.0;2018-01-28;domingo;01:40:00;ES;101.0;97;JAGUARE                                                     ;Sim                 ;Falta de Atenção à Condução                                                                         ;1;Colisão traseira                                                                                                                                                                                        ;Com Vítimas Fatais;Plena Noite         ;Crescente           ;Céu Claro           ;Simples             ;Reta                          ;Não       ;191241;Caminhonete         ;GM                                                ;2008.0;Condutor            ;Óbito               ;41.0;Masculino           ;0;0;0;1;-18.90466249;-39.95890617
14045;106688.0;233970.0;2018-01-28;domingo;01:40:00;ES;101.0;97;JAGUARE                                                     ;Sim                 ;Falta de Atenção à Condução                                                                         ;1;Colisão traseira                                                                                                                                                                                        ;Com Vítimas Fatais;Plena Noite         ;Crescente           ;Céu Claro           ;Simples             ;Reta                          ;Não       ;191242;Ônibus              ;MBENZ                                             ;2008.0;Condutor            ;Ileso               ;43.0;Masculino           ;1;0;0;0;-18.90466249;-39.95890617
14226;106799.0;232251.0;2018-01-28;domingo;12:20:00;ES;101.0;434,8;ATILIO VIVACQUA                                             ;Sim                 ;Condutor Dormindo                                                                                   ;2;Capotamento                                                                                                                                                                                             ;Com Vítimas Feridas;Pleno dia           ;Decrescente         ;Céu Claro           ;Simples             ;Desvio Temporário             ;Não       ;189850;Camioneta           ;FORD                                              ;2011.0;Passageiro          ;Lesões Graves       ;25.0;Feminino            ;0;0;1;0;-20.91465;-41.19869
14227;106799.0;232249.0;2018-01-28;domingo;12:20:00;ES;101.0;434,8;ATILIO VIVACQUA                                             ;Sim                 ;Condutor Dormindo                                                                                   ;2;Capotamento                                                                                                                                                                                             ;Com Vítimas Feridas;Pleno dia           ;Decrescente         ;Céu Claro           ;Simples             ;Desvio Temporário             ;Não       ;189850;Camioneta           ;FORD                                              ;2011.0;Passageiro          ;Lesões Graves       ;20.0;Feminino            ;0;0;1;0;-20.91465;-41.19869
14228;106799.0;232248.0;2018-01-28;domingo;12:20:00;ES;101.0;434,8;ATILIO VIVACQUA                                             ;Sim                 ;Condutor Dormindo                                                                                   ;2;Capotamento                                                                                                                                                                                             ;Com Vítimas Feridas;Pleno dia           ;Decrescente         ;Céu Claro           ;Simples             ;Desvio Temporário             ;Não       ;189850;Camioneta           ;FORD                                              ;2011.0;Passageiro          ;Lesões Graves       ;65.0;Masculino           ;0;0;1;0;-20.91465;-41.19869
14229;106799.0;232247.0;2018-01-28;domingo;12:20:00;ES;101.0;434,8;ATILIO VIVACQUA                                             ;Sim                 ;Condutor Dormindo                                                                                   ;2;Capotamento                                                                                                                                                                                             ;Com Vítimas Feridas;Pleno dia           ;Decrescente         ;Céu Claro           ;Simples             ;Desvio Temporário             ;Não       ;189850;Camioneta           ;FORD                                              ;2011.0;Condutor            ;Lesões Leves        ;57.0;Masculino           ;0;1;0;0;-20.91465;-41.19869
14250;106812.0;232482.0;2018-01-28;domingo;14:30:00;ES;101.0;144;LINHARES                                                    ;Sim                 ;Desobediência às normas de trânsito pelo condutor                                                   ;1;Colisão transversal                                                                                                                                                                                     ;Com Vítimas Feridas;Pleno dia           ;Crescente           ;Sol                 ;Simples             ;Interseção de vias            ;Não       ;190046;Caminhão            ;M.BENZ                                            ;1991.0;Condutor            ;Ileso               ;36.0;Masculino           ;1;0;0;0;-19.3587046;-40.06440818
14251;106812.0;232481.0;2018-01-28;domingo;14:30:00;ES;101.0;144;LINHARES                                                    ;Sim                 ;Desobediência às normas de trânsito pelo condutor                                                   ;1;Colisão transversal                                                                                                                                                                                     ;Com Vítimas Feridas;Pleno dia           ;Crescente           ;Sol                 ;Simples             ;Interseção de vias            ;Não       ;189913;Motocicleta         ;HONDA                                             ;2000.0;Passageiro          ;Lesões Graves       ;28.0;Feminino            ;0;0;1;0;-19.3587046;-40.06440818
14252;106812.0;232476.0;2018-01-28;domingo;14:30:00;ES;101.0;144;LINHARES                                                    ;Sim                 ;Desobediência às normas de trânsito pelo condutor                                                   ;1;Colisão transversal                                                                                                                                                                                     ;Com Vítimas Feridas;Pleno dia           ;Crescente           ;Sol                 ;Simples             ;Interseção de vias            ;Não       ;189913;Motocicleta         ;HONDA                                             ;2000.0;Condutor            ;Lesões Graves       ;40.0;Masculino           ;0;0;1;0;-19.3587046;-40.06440818
14385;106877.0;232516.0;2018-01-28;domingo;17:00:00;ES;101.0;265;SERRA                                                       ;Sim                 ;Falta de Atenção à Condução                                                                         ;1;Colisão traseira                                                                                                                                                                                        ;Com Vítimas Feridas;Pleno dia           ;Decrescente         ;Céu Claro           ;Múltipla            ;Reta                          ;Sim       ;190089;Automóvel           ;I                                                 ;2014.0;Condutor            ;Ileso               ;23.0;Masculino           ;1;0;0;0;-20.1215224;-40.3077898
14386;106877.0;232517.0;2018-01-28;domingo;17:00:00;ES;101.0;265;SERRA                                                       ;Sim                 ;Falta de Atenção à Condução                                                                         ;1;Colisão traseira                                                                                                                                                                                        ;Com Vítimas Feridas;Pleno dia           ;Decrescente         ;Céu Claro           ;Múltipla            ;Reta                          ;Sim       ;190088;Automóvel           ;FORD                                              ;2003.0;Passageiro          ;Ileso               ;44.0;Masculino           ;1;0;0;0;-20.1215224;-40.3077898
14387;106877.0;232514.0;2018-01-28;domingo;17:00:00;ES;101.0;265;SERRA                                                       ;Sim                 ;Falta de Atenção à Condução                                                                         ;1;Colisão traseira                                                                                                                                                                                        ;Com Vítimas Feridas;Pleno dia           ;Decrescente         ;Céu Claro           ;Múltipla            ;Reta                          ;Sim       ;190088;Automóvel           ;FORD                                              ;2003.0;Condutor            ;Lesões Leves        ;36.0;Feminino            ;0;1;0;0;-20.1215224;-40.3077898
14388;106877.0;234688.0;2018-01-28;domingo;17:00:00;ES;101.0;265;SERRA                                                       ;Sim                 ;Falta de Atenção à Condução                                                                         ;1;Colisão traseira                                                                                                                                                                                        ;Com Vítimas Feridas;Pleno dia           ;Decrescente         ;Céu Claro           ;Múltipla            ;Reta                          ;Sim       ;190083;Automóvel           ;                                                  ;;Condutor            ;Não Informado       ;;Não Informado       ;0;0;0;0;-20.1215224;-40.3077898
14419;106894.0;232437.0;2018-01-28;domingo;18:50:00;ES;101.0;311,5;VILA VELHA                                                  ;Sim                 ;Ultrapassagem Indevida                                                                              ;1;Colisão transversal                                                                                                                                                                                     ;Com Vítimas Feridas;Anoitecer           ;Decrescente         ;Céu Claro           ;Simples             ;Reta                          ;Não       ;190007;Automóvel           ;HONDA                                             ;2017.0;Condutor            ;Ileso               ;75.0;Masculino           ;1;0;0;0;-20.42922103;-40.4598248
14420;106894.0;232436.0;2018-01-28;domingo;18:50:00;ES;101.0;311,5;VILA VELHA                                                  ;Sim                 ;Ultrapassagem Indevida                                                                              ;1;Colisão transversal                                                                                                                                                                                     ;Com Vítimas Feridas;Anoitecer           ;Decrescente         ;Céu Claro           ;Simples             ;Reta                          ;Não       ;190004;Motocicleta         ;YAMAHA                                            ;2008.0;Condutor            ;Lesões Graves       ;48.0;Masculino           ;0;0;1;0;-20.42922103;-40.4598248
14422;106896.0;232537.0;2018-01-28;domingo;19:20:00;ES;101.0;312;VILA VELHA                                                  ;Sim                 ;Falta de Atenção à Condução                                                                         ;1;Colisão transversal                                                                                                                                                                                     ;Com Vítimas Feridas;Anoitecer           ;Crescente           ;Céu Claro           ;Simples             ;Reta                          ;Não       ;189989;Automóvel           ;FIAT                                              ;2012.0;Condutor            ;Ileso               ;39.0;Masculino           ;1;0;0;0;-20.44365661;-40.46031564
14423;106896.0;232535.0;2018-01-28;domingo;19:20:00;ES;101.0;312;VILA VELHA                                                  ;Sim                 ;Falta de Atenção à Condução                                                                         ;1;Colisão transversal                                                                                                                                                                                     ;Com Vítimas Feridas;Anoitecer           ;Crescente           ;Céu Claro           ;Simples             ;Reta                          ;Não       ;189988;Motocicleta         ;HONDA                                             ;2011.0;Condutor            ;Lesões Leves        ;38.0;Masculino           ;0;1;0;0;-20.44365661;-40.46031564
14458;106913.0;245854.0;2018-01-28;domingo;21:00:00;ES;101.0;266,3;SERRA                                                       ;Sim                 ;Desobediência às normas de trânsito pelo condutor                                                   ;1;Queda de ocupante de veículo                                                                                                                                                                            ;Com Vítimas Feridas;Plena Noite         ;Crescente           ;Céu Claro           ;Múltipla            ;Reta                          ;Sim       ;190116;Motocicleta         ;YAMAHA                                            ;2012.0;Condutor            ;Lesões Leves        ;37.0;Masculino           ;0;1;0;0;-20.19413336;-40.26887298
14648;106991.0;232819.0;2018-01-29;segunda-feira;07:40:00;ES;101.0;269,9;SERRA                                                       ;Sim                 ;Não guardar distância de segurança                                                                  ;1;Colisão traseira                                                                                                                                                                                        ;Com Vítimas Feridas;Pleno dia           ;Crescente           ;Sol                 ;Dupla               ;Reta                          ;Sim       ;190324;Automóvel           ;CHEVROLET                                         ;2012.0;Condutor            ;Ileso               ;41.0;Masculino           ;1;0;0;0;-20.22462471;-40.27058747
14649;106991.0;232824.0;2018-01-29;segunda-feira;07:40:00;ES;101.0;269,9;SERRA                                                       ;Sim                 ;Não guardar distância de segurança                                                                  ;1;Colisão traseira                                                                                                                                                                                        ;Com Vítimas Feridas;Pleno dia           ;Crescente           ;Sol                 ;Dupla               ;Reta                          ;Sim       ;190325;Motoneta            ;HONDA                                             ;2008.0;Passageiro          ;Lesões Leves        ;27.0;Feminino            ;0;1;0;0;-20.22462471;-40.27058747
14650;106991.0;232823.0;2018-01-29;segunda-feira;07:40:00;ES;101.0;269,9;SERRA                                                       ;Sim                 ;Não guardar distância de segurança                                                                  ;1;Colisão traseira                                                                                                                                                                                        ;Com Vítimas Feridas;Pleno dia           ;Crescente           ;Sol                 ;Dupla               ;Reta                          ;Sim       ;190325;Motoneta            ;HONDA                                             ;2008.0;Condutor            ;Lesões Leves        ;36.0;Masculino           ;0;1;0;0;-20.22462471;-40.27058747
14658;106995.0;233894.0;2018-01-29;segunda-feira;07:20:00;ES;101.0;111,8;VENDA NOVA DO IMIGRANTE                                     ;Sim                 ;Falta de Atenção à Condução                                                                         ;1;Colisão traseira                                                                                                                                                                                        ;Com Vítimas Feridas;Pleno dia           ;Decrescente         ;Céu Claro           ;Simples             ;Curva                         ;Não       ;191226;Motocicleta         ;HONDA                                             ;2006.0;Passageiro          ;Lesões Leves        ;23.0;Masculino           ;0;1;0;0;-20.33779636;-41.19818598
14659;106995.0;233885.0;2018-01-29;segunda-feira;07:20:00;ES;101.0;111,8;VENDA NOVA DO IMIGRANTE                                     ;Sim                 ;Falta de Atenção à Condução                                                                         ;1;Colisão traseira                                                                                                                                                                                        ;Com Vítimas Feridas;Pleno dia           ;Decrescente         ;Céu Claro           ;Simples             ;Curva                         ;Não       ;191223;Automóvel           ;VW                                                ;2012.0;Condutor            ;Ileso               ;32.0;Masculino           ;1;0;0;0;-20.33779636;-41.19818598
14660;106995.0;233889.0;2018-01-29;segunda-feira;07:20:00;ES;101.0;111,8;VENDA NOVA DO IMIGRANTE                                     ;Sim                 ;Falta de Atenção à Condução                                                                         ;1;Colisão traseira                                                                                                                                                                                        ;Com Vítimas Feridas;Pleno dia           ;Decrescente         ;Céu Claro           ;Simples             ;Curva                         ;Não       ;191226;Motocicleta         ;HONDA                                             ;2006.0;Condutor            ;Lesões Leves        ;26.0;Masculino           ;0;1;0;0;-20.33779636;-41.19818598
14956;107143.0;233025.0;2018-01-29;segunda-feira;16:35:00;ES;101.0;68;SAO MATEUS                                                  ;Sim                 ;Defeito Mecânico no Veículo                                                                         ;1;Colisão com objeto estático                                                                                                                                                                             ;Sem Vítimas;Pleno dia           ;Crescente           ;Céu Claro           ;Simples             ;Desvio Temporário             ;Sim       ;190506;Caminhão            ;M.BENZ                                            ;1966.0;Condutor            ;Ileso               ;24.0;Masculino           ;1;0;0;0;-18.7167;-39.8594
14959;107146.0;233021.0;2018-01-29;segunda-feira;17:34:00;ES;101.0;294;CARIACICA                                                   ;Sim                 ;Defeito Mecânico no Veículo                                                                         ;1;Incêndio                                                                                                                                                                                                ;Sem Vítimas;Pleno dia           ;Decrescente         ;Céu Claro           ;Múltipla            ;Não Informado                 ;Sim       ;190515;Automóvel           ;FIAT                                              ;1997.0;Condutor            ;Ileso               ;;Não Informado       ;1;0;0;0;-20.32464738;-40.39537132
15094;107210.0;235108.0;2018-01-29;segunda-feira;21:50:00;ES;101.0;213;IBIRACU                                                     ;Sim                 ;Falta de Atenção à Condução                                                                         ;1;Colisão lateral                                                                                                                                                                                         ;Com Vítimas Feridas;Plena Noite         ;Crescente           ;Céu Claro           ;Simples             ;Reta                          ;Sim       ;192313;Caminhonete         ;GM                                                ;1997.0;Condutor            ;Ileso               ;39.0;Masculino           ;1;0;0;0;-19.82393127;-40.36975086
15095;107210.0;235117.0;2018-01-29;segunda-feira;21:50:00;ES;101.0;213;IBIRACU                                                     ;Sim                 ;Falta de Atenção à Condução                                                                         ;1;Colisão lateral                                                                                                                                                                                         ;Com Vítimas Feridas;Plena Noite         ;Crescente           ;Céu Claro           ;Simples             ;Reta                          ;Sim       ;192316;Bicicleta           ;                                                  ;;Condutor            ;Lesões Leves        ;61.0;Feminino            ;0;1;0;0;-19.82393127;-40.36975086
15194;107267.0;233456.0;2018-01-30;terça-feira;08:10:00;ES;101.0;294;CARIACICA                                                   ;Sim                 ;Pista Escorregadia                                                                                  ;1;Saída de leito carroçável                                                                                                                                                                               ;Com Vítimas Feridas;Pleno dia           ;Crescente           ;Garoa/Chuvisco      ;Dupla               ;Desvio Temporário             ;Não       ;190848;Automóvel           ;VW                                                ;1995.0;Condutor            ;Lesões Graves       ;64.0;Masculino           ;0;0;1;0;-20.32586004;-40.39651394
15253;107305.0;233376.0;2018-01-18;quinta-feira;11:25:00;ES;101.0;395,5;RIO NOVO DO SUL                                             ;Não                 ;Falta de Atenção à Condução                                                                         ;1;Queda de ocupante de veículo                                                                                                                                                                            ;Com Vítimas Feridas;Pleno dia           ;Decrescente         ;Céu Claro           ;Simples             ;Curva                         ;Não       ;190805;Motocicleta         ;HONDA                                             ;;Condutor            ;Ileso               ;29.0;Masculino           ;1;0;0;0;-20.866329999999998;-40.937564
15254;107305.0;233375.0;2018-01-18;quinta-feira;11:25:00;ES;101.0;395,5;RIO NOVO DO SUL                                             ;Não                 ;Falta de Atenção à Condução                                                                         ;1;Queda de ocupante de veículo                                                                                                                                                                            ;Com Vítimas Feridas;Pleno dia           ;Decrescente         ;Céu Claro           ;Simples             ;Curva                         ;Não       ;190804;Motocicleta         ;YAMAHA                                            ;2014.0;Passageiro          ;Lesões Leves        ;39.0;Feminino            ;0;1;0;0;-20.866329999999998;-40.937564
15255;107305.0;233374.0;2018-01-18;quinta-feira;11:25:00;ES;101.0;395,5;RIO NOVO DO SUL                                             ;Não                 ;Falta de Atenção à Condução                                                                         ;1;Queda de ocupante de veículo                                                                                                                                                                            ;Com Vítimas Feridas;Pleno dia           ;Decrescente         ;Céu Claro           ;Simples             ;Curva                         ;Não       ;190804;Motocicleta         ;YAMAHA                                            ;2014.0;Condutor            ;Lesões Leves        ;38.0;Masculino           ;0;1;0;0;-20.866329999999998;-40.937564
15882;107635.0;234063.0;2018-01-27;sábado;21:00:00;ES;101.0;95,7;SAO MATEUS                                                  ;Sim                 ;Ultrapassagem Indevida                                                                              ;1;Colisão lateral                                                                                                                                                                                         ;Com Vítimas Fatais;Plena Noite         ;Crescente           ;Céu Claro           ;Simples             ;Reta                          ;Não       ;191442;Automóvel           ;I                                                 ;2011.0;Passageiro          ;Óbito               ;18.0;Masculino           ;0;0;0;1;-18.7167;-39.8594
15883;107635.0;234126.0;2018-01-27;sábado;21:00:00;ES;101.0;95,7;SAO MATEUS                                                  ;Sim                 ;Ultrapassagem Indevida                                                                              ;1;Colisão lateral                                                                                                                                                                                         ;Com Vítimas Fatais;Plena Noite         ;Crescente           ;Céu Claro           ;Simples             ;Reta                          ;Não       ;191442;Automóvel           ;I                                                 ;2011.0;Passageiro          ;Lesões Graves       ;23.0;Masculino           ;0;0;1;0;-18.7167;-39.8594
15884;107635.0;234135.0;2018-01-27;sábado;21:00:00;ES;101.0;95,7;SAO MATEUS                                                  ;Sim                 ;Ultrapassagem Indevida                                                                              ;1;Colisão lateral                                                                                                                                                                                         ;Com Vítimas Fatais;Plena Noite         ;Crescente           ;Céu Claro           ;Simples             ;Reta                          ;Não       ;191443;Automóvel           ;FIAT                                              ;2015.0;Condutor            ;Lesões Leves        ;52.0;Masculino           ;0;1;0;0;-18.7167;-39.8594
15885;107635.0;234140.0;2018-01-27;sábado;21:00:00;ES;101.0;95,7;SAO MATEUS                                                  ;Sim                 ;Ultrapassagem Indevida                                                                              ;1;Colisão lateral                                                                                                                                                                                         ;Com Vítimas Fatais;Plena Noite         ;Crescente           ;Céu Claro           ;Simples             ;Reta                          ;Não       ;191442;Automóvel           ;I                                                 ;2011.0;Passageiro          ;Lesões Graves       ;38.0;Masculino           ;0;0;1;0;-18.7167;-39.8594
15886;107635.0;234120.0;2018-01-27;sábado;21:00:00;ES;101.0;95,7;SAO MATEUS                                                  ;Sim                 ;Ultrapassagem Indevida                                                                              ;1;Colisão lateral                                                                                                                                                                                         ;Com Vítimas Fatais;Plena Noite         ;Crescente           ;Céu Claro           ;Simples             ;Reta                          ;Não       ;191442;Automóvel           ;I                                                 ;2011.0;Condutor            ;Lesões Graves       ;39.0;Masculino           ;0;0;1;0;-18.7167;-39.8594
15887;107635.0;234138.0;2018-01-27;sábado;21:00:00;ES;101.0;95,7;SAO MATEUS                                                  ;Sim                 ;Ultrapassagem Indevida                                                                              ;1;Colisão lateral                                                                                                                                                                                         ;Com Vítimas Fatais;Plena Noite         ;Crescente           ;Céu Claro           ;Simples             ;Reta                          ;Não       ;191443;Automóvel           ;FIAT                                              ;2015.0;Passageiro          ;Lesões Graves       ;56.0;Masculino           ;0;0;1;0;-18.7167;-39.8594
15899;107643.0;235965.0;2018-01-31;quarta-feira;16:50:00;ES;101.0;262;SERRA                                                       ;Sim                 ;Falta de Atenção à Condução                                                                         ;1;Colisão traseira                                                                                                                                                                                        ;Com Vítimas Feridas;Pleno dia           ;Decrescente         ;Chuva               ;Dupla               ;Reta                          ;Não       ;191506;Automóvel           ;FIAT                                              ;1999.0;Condutor            ;Ileso               ;36.0;Feminino            ;1;0;0;0;-20.15891195;-40.27632684
15900;107643.0;236814.0;2018-01-31;quarta-feira;16:50:00;ES;101.0;262;SERRA                                                       ;Sim                 ;Falta de Atenção à Condução                                                                         ;1;Colisão traseira                                                                                                                                                                                        ;Com Vítimas Feridas;Pleno dia           ;Decrescente         ;Chuva               ;Dupla               ;Reta                          ;Não       ;191507;Motocicleta         ;HONDA                                             ;2014.0;Condutor            ;Lesões Leves        ;28.0;Masculino           ;0;1;0;0;-20.15891195;-40.27632684
15958;107675.0;234332.0;2018-01-31;quarta-feira;19:30:00;ES;101.0;258;SERRA                                                       ;Sim                 ;Não guardar distância de segurança                                                                  ;1;Colisão traseira                                                                                                                                                                                        ;Com Vítimas Feridas;Plena Noite         ;Decrescente         ;Chuva               ;Dupla               ;Reta                          ;Sim       ;191674;Automóvel           ;IMP                                               ;1998.0;Passageiro          ;Lesões Leves        ;15.0;Feminino            ;0;1;0;0;-20.13246171;-40.29390067
15959;107675.0;234330.0;2018-01-31;quarta-feira;19:30:00;ES;101.0;258;SERRA                                                       ;Sim                 ;Não guardar distância de segurança                                                                  ;1;Colisão traseira                                                                                                                                                                                        ;Com Vítimas Feridas;Plena Noite         ;Decrescente         ;Chuva               ;Dupla               ;Reta                          ;Sim       ;191674;Automóvel           ;IMP                                               ;1998.0;Condutor            ;Ileso               ;32.0;Masculino           ;1;0;0;0;-20.13246171;-40.29390067
15960;107675.0;234328.0;2018-01-31;quarta-feira;19:30:00;ES;101.0;258;SERRA                                                       ;Sim                 ;Não guardar distância de segurança                                                                  ;1;Colisão traseira                                                                                                                                                                                        ;Com Vítimas Feridas;Plena Noite         ;Decrescente         ;Chuva               ;Dupla               ;Reta                          ;Sim       ;191673;Ônibus              ;M.BENZ                                            ;2008.0;Condutor            ;Ileso               ;43.0;Masculino           ;1;0;0;0;-20.13246171;-40.29390067
16168;107780.0;234786.0;2018-02-01;quinta-feira;08:30:00;ES;101.0;269,7;SERRA                                                       ;Sim                 ;Desobediência às normas de trânsito pelo condutor                                                   ;1;Colisão transversal                                                                                                                                                                                     ;Com Vítimas Feridas;Pleno dia           ;Decrescente         ;Nublado             ;Múltipla            ;Interseção de vias            ;Sim       ;192071;Motocicleta         ;HONDA                                             ;2008.0;Condutor            ;Lesões Graves       ;37.0;Masculino           ;0;0;1;0;-20.22280814;-40.27035624
16169;107780.0;234785.0;2018-02-01;quinta-feira;08:30:00;ES;101.0;269,7;SERRA                                                       ;Sim                 ;Desobediência às normas de trânsito pelo condutor                                                   ;1;Colisão transversal                                                                                                                                                                                     ;Com Vítimas Feridas;Pleno dia           ;Decrescente         ;Nublado             ;Múltipla            ;Interseção de vias            ;Sim       ;192070;Automóvel           ;VW                                                ;2012.0;Condutor            ;Ileso               ;44.0;Masculino           ;1;0;0;0;-20.22280814;-40.27035624
16375;107878.0;234738.0;2018-02-01;quinta-feira;14:35:00;ES;101.0;20,8;PINHEIROS                                                   ;Sim                 ;Desobediência às normas de trânsito pelo condutor                                                   ;1;Colisão frontal                                                                                                                                                                                         ;Com Vítimas Fatais;Pleno dia           ;Crescente           ;Chuva               ;Simples             ;Não Informado                 ;Não       ;191993;Caminhão-trator     ;SCANIA                                            ;2014.0;Condutor            ;Ileso               ;36.0;Masculino           ;1;0;0;0;-18.33254579;-39.9586695
16376;107878.0;234667.0;2018-02-01;quinta-feira;14:35:00;ES;101.0;20,8;PINHEIROS                                                   ;Sim                 ;Desobediência às normas de trânsito pelo condutor                                                   ;1;Colisão frontal                                                                                                                                                                                         ;Com Vítimas Fatais;Pleno dia           ;Crescente           ;Chuva               ;Simples             ;Não Informado                 ;Não       ;191992;Caminhonete         ;GM                                                ;2005.0;Condutor            ;Óbito               ;26.0;Masculino           ;0;0;0;1;-18.33254579;-39.9586695
16425;107902.0;234754.0;2018-02-01;quinta-feira;19:20:00;ES;101.0;281,3;SERRA                                                       ;Sim                 ;Velocidade Incompatível                                                                             ;1;Colisão com objeto estático                                                                                                                                                                             ;Sem Vítimas;Plena Noite         ;Crescente           ;Chuva               ;Dupla               ;Reta                          ;Sim       ;192038;Caminhão            ;VW                                                ;2013.0;Condutor            ;Ileso               ;58.0;Masculino           ;1;0;0;0;-20.21849655;-40.34497049
16431;107906.0;234890.0;2018-02-01;quinta-feira;19:15:00;ES;101.0;290;CARIACICA                                                   ;Sim                 ;Pista Escorregadia                                                                                  ;1;Capotamento                                                                                                                                                                                             ;Sem Vítimas;Anoitecer           ;Crescente           ;Chuva               ;Dupla               ;Curva                         ;Sim       ;192136;Automóvel           ;HONDA                                             ;2007.0;Condutor            ;Ileso               ;32.0;Masculino           ;1;0;0;0;-20.26437;-40.420345000000005
16444;107913.0;237226.0;2018-02-01;quinta-feira;19:40:00;ES;101.0;184;ARACRUZ                                                     ;Sim                 ;Velocidade Incompatível                                                                             ;1;Saída de leito carroçável                                                                                                                                                                               ;Com Vítimas Feridas;Plena Noite         ;Decrescente         ;Chuva               ;Simples             ;Curva                         ;Não       ;193692;Motocicleta         ;HONDA                                             ;2014.0;Condutor            ;Lesões Leves        ;30.0;Masculino           ;0;1;0;0;-19.820759;-40.273678000000004