;id;pesid;data_inversa;dia_semana;horario;uf;br;km;municipio;causa_principal;causa_acidente;ordem_tipo_acidente;tipo_acidente;classificacao_acidente;fase_dia;sentido_via;condicao_metereologica;tipo_pista;tracado_via;uso_solo;id_veiculo;tipo_veiculo;marca;ano_fabricacao_veiculo;tipo_envolvido;estado_fisico;idade;sexo;ilesos;feridos_leves;feridos_graves;mortos;latitude;longitude
16478;107930.0;234765.0;2018-02-01;quinta-feira;20:30:00;ES;101.0;193;ARACRUZ                                                     ;Sim                 ;Defeito Mecânico no Veículo                                                                         ;1;Incêndio                                                                                                                                                                                                ;Sem Vítimas;Plena Noite         ;Crescente           ;Chuva               ;Simples             ;Não Informado                 ;Não       ;192051;Caminhão            ;FORD                                              ;2001.0;Passageiro          ;Ileso               ;33.0;Masculino           ;1;0;0;0;-19.820759;-40.273678000000004
16479;107930.0;234764.0;2018-02-01;quinta-feira;20:30:00;ES;101.0;193;ARACRUZ                                                     ;Sim                 ;Defeito Mecânico no Veículo                                                                         ;1;Incêndio                                                                                                                                                                                                ;Sem Vítimas;Plena Noite         ;Crescente           ;Chuva               ;Simples             ;Não Informado                 ;Não       ;192051;Caminhão            ;FORD                                              ;2001.0;Condutor            ;Ileso               ;65.0;Masculino           ;1;0;0;0;-19.820759;-40.273678000000004
16489;107935.0;236646.0;2018-02-01;quinta-feira;13:25:00;ES;101.0;242,9;SERRA                                                       ;Sim                 ;Falta de Atenção à Condução                                                                         ;1;Colisão traseira                                                                                                                                                                                        ;Sem Vítimas;Pleno dia           ;Decrescente         ;Nublado             ;Simples             ;Reta                          ;Não       ;192037;Automóvel           ;TOYOTA                                            ;2012.0;Condutor            ;Ileso               ;45.0;Masculino           ;1;0;0;0;-20.03303188;-40.39618671
16490;107935.0;236640.0;2018-02-01;quinta-feira;13:25:00;ES;101.0;242,9;SERRA                                                       ;Sim                 ;Falta de Atenção à Condução                                                                         ;1;Colisão traseira                                                                                                                                                                                        ;Sem Vítimas;Pleno dia           ;Decrescente         ;Nublado             ;Simples             ;Reta                          ;Não       ;192036;Automóvel           ;CHEVROLET                                         ;2010.0;Condutor            ;Ileso               ;50.0;Masculino           ;1;0;0;0;-20.03303188;-40.39618671
16666;108007.0;235041.0;2018-02-02;sexta-feira;07:35:00;ES;101.0;283,5;CARIACICA                                                   ;Sim                 ;Defeito Mecânico no Veículo                                                                         ;1;Saída de leito carroçável                                                                                                                                                                               ;Com Vítimas Feridas;Pleno dia           ;Crescente           ;Nublado             ;Dupla               ;Reta                          ;Sim       ;192255;Caminhão            ;FORD                                              ;2010.0;Passageiro          ;Lesões Graves       ;32.0;Masculino           ;0;0;1;0;-20.23684155;-40.36992252
16667;108007.0;235039.0;2018-02-02;sexta-feira;07:35:00;ES;101.0;283,5;CARIACICA                                                   ;Sim                 ;Defeito Mecânico no Veículo                                                                         ;1;Saída de leito carroçável                                                                                                                                                                               ;Com Vítimas Feridas;Pleno dia           ;Crescente           ;Nublado             ;Dupla               ;Reta                          ;Sim       ;192255;Caminhão            ;FORD                                              ;2010.0;Condutor            ;Lesões Graves       ;45.0;Masculino           ;0;0;1;0;-20.23684155;-40.36992252
16792;108075.0;235219.0;2018-02-02;sexta-feira;12:55:00;ES;101.0;202,4;JOAO NEIVA                                                  ;Sim                 ;Falta de Atenção à Condução                                                                         ;1;Tombamento                                                                                                                                                                                              ;Com Vítimas Feridas;Pleno dia           ;Decrescente         ;Chuva               ;Simples             ;Curva                         ;Não       ;192394;Caminhonete         ;HYUNDAI                                           ;2013.0;Passageiro          ;Lesões Leves        ;46.0;Masculino           ;0;1;0;0;-19.74174264;-40.36522865
16793;108075.0;235217.0;2018-02-02;sexta-feira;12:55:00;ES;101.0;202,4;JOAO NEIVA                                                  ;Sim                 ;Falta de Atenção à Condução                                                                         ;1;Tombamento                                                                                                                                                                                              ;Com Vítimas Feridas;Pleno dia           ;Decrescente         ;Chuva               ;Simples             ;Curva                         ;Não       ;192394;Caminhonete         ;HYUNDAI                                           ;2013.0;Condutor            ;Ileso               ;60.0;Masculino           ;1;0;0;0;-19.74174264;-40.36522865
16828;108094.0;235186.0;2018-02-02;sexta-feira;14:50:00;ES;101.0;402,6;ITAPEMIRIM                                                  ;Sim                 ;Falta de Atenção do Pedestre                                                                        ;1;Atropelamento de Pedestre                                                                                                                                                                               ;Com Vítimas Feridas;Pleno dia           ;Decrescente         ;Nublado             ;Simples             ;Curva                         ;Não       ;192378;Caminhonete         ;VW                                                ;2016.0;Testemunha          ;Não Informado       ;;Não Informado       ;0;0;0;0;-20.88932685;-40.99557459
16829;108094.0;235178.0;2018-02-02;sexta-feira;14:50:00;ES;101.0;402,6;ITAPEMIRIM                                                  ;Sim                 ;Falta de Atenção do Pedestre                                                                        ;1;Atropelamento de Pedestre                                                                                                                                                                               ;Com Vítimas Feridas;Pleno dia           ;Decrescente         ;Nublado             ;Simples             ;Curva                         ;Não       ;192378;Caminhonete         ;VW                                                ;2016.0;Passageiro          ;Ileso               ;21.0;Feminino            ;1;0;0;0;-20.88932685;-40.99557459
16830;108094.0;235176.0;2018-02-02;sexta-feira;14:50:00;ES;101.0;402,6;ITAPEMIRIM                                                  ;Sim                 ;Falta de Atenção do Pedestre                                                                        ;1;Atropelamento de Pedestre                                                                                                                                                                               ;Com Vítimas Feridas;Pleno dia           ;Decrescente         ;Nublado             ;Simples             ;Curva                         ;Não       ;192378;Caminhonete         ;VW                                                ;2016.0;Condutor            ;Ileso               ;43.0;Masculino           ;1;0;0;0;-20.88932685;-40.99557459
16831;108094.0;235184.0;2018-02-02;sexta-feira;14:50:00;ES;101.0;402,6;ITAPEMIRIM                                                  ;Sim                 ;Falta de Atenção do Pedestre                                                                        ;1;Atropelamento de Pedestre                                                                                                                                                                               ;Com Vítimas Feridas;Pleno dia           ;Decrescente         ;Nublado             ;Simples             ;Curva                         ;Não       ;192378;Caminhonete         ;VW                                                ;2016.0;Pedestre            ;Lesões Graves       ;22.0;Masculino           ;0;0;1;0;-20.88932685;-40.99557459
17000;108178.0;237665.0;2018-02-02;sexta-feira;20:30:00;ES;101.0;374;ICONHA                                                      ;Sim                 ;Falta de Atenção à Condução                                                                         ;1;Colisão traseira                                                                                                                                                                                        ;Com Vítimas Feridas;Plena Noite         ;Decrescente         ;Nublado             ;Simples             ;Reta                          ;Não       ;192694;Motocicleta         ;                                                  ;;Condutor            ;Lesões Graves       ;49.0;Masculino           ;0;0;1;0;-20.79354;-40.811462
17001;108178.0;237654.0;2018-02-02;sexta-feira;20:30:00;ES;101.0;374;ICONHA                                                      ;Sim                 ;Falta de Atenção à Condução                                                                         ;1;Colisão traseira                                                                                                                                                                                        ;Com Vítimas Feridas;Plena Noite         ;Decrescente         ;Nublado             ;Simples             ;Reta                          ;Não       ;192693;Caminhão            ;FORD                                              ;;Condutor            ;Ileso               ;31.0;Masculino           ;1;0;0;0;-20.79354;-40.811462
17141;108245.0;237009.0;2018-02-03;sábado;03:10:00;ES;101.0;147,9;LINHARES                                                    ;Sim                 ;Falta de Atenção à Condução                                                                         ;1;Colisão transversal                                                                                                                                                                                     ;Com Vítimas Feridas;Plena Noite         ;Crescente           ;Nublado             ;Múltipla            ;Interseção de vias            ;Sim       ;194030;Caminhão            ;M.BENZ                                            ;2000.0;Condutor            ;Lesões Leves        ;22.0;Masculino           ;0;1;0;0;-19.39159;-40.072563
17142;108245.0;238347.0;2018-02-03;sábado;03:10:00;ES;101.0;147,9;LINHARES                                                    ;Sim                 ;Falta de Atenção à Condução                                                                         ;1;Colisão transversal                                                                                                                                                                                     ;Com Vítimas Feridas;Plena Noite         ;Crescente           ;Nublado             ;Múltipla            ;Interseção de vias            ;Sim       ;194026;Automóvel           ;CHEVROLET                                         ;2013.0;Passageiro          ;Lesões Leves        ;30.0;Feminino            ;0;1;0;0;-19.39159;-40.072563
17143;108245.0;237010.0;2018-02-03;sábado;03:10:00;ES;101.0;147,9;LINHARES                                                    ;Sim                 ;Falta de Atenção à Condução                                                                         ;1;Colisão transversal                                                                                                                                                                                     ;Com Vítimas Feridas;Plena Noite         ;Crescente           ;Nublado             ;Múltipla            ;Interseção de vias            ;Sim       ;194026;Automóvel           ;CHEVROLET                                         ;2013.0;Condutor            ;Ileso               ;47.0;Feminino            ;1;0;0;0;-19.39159;-40.072563
17324;108340.0;235906.0;2018-02-03;sábado;13:00:00;ES;101.0;118,4;SOORETAMA                                                   ;Sim                 ;Ingestão de Álcool                                                                                  ;1;Tombamento                                                                                                                                                                                              ;Com Vítimas Feridas;Pleno dia           ;Crescente           ;Nublado             ;Simples             ;Não Informado                 ;Não       ;193030;Motocicleta         ;HONDA                                             ;2017.0;Passageiro          ;Lesões Graves       ;7.0;Masculino           ;0;0;1;0;-19.197422;-40.098118
17325;108340.0;235904.0;2018-02-03;sábado;13:00:00;ES;101.0;118,4;SOORETAMA                                                   ;Sim                 ;Ingestão de Álcool                                                                                  ;1;Tombamento                                                                                                                                                                                              ;Com Vítimas Feridas;Pleno dia           ;Crescente           ;Nublado             ;Simples             ;Não Informado                 ;Não       ;193030;Motocicleta         ;HONDA                                             ;2017.0;Condutor            ;Lesões Graves       ;38.0;Masculino           ;0;0;1;0;-19.197422;-40.098118
17442;108398.0;238147.0;2018-02-03;sábado;17:00:00;ES;101.0;263,4;SERRA                                                       ;Sim                 ;Falta de Atenção à Condução                                                                         ;1;Queda de ocupante de veículo                                                                                                                                                                            ;Com Vítimas Feridas;Anoitecer           ;Decrescente         ;Chuva               ;Dupla               ;Reta                          ;Sim       ;194937;Motocicleta         ;                                                  ;;Condutor            ;Ileso               ;;Masculino           ;1;0;0;0;-20.17285544;-40.26743531
17443;108398.0;238148.0;2018-02-03;sábado;17:00:00;ES;101.0;263,4;SERRA                                                       ;Sim                 ;Falta de Atenção à Condução                                                                         ;1;Queda de ocupante de veículo                                                                                                                                                                            ;Com Vítimas Feridas;Anoitecer           ;Decrescente         ;Chuva               ;Dupla               ;Reta                          ;Sim       ;194937;Motocicleta         ;                                                  ;;Passageiro          ;Lesões Graves       ;17.0;Feminino            ;0;0;1;0;-20.17285544;-40.26743531
17551;108449.0;235848.0;2018-02-03;sábado;19:15:00;ES;101.0;167,4;LINHARES                                                    ;Sim                 ;Falta de Atenção à Condução                                                                         ;1;Colisão traseira                                                                                                                                                                                        ;Com Vítimas Feridas;Plena Noite         ;Decrescente         ;Garoa/Chuvisco      ;Simples             ;Reta                          ;Sim       ;192968;Automóvel           ;TOYOTA                                            ;2014.0;Condutor            ;Ileso               ;35.0;Masculino           ;1;0;0;0;-19.52715777;-40.15212446
17552;108449.0;235858.0;2018-02-03;sábado;19:15:00;ES;101.0;167,4;LINHARES                                                    ;Sim                 ;Falta de Atenção à Condução                                                                         ;1;Colisão traseira                                                                                                                                                                                        ;Com Vítimas Feridas;Plena Noite         ;Decrescente         ;Garoa/Chuvisco      ;Simples             ;Reta                          ;Sim       ;192968;Automóvel           ;TOYOTA                                            ;2014.0;Passageiro          ;Ileso               ;34.0;Feminino            ;1;0;0;0;-19.52715777;-40.15212446
17553;108449.0;235849.0;2018-02-03;sábado;19:15:00;ES;101.0;167,4;LINHARES                                                    ;Sim                 ;Falta de Atenção à Condução                                                                         ;1;Colisão traseira                                                                                                                                                                                        ;Com Vítimas Feridas;Plena Noite         ;Decrescente         ;Garoa/Chuvisco      ;Simples             ;Reta                          ;Sim       ;192967;Motocicleta         ;HONDA                                             ;2013.0;Condutor            ;Lesões Graves       ;23.0;Masculino           ;0;0;1;0;-19.52715777;-40.15212446
17701;108519.0;240987.0;2018-02-04;domingo;00:05:00;ES;101.0;0,2;SERRA                                                       ;Sim                 ;Falta de Atenção à Condução                                                                         ;1;Colisão traseira                                                                                                                                                                                        ;Com Vítimas Feridas;Plena Noite         ;Decrescente         ;Céu Claro           ;Dupla               ;Interseção de vias            ;Sim       ;197307;Automóvel           ;I                                                 ;2012.0;Condutor            ;Lesões Leves        ;42.0;Feminino            ;0;1;0;0;-20.23608152;-40.27685967
17702;108519.0;240981.0;2018-02-04;domingo;00:05:00;ES;101.0;0,2;SERRA                                                       ;Sim                 ;Falta de Atenção à Condução                                                                         ;1;Colisão traseira                                                                                                                                                                                        ;Com Vítimas Feridas;Plena Noite         ;Decrescente         ;Céu Claro           ;Dupla               ;Interseção de vias            ;Sim       ;197305;Automóvel           ;I                                                 ;2012.0;Condutor            ;Lesões Leves        ;28.0;Masculino           ;0;1;0;0;-20.23608152;-40.27685967
17711;108526.0;237769.0;2018-02-04;domingo;01:30:00;ES;101.0;210,4;IBIRACU                                                     ;Sim                 ;Avarias e/ou desgaste excessivo no pneu                                                             ;1;Saída de leito carroçável                                                                                                                                                                               ;Com Vítimas Feridas;Plena Noite         ;Crescente           ;Chuva               ;Simples             ;Curva                         ;Não       ;194606;Automóvel           ;GM                                                ;2002.0;Condutor            ;Lesões Graves       ;25.0;Masculino           ;0;0;1;0;-19.79697157;-40.37072986
17812;108579.0;236227.0;2018-02-04;domingo;06:00:00;ES;101.0;264,2;SERRA                                                       ;Sim                 ;Desobediência às normas de trânsito pelo condutor                                                   ;1;Colisão transversal                                                                                                                                                                                     ;Com Vítimas Feridas;Amanhecer           ;Crescente           ;Chuva               ;Múltipla            ;Interseção de vias            ;Sim       ;193105;Automóvel           ;FIAT                                              ;2007.0;Passageiro          ;Lesões Leves        ;44.0;Feminino            ;0;1;0;0;-20.17855681;-40.26553304
17813;108579.0;236225.0;2018-02-04;domingo;06:00:00;ES;101.0;264,2;SERRA                                                       ;Sim                 ;Desobediência às normas de trânsito pelo condutor                                                   ;1;Colisão transversal                                                                                                                                                                                     ;Com Vítimas Feridas;Amanhecer           ;Crescente           ;Chuva               ;Múltipla            ;Interseção de vias            ;Sim       ;193105;Automóvel           ;FIAT                                              ;2007.0;Condutor            ;Ileso               ;46.0;Masculino           ;1;0;0;0;-20.17855681;-40.26553304
17814;108579.0;236219.0;2018-02-04;domingo;06:00:00;ES;101.0;264,2;SERRA                                                       ;Sim                 ;Desobediência às normas de trânsito pelo condutor                                                   ;1;Colisão transversal                                                                                                                                                                                     ;Com Vítimas Feridas;Amanhecer           ;Crescente           ;Chuva               ;Múltipla            ;Interseção de vias            ;Sim       ;193104;Automóvel           ;VW                                                ;2000.0;Condutor            ;Ileso               ;59.0;Masculino           ;1;0;0;0;-20.17855681;-40.26553304
17866;108614.0;244782.0;2018-02-04;domingo;10:50:00;ES;101.0;293,9;CARIACICA                                                   ;Sim                 ;Falta de Atenção à Condução                                                                         ;1;Tombamento                                                                                                                                                                                              ;Com Vítimas Feridas;Pleno dia           ;Crescente           ;Chuva               ;Dupla               ;Curva                         ;Sim       ;193182;Automóvel           ;CHEVROLET                                         ;2012.0;Condutor            ;Lesões Leves        ;41.0;Masculino           ;0;1;0;0;-20.32476811;-40.39574146
18124;108735.0;236229.0;2018-02-04;domingo;17:30:00;ES;101.0;0,8;PEDRO CANARIO                                               ;Sim                 ;Falta de Atenção à Condução                                                                         ;1;Colisão com objeto estático                                                                                                                                                                             ;Sem Vítimas;Pleno dia           ;Decrescente         ;Chuva               ;Múltipla            ;Reta                          ;Não       ;193331;Caminhão-trator     ;M.BENZ                                            ;2008.0;Condutor            ;Ileso               ;;Ignorado            ;1;0;0;0;-18.184666;-39.922123
18244;108797.0;238254.0;2018-02-05;segunda-feira;06:10:00;ES;101.0;247;SERRA                                                       ;Sim                 ;Falta de Atenção à Condução                                                                         ;1;Colisão transversal                                                                                                                                                                                     ;Com Vítimas Feridas;Amanhecer           ;Crescente           ;Nublado             ;Simples             ;Reta                          ;Não       ;193469;Caminhonete         ;FIAT                                              ;2010.0;Passageiro          ;Lesões Leves        ;40.0;Feminino            ;0;1;0;0;-20.06817583;-40.36683529999999
18245;108797.0;238256.0;2018-02-05;segunda-feira;06:10:00;ES;101.0;247;SERRA                                                       ;Sim                 ;Falta de Atenção à Condução                                                                         ;1;Colisão transversal                                                                                                                                                                                     ;Com Vítimas Feridas;Amanhecer           ;Crescente           ;Nublado             ;Simples             ;Reta                          ;Não       ;193469;Caminhonete         ;FIAT                                              ;2010.0;Passageiro          ;Lesões Leves        ;67.0;Masculino           ;0;1;0;0;-20.06817583;-40.36683529999999
18246;108797.0;238249.0;2018-02-05;segunda-feira;06:10:00;ES;101.0;247;SERRA                                                       ;Sim                 ;Falta de Atenção à Condução                                                                         ;1;Colisão transversal                                                                                                                                                                                     ;Com Vítimas Feridas;Amanhecer           ;Crescente           ;Nublado             ;Simples             ;Reta                          ;Não       ;193469;Caminhonete         ;FIAT                                              ;2010.0;Condutor            ;Lesões Leves        ;26.0;Masculino           ;0;1;0;0;-20.06817583;-40.36683529999999
18247;108797.0;238244.0;2018-02-05;segunda-feira;06:10:00;ES;101.0;247;SERRA                                                       ;Sim                 ;Falta de Atenção à Condução                                                                         ;1;Colisão transversal                                                                                                                                                                                     ;Com Vítimas Feridas;Amanhecer           ;Crescente           ;Nublado             ;Simples             ;Reta                          ;Não       ;193468;Caminhão-trator     ;SCANIA                                            ;1995.0;Condutor            ;Ileso               ;64.0;Masculino           ;1;0;0;0;-20.06817583;-40.36683529999999
18418;108884.0;243990.0;2018-02-05;segunda-feira;11:00:00;ES;101.0;357;ANCHIETA                                                    ;Sim                 ;Condutor Dormindo                                                                                   ;1;Saída de leito carroçável                                                                                                                                                                               ;Sem Vítimas;Pleno dia           ;Crescente           ;Nublado             ;Simples             ;Curva                         ;Não       ;199460;Automóvel           ;RENAULT                                           ;2015.0;Condutor            ;Ileso               ;66.0;Feminino            ;1;0;0;0;-20.806316;-40.645905
18474;108906.0;236687.0;2018-02-05;segunda-feira;13:15:00;ES;101.0;195;JOAO NEIVA                                                  ;Sim                 ;Falta de Atenção à Condução                                                                         ;1;Colisão lateral                                                                                                                                                                                         ;Com Vítimas Feridas;Pleno dia           ;Crescente           ;Sol                 ;Simples             ;Não Informado                 ;Não       ;193760;Ciclomotor          ;I                                                 ;;Condutor            ;Lesões Leves        ;32.0;Masculino           ;0;1;0;0;-19.7579;-40.3788
18475;108906.0;236682.0;2018-02-05;segunda-feira;13:15:00;ES;101.0;195;JOAO NEIVA                                                  ;Sim                 ;Falta de Atenção à Condução                                                                         ;1;Colisão lateral                                                                                                                                                                                         ;Com Vítimas Feridas;Pleno dia           ;Crescente           ;Sol                 ;Simples             ;Não Informado                 ;Não       ;193759;Automóvel           ;NISSAN                                            ;2017.0;Condutor            ;Ileso               ;39.0;Masculino           ;1;0;0;0;-19.7579;-40.3788
18483;108912.0;236544.0;2018-02-05;segunda-feira;07:10:00;ES;101.0;392;RIO NOVO DO SUL                                             ;Sim                 ;Falta de Atenção à Condução                                                                         ;1;Saída de leito carroçável                                                                                                                                                                               ;Com Vítimas Feridas;Pleno dia           ;Decrescente         ;Chuva               ;Simples             ;Curva                         ;Não       ;193596;Micro-ônibus        ;I                                                 ;2013.0;Condutor            ;Ileso               ;13.0;Masculino           ;1;0;0;0;-20.86739352;-40.904301700000005
18484;108912.0;236575.0;2018-02-05;segunda-feira;07:10:00;ES;101.0;392;RIO NOVO DO SUL                                             ;Sim                 ;Falta de Atenção à Condução                                                                         ;1;Saída de leito carroçável                                                                                                                                                                               ;Com Vítimas Feridas;Pleno dia           ;Decrescente         ;Chuva               ;Simples             ;Curva                         ;Não       ;193596;Micro-ônibus        ;I                                                 ;2013.0;Passageiro          ;Lesões Leves        ;29.0;Masculino           ;0;1;0;0;-20.86739352;-40.904301700000005
18485;108912.0;236576.0;2018-02-05;segunda-feira;07:10:00;ES;101.0;392;RIO NOVO DO SUL                                             ;Sim                 ;Falta de Atenção à Condução                                                                         ;1;Saída de leito carroçável                                                                                                                                                                               ;Com Vítimas Feridas;Pleno dia           ;Decrescente         ;Chuva               ;Simples             ;Curva                         ;Não       ;193596;Micro-ônibus        ;I                                                 ;2013.0;Passageiro          ;Lesões Leves        ;51.0;Feminino            ;0;1;0;0;-20.86739352;-40.904301700000005
18528;108936.0;236637.0;2018-02-05;segunda-feira;16:10:00;ES;101.0;87;SAO MATEUS                                                  ;Sim                 ;Falta de Atenção à Condução                                                                         ;1;Saída de leito carroçável                                                                                                                                                                               ;Com Vítimas Feridas;Pleno dia           ;Crescente           ;Nublado             ;Simples             ;Reta                          ;Não       ;193710;Automóvel           ;GM                                                ;2005.0;Passageiro          ;Lesões Graves       ;59.0;Masculino           ;0;0;1;0;-18.8713059;-39.94322866
18529;108936.0;236625.0;2018-02-05;segunda-feira;16:10:00;ES;101.0;87;SAO MATEUS                                                  ;Sim                 ;Falta de Atenção à Condução                                                                         ;1;Saída de leito carroçável                                                                                                                                                                               ;Com Vítimas Feridas;Pleno dia           ;Crescente           ;Nublado             ;Simples             ;Reta                          ;Não       ;193710;Automóvel           ;GM                                                ;2005.0;Condutor            ;Ileso               ;51.0;Masculino           ;1;0;0;0;-18.8713059;-39.94322866
18530;108936.0;236632.0;2018-02-05;segunda-feira;16:10:00;ES;101.0;87;SAO MATEUS                                                  ;Sim                 ;Falta de Atenção à Condução                                                                         ;1;Saída de leito carroçável                                                                                                                                                                               ;Com Vítimas Feridas;Pleno dia           ;Crescente           ;Nublado             ;Simples             ;Reta                          ;Não       ;193715;Bicicleta           ;                                                  ;;Condutor            ;Lesões Leves        ;27.0;Masculino           ;0;1;0;0;-18.8713059;-39.94322866
18632;108993.0;236742.0;2018-02-05;segunda-feira;20:55:00;ES;101.0;143;LINHARES                                                    ;Sim                 ;Velocidade Incompatível                                                                             ;1;Capotamento                                                                                                                                                                                             ;Com Vítimas Feridas;Plena Noite         ;Decrescente         ;Nublado             ;Múltipla            ;Interseção de vias            ;Não       ;193782;Automóvel           ;GM                                                ;2010.0;Condutor            ;Ileso               ;36.0;Masculino           ;1;0;0;0;-19.39159;-40.072563
18633;108993.0;236744.0;2018-02-05;segunda-feira;20:55:00;ES;101.0;143;LINHARES                                                    ;Sim                 ;Velocidade Incompatível                                                                             ;1;Capotamento                                                                                                                                                                                             ;Com Vítimas Feridas;Plena Noite         ;Decrescente         ;Nublado             ;Múltipla            ;Interseção de vias            ;Não       ;193782;Automóvel           ;GM                                                ;2010.0;Passageiro          ;Lesões Leves        ;33.0;Feminino            ;0;1;0;0;-19.39159;-40.072563
18673;109013.0;243960.0;2018-02-05;segunda-feira;23:38:00;ES;101.0;267,8;SERRA                                                       ;Sim                 ;Falta de Atenção à Condução                                                                         ;1;Colisão com objeto estático                                                                                                                                                                             ;Sem Vítimas;Plena Noite         ;Crescente           ;Chuva               ;Múltipla            ;Reta                          ;Sim       ;193849;Automóvel           ;FIAT                                              ;2015.0;Condutor            ;Não Informado       ;;Não Informado       ;0;0;0;0;-20.129093;-40.308125
18674;109014.0;236777.0;2018-02-05;segunda-feira;23:35:00;ES;101.0;365,8;ANCHIETA                                                    ;Sim                 ;Pista Escorregadia                                                                                  ;1;Colisão lateral                                                                                                                                                                                         ;Sem Vítimas;Plena Noite         ;Decrescente         ;Chuva               ;Simples             ;Curva                         ;Não       ;193826;Caminhão-trator     ;M.BENZ                                            ;2008.0;Condutor            ;Ileso               ;49.0;Masculino           ;1;0;0;0;-20.806316;-40.645905
18675;109014.0;236785.0;2018-02-05;segunda-feira;23:35:00;ES;101.0;365,8;ANCHIETA                                                    ;Sim                 ;Pista Escorregadia                                                                                  ;1;Colisão lateral                                                                                                                                                                                         ;Sem Vítimas;Plena Noite         ;Decrescente         ;Chuva               ;Simples             ;Curva                         ;Não       ;193827;Automóvel           ;TOYOTA                                            ;2016.0;Condutor            ;Ileso               ;35.0;Feminino            ;1;0;0;0;-20.806316;-40.645905
18798;109070.0;236865.0;2018-02-06;terça-feira;08:05:00;ES;101.0;293,1;CARIACICA                                                   ;Sim                 ;Defeito na Via                                                                                      ;1;Queda de ocupante de veículo                                                                                                                                                                            ;Com Vítimas Feridas;Pleno dia           ;Decrescente         ;Chuva               ;Múltipla            ;Reta                          ;Sim       ;193941;Motocicleta         ;YAMAHA                                            ;2016.0;Condutor            ;Lesões Leves        ;34.0;Masculino           ;0;1;0;0;-20.316099899999998;-40.3938335
18799;109070.0;236869.0;2018-02-06;terça-feira;08:05:00;ES;101.0;293,1;CARIACICA                                                   ;Sim                 ;Defeito na Via                                                                                      ;1;Queda de ocupante de veículo                                                                                                                                                                            ;Com Vítimas Feridas;Pleno dia           ;Decrescente         ;Chuva               ;Múltipla            ;Reta                          ;Sim       ;193941;Motocicleta         ;YAMAHA                                            ;2016.0;Passageiro          ;Lesões Leves        ;28.0;Masculino           ;0;1;0;0;-20.316099899999998;-40.3938335
18818;109084.0;237049.0;2018-02-06;terça-feira;09:00:00;ES;101.0;240,5;SERRA                                                       ;Sim                 ;Pista Escorregadia                                                                                  ;1;Colisão lateral                                                                                                                                                                                         ;Com Vítimas Feridas;Pleno dia           ;Crescente           ;Chuva               ;Dupla               ;Não Informado                 ;Não       ;194041;Caminhão            ;I                                                 ;2015.0;Passageiro          ;Lesões Leves        ;3.0;Masculino           ;0;1;0;0;-20.129093;-40.308125
18819;109084.0;237046.0;2018-02-06;terça-feira;09:00:00;ES;101.0;240,5;SERRA                                                       ;Sim                 ;Pista Escorregadia                                                                                  ;1;Colisão lateral                                                                                                                                                                                         ;Com Vítimas Feridas;Pleno dia           ;Crescente           ;Chuva               ;Dupla               ;Não Informado                 ;Não       ;194041;Caminhão            ;I                                                 ;2015.0;Passageiro          ;Lesões Leves        ;37.0;Feminino            ;0;1;0;0;-20.129093;-40.308125
18820;109084.0;237043.0;2018-02-06;terça-feira;09:00:00;ES;101.0;240,5;SERRA                                                       ;Sim                 ;Pista Escorregadia                                                                                  ;1;Colisão lateral                                                                                                                                                                                         ;Com Vítimas Feridas;Pleno dia           ;Crescente           ;Chuva               ;Dupla               ;Não Informado                 ;Não       ;194041;Caminhão            ;I                                                 ;2015.0;Condutor            ;Ileso               ;60.0;Masculino           ;1;0;0;0;-20.129093;-40.308125
18821;109084.0;237035.0;2018-02-06;terça-feira;09:00:00;ES;101.0;240,5;SERRA                                                       ;Sim                 ;Pista Escorregadia                                                                                  ;1;Colisão lateral                                                                                                                                                                                         ;Com Vítimas Feridas;Pleno dia           ;Crescente           ;Chuva               ;Dupla               ;Não Informado                 ;Não       ;194047;Caminhonete         ;MMC                                               ;2006.0;Condutor            ;Lesões Leves        ;32.0;Masculino           ;0;1;0;0;-20.129093;-40.308125
19027;109196.0;239691.0;2018-02-06;terça-feira;17:30:00;ES;101.0;1;VITORIA                                                     ;Sim                 ;Falta de Atenção à Condução                                                                         ;1;Colisão lateral                                                                                                                                                                                         ;Com Vítimas Feridas;Pleno dia           ;Decrescente         ;Céu Claro           ;Simples             ;Reta                          ;Sim       ;196211;Camioneta           ;FORD                                              ;2012.0;Condutor            ;Ileso               ;47.0;Masculino           ;1;0;0;0;-20.27727583;-40.28659345
19028;109196.0;239703.0;2018-02-06;terça-feira;17:30:00;ES;101.0;1;VITORIA                                                     ;Sim                 ;Falta de Atenção à Condução                                                                         ;1;Colisão lateral                                                                                                                                                                                         ;Com Vítimas Feridas;Pleno dia           ;Decrescente         ;Céu Claro           ;Simples             ;Reta                          ;Sim       ;196241;Motocicleta         ;HONDA                                             ;2010.0;Condutor            ;Lesões Leves        ;29.0;Masculino           ;0;1;0;0;-20.27727583;-40.28659345