;id;pesid;data_inversa;dia_semana;horario;uf;br;km;municipio;causa_principal;causa_acidente;ordem_tipo_acidente;tipo_acidente;classificacao_acidente;fase_dia;sentido_via;condicao_metereologica;tipo_pista;tracado_via;uso_solo;id_veiculo;tipo_veiculo;marca;ano_fabricacao_veiculo;tipo_envolvido;estado_fisico;idade;sexo;ilesos;feridos_leves;feridos_graves;mortos;latitude;longitude
21124;110227.0;243373.0;2018-02-10;sábado;13:45:00;ES;101.0;340,3;GUARAPARI                                                   ;Sim                 ;Condutor Dormindo                                                                                   ;1;Colisão frontal                                                                                                                                                                                         ;Sem Vítimas;Pleno dia           ;Crescente           ;Sol                 ;Simples             ;Desvio Temporário             ;Não       ;196400;Automóvel           ;HYUNDAI                                           ;2016.0;Condutor            ;Ileso               ;44.0;Masculino           ;1;0;0;0;-20.64851214;-40.56850523
21125;110227.0;243369.0;2018-02-10;sábado;13:45:00;ES;101.0;340,3;GUARAPARI                                                   ;Sim                 ;Condutor Dormindo                                                                                   ;1;Colisão frontal                                                                                                                                                                                         ;Sem Vítimas;Pleno dia           ;Crescente           ;Sol                 ;Simples             ;Desvio Temporário             ;Não       ;196399;Automóvel           ;FIAT                                              ;2011.0;Condutor            ;Ileso               ;67.0;Masculino           ;1;0;0;0;-20.64851214;-40.56850523
21162;110245.0;240078.0;2018-02-10;sábado;15:30:00;ES;101.0;265,7;SERRA                                                       ;Sim                 ;Desobediência às normas de trânsito pelo condutor                                                   ;1;Colisão transversal                                                                                                                                                                                     ;Com Vítimas Feridas;Pleno dia           ;Crescente           ;Céu Claro           ;Dupla               ;Interseção de vias            ;Sim       ;196522;Automóvel           ;FIAT                                              ;2008.0;Condutor            ;Ileso               ;61.0;Masculino           ;1;0;0;0;-20.129093;-40.308125
21163;110245.0;240065.0;2018-02-10;sábado;15:30:00;ES;101.0;265,7;SERRA                                                       ;Sim                 ;Desobediência às normas de trânsito pelo condutor                                                   ;1;Colisão transversal                                                                                                                                                                                     ;Com Vítimas Feridas;Pleno dia           ;Crescente           ;Céu Claro           ;Dupla               ;Interseção de vias            ;Sim       ;196521;Bicicleta           ;                                                  ;;Condutor            ;Lesões Graves       ;37.0;Masculino           ;0;0;1;0;-20.129093;-40.308125
21272;110295.0;240000.0;2018-02-10;sábado;15:15:00;ES;101.0;178,4;ARACRUZ                                                     ;Sim                 ;Falta de Atenção à Condução                                                                         ;1;Saída de leito carroçável                                                                                                                                                                               ;Com Vítimas Feridas;Pleno dia           ;Decrescente         ;Céu Claro           ;Simples             ;Curva                         ;Não       ;196469;Automóvel           ;GM                                                ;1999.0;Condutor            ;Lesões Leves        ;22.0;Masculino           ;0;1;0;0;-19.61421159;-40.21309376
21306;110309.0;240097.0;2018-02-10;sábado;16:30:00;ES;101.0;239;SERRA                                                       ;Sim                 ;Falta de Atenção à Condução                                                                         ;1;Colisão traseira                                                                                                                                                                                        ;Com Vítimas Feridas;Pleno dia           ;Decrescente         ;Sol                 ;Simples             ;Reta                          ;Sim       ;196553;Motocicleta         ;HONDA                                             ;2014.0;Condutor            ;Lesões Leves        ;22.0;Masculino           ;0;1;0;0;-20.129093;-40.308125
21307;110309.0;240096.0;2018-02-10;sábado;16:30:00;ES;101.0;239;SERRA                                                       ;Sim                 ;Falta de Atenção à Condução                                                                         ;1;Colisão traseira                                                                                                                                                                                        ;Com Vítimas Feridas;Pleno dia           ;Decrescente         ;Sol                 ;Simples             ;Reta                          ;Sim       ;196552;Automóvel           ;VW                                                ;2009.0;Condutor            ;Ileso               ;25.0;Feminino            ;1;0;0;0;-20.129093;-40.308125
21317;110312.0;242308.0;2018-02-10;sábado;18:10:00;ES;101.0;450;MIMOSO DO SUL                                               ;Sim                 ;Ingestão de Álcool                                                                                  ;1;Queda de ocupante de veículo                                                                                                                                                                            ;Com Vítimas Feridas;Pleno dia           ;Decrescente         ;Céu Claro           ;Simples             ;Reta                          ;Não       ;196820;Motocicleta         ;YAMAHA                                            ;2017.0;Condutor            ;Lesões Leves        ;30.0;Masculino           ;0;1;0;0;-21.06465;-41.366745
21402;110360.0;249236.0;2018-02-10;sábado;20:05:00;ES;101.0;370,6;ICONHA                                                      ;Sim                 ;Desobediência às normas de trânsito pelo condutor                                                   ;1;Colisão transversal                                                                                                                                                                                     ;Sem Vítimas;Plena Noite         ;Crescente           ;Céu Claro           ;Simples             ;Reta                          ;Não       ;196822;Automóvel           ;FORD                                              ;2003.0;Passageiro          ;Ileso               ;40.0;Feminino            ;1;0;0;0;-20.7708822;-40.76341326
21403;110360.0;249234.0;2018-02-10;sábado;20:05:00;ES;101.0;370,6;ICONHA                                                      ;Sim                 ;Desobediência às normas de trânsito pelo condutor                                                   ;1;Colisão transversal                                                                                                                                                                                     ;Sem Vítimas;Plena Noite         ;Crescente           ;Céu Claro           ;Simples             ;Reta                          ;Não       ;196822;Automóvel           ;FORD                                              ;2003.0;Passageiro          ;Ileso               ;17.0;Feminino            ;1;0;0;0;-20.7708822;-40.76341326
21404;110360.0;249233.0;2018-02-10;sábado;20:05:00;ES;101.0;370,6;ICONHA                                                      ;Sim                 ;Desobediência às normas de trânsito pelo condutor                                                   ;1;Colisão transversal                                                                                                                                                                                     ;Sem Vítimas;Plena Noite         ;Crescente           ;Céu Claro           ;Simples             ;Reta                          ;Não       ;196822;Automóvel           ;FORD                                              ;2003.0;Passageiro          ;Ileso               ;15.0;Masculino           ;1;0;0;0;-20.7708822;-40.76341326
21405;110360.0;249232.0;2018-02-10;sábado;20:05:00;ES;101.0;370,6;ICONHA                                                      ;Sim                 ;Desobediência às normas de trânsito pelo condutor                                                   ;1;Colisão transversal                                                                                                                                                                                     ;Sem Vítimas;Plena Noite         ;Crescente           ;Céu Claro           ;Simples             ;Reta                          ;Não       ;196821;Caminhão            ;VW                                                ;2013.0;Passageiro          ;Ileso               ;54.0;Masculino           ;1;0;0;0;-20.7708822;-40.76341326
21406;110360.0;249231.0;2018-02-10;sábado;20:05:00;ES;101.0;370,6;ICONHA                                                      ;Sim                 ;Desobediência às normas de trânsito pelo condutor                                                   ;1;Colisão transversal                                                                                                                                                                                     ;Sem Vítimas;Plena Noite         ;Crescente           ;Céu Claro           ;Simples             ;Reta                          ;Não       ;196821;Caminhão            ;VW                                                ;2013.0;Condutor            ;Ileso               ;50.0;Masculino           ;1;0;0;0;-20.7708822;-40.76341326
21407;110360.0;249230.0;2018-02-10;sábado;20:05:00;ES;101.0;370,6;ICONHA                                                      ;Sim                 ;Desobediência às normas de trânsito pelo condutor                                                   ;1;Colisão transversal                                                                                                                                                                                     ;Sem Vítimas;Plena Noite         ;Crescente           ;Céu Claro           ;Simples             ;Reta                          ;Não       ;196822;Automóvel           ;FORD                                              ;2003.0;Condutor            ;Ileso               ;46.0;Masculino           ;1;0;0;0;-20.7708822;-40.76341326
21545;110429.0;240373.0;2018-02-11;domingo;02:20:00;ES;101.0;14;PEDRO CANARIO                                               ;Sim                 ;Falta de Atenção à Condução                                                                         ;1;Queda de ocupante de veículo                                                                                                                                                                            ;Com Vítimas Feridas;Plena Noite         ;Crescente           ;Céu Claro           ;Simples             ;Reta                          ;Não       ;196777;Motocicleta         ;HONDA                                             ;2003.0;Condutor            ;Lesões Leves        ;33.0;Masculino           ;0;1;0;0;-18.282452;-39.956776
21696;110504.0;240725.0;2018-02-11;domingo;09:55:00;ES;101.0;183,6;ARACRUZ                                                     ;Sim                 ;Falta de Atenção à Condução                                                                         ;1;Queda de ocupante de veículo                                                                                                                                                                            ;Com Vítimas Feridas;Pleno dia           ;Crescente           ;Céu Claro           ;Simples             ;Não Informado                 ;Não       ;197075;Motocicleta         ;HONDA                                             ;2003.0;Condutor            ;Lesões Leves        ;32.0;Masculino           ;0;1;0;0;-19.709829;-40.33699036
21739;110523.0;240662.0;2018-02-11;domingo;11:50:00;ES;101.0;291,3;CARIACICA                                                   ;Sim                 ;Ingestão de Álcool                                                                                  ;1;Queda de ocupante de veículo                                                                                                                                                                            ;Com Vítimas Feridas;Pleno dia           ;Crescente           ;Sol                 ;Dupla               ;Reta                          ;Sim       ;197003;Motocicleta         ;HONDA                                             ;2016.0;Condutor            ;Lesões Leves        ;34.0;Masculino           ;0;1;0;0;-20.321099;-40.395958
22051;110664.0;240916.0;2018-02-11;domingo;22:20:00;ES;101.0;231,2;FUNDAO                                                      ;Sim                 ;Velocidade Incompatível                                                                             ;1;Colisão lateral                                                                                                                                                                                         ;Sem Vítimas;Plena Noite         ;Decrescente         ;Céu Claro           ;Simples             ;Curva                         ;Sim       ;197249;Caminhonete         ;VW                                                ;2017.0;Condutor            ;Não Informado       ;;Não Informado       ;0;0;0;0;-19.98911861;-40.41568281
22052;110664.0;240915.0;2018-02-11;domingo;22:20:00;ES;101.0;231,2;FUNDAO                                                      ;Sim                 ;Velocidade Incompatível                                                                             ;1;Colisão lateral                                                                                                                                                                                         ;Sem Vítimas;Plena Noite         ;Decrescente         ;Céu Claro           ;Simples             ;Curva                         ;Sim       ;197247;Automóvel           ;GM                                                ;1994.0;Condutor            ;Não Informado       ;;Não Informado       ;0;0;0;0;-19.98911861;-40.41568281
22106;110689.0;240914.0;2018-02-11;domingo;23:50:00;ES;101.0;295;CARIACICA                                                   ;Não                 ;Ingestão de Álcool                                                                                  ;1;Colisão transversal                                                                                                                                                                                     ;Com Vítimas Feridas;Plena Noite         ;Crescente           ;Céu Claro           ;Múltipla            ;Reta                          ;Sim       ;197243;Motocicleta         ;                                                  ;;Condutor            ;Não Informado       ;;Não Informado       ;0;0;0;0;-20.334213000000002;-40.401118
22107;110689.0;240908.0;2018-02-11;domingo;23:50:00;ES;101.0;295;CARIACICA                                                   ;Não                 ;Ingestão de Álcool                                                                                  ;1;Colisão transversal                                                                                                                                                                                     ;Com Vítimas Feridas;Plena Noite         ;Crescente           ;Céu Claro           ;Múltipla            ;Reta                          ;Sim       ;197243;Motocicleta         ;                                                  ;;Testemunha          ;Não Informado       ;;Não Informado       ;0;0;0;0;-20.334213000000002;-40.401118
22108;110689.0;240913.0;2018-02-11;domingo;23:50:00;ES;101.0;295;CARIACICA                                                   ;Não                 ;Ingestão de Álcool                                                                                  ;1;Colisão transversal                                                                                                                                                                                     ;Com Vítimas Feridas;Plena Noite         ;Crescente           ;Céu Claro           ;Múltipla            ;Reta                          ;Sim       ;197242;Motocicleta         ;HONDA                                             ;2003.0;Passageiro          ;Lesões Leves        ;32.0;Feminino            ;0;1;0;0;-20.334213000000002;-40.401118
22109;110689.0;240907.0;2018-02-11;domingo;23:50:00;ES;101.0;295;CARIACICA                                                   ;Não                 ;Ingestão de Álcool                                                                                  ;1;Colisão transversal                                                                                                                                                                                     ;Com Vítimas Feridas;Plena Noite         ;Crescente           ;Céu Claro           ;Múltipla            ;Reta                          ;Sim       ;197242;Motocicleta         ;HONDA                                             ;2003.0;Condutor            ;Lesões Graves       ;22.0;Masculino           ;0;0;1;0;-20.334213000000002;-40.401118
22148;110712.0;244145.0;2018-02-12;segunda-feira;04:30:00;ES;101.0;86;SAO MATEUS                                                  ;Sim                 ;Condutor Dormindo                                                                                   ;1;Queda de ocupante de veículo                                                                                                                                                                            ;Com Vítimas Feridas;Plena Noite         ;Crescente           ;Céu Claro           ;Simples             ;Curva                         ;Não       ;199580;Motocicleta         ;HONDA                                             ;2014.0;Condutor            ;Lesões Leves        ;22.0;Masculino           ;0;1;0;0;-18.7167;-39.8594
22167;110723.0;241015.0;2018-02-12;segunda-feira;07:35:00;ES;101.0;268,8;SERRA                                                       ;Sim                 ;Falta de Atenção à Condução                                                                         ;1;Colisão traseira                                                                                                                                                                                        ;Com Vítimas Feridas;Pleno dia           ;Crescente           ;Céu Claro           ;Dupla               ;Reta                          ;Sim       ;197327;Outros              ;                                                  ;;Condutor            ;Não Informado       ;;Não Informado       ;0;0;0;0;-20.129093;-40.308125
22168;110723.0;241013.0;2018-02-12;segunda-feira;07:35:00;ES;101.0;268,8;SERRA                                                       ;Sim                 ;Falta de Atenção à Condução                                                                         ;1;Colisão traseira                                                                                                                                                                                        ;Com Vítimas Feridas;Pleno dia           ;Crescente           ;Céu Claro           ;Dupla               ;Reta                          ;Sim       ;197326;Automóvel           ;FIAT                                              ;2004.0;Condutor            ;Lesões Leves        ;26.0;Masculino           ;0;1;0;0;-20.129093;-40.308125
22169;110723.0;241012.0;2018-02-12;segunda-feira;07:35:00;ES;101.0;268,8;SERRA                                                       ;Sim                 ;Falta de Atenção à Condução                                                                         ;1;Colisão traseira                                                                                                                                                                                        ;Com Vítimas Feridas;Pleno dia           ;Crescente           ;Céu Claro           ;Dupla               ;Reta                          ;Sim       ;197325;Caminhonete         ;FIAT                                              ;2009.0;Condutor            ;Ileso               ;39.0;Masculino           ;1;0;0;0;-20.129093;-40.308125
22294;110779.0;241162.0;2018-02-12;segunda-feira;13:30:00;ES;101.0;270,8;SERRA                                                       ;Sim                 ;Falta de Atenção à Condução                                                                         ;1;Queda de ocupante de veículo                                                                                                                                                                            ;Com Vítimas Feridas;Pleno dia           ;Decrescente         ;Céu Claro           ;Múltipla            ;Curva                         ;Sim       ;197431;Motocicleta         ;HONDA                                             ;2011.0;Condutor            ;Lesões Graves       ;23.0;Masculino           ;0;0;1;0;-20.23310681;-40.2750501
22350;110809.0;241222.0;2018-02-12;segunda-feira;15:28:00;ES;101.0;329;GUARAPARI                                                   ;Sim                 ;Falta de Atenção à Condução                                                                         ;1;Colisão lateral                                                                                                                                                                                         ;Com Vítimas Feridas;Pleno dia           ;Crescente           ;Céu Claro           ;Simples             ;Curva                         ;Não       ;197467;Automóvel           ;I                                                 ;2012.0;Passageiro          ;Lesões Leves        ;22.0;Feminino            ;0;1;0;0;-20.66715;-40.49785
22351;110809.0;241221.0;2018-02-12;segunda-feira;15:28:00;ES;101.0;329;GUARAPARI                                                   ;Sim                 ;Falta de Atenção à Condução                                                                         ;1;Colisão lateral                                                                                                                                                                                         ;Com Vítimas Feridas;Pleno dia           ;Crescente           ;Céu Claro           ;Simples             ;Curva                         ;Não       ;197467;Automóvel           ;I                                                 ;2012.0;Condutor            ;Lesões Leves        ;22.0;Masculino           ;0;1;0;0;-20.66715;-40.49785
22352;110809.0;241219.0;2018-02-12;segunda-feira;15:28:00;ES;101.0;329;GUARAPARI                                                   ;Sim                 ;Falta de Atenção à Condução                                                                         ;1;Colisão lateral                                                                                                                                                                                         ;Com Vítimas Feridas;Pleno dia           ;Crescente           ;Céu Claro           ;Simples             ;Curva                         ;Não       ;197466;Automóvel           ;CITROEN                                           ;2011.0;Passageiro          ;Ileso               ;38.0;Feminino            ;1;0;0;0;-20.66715;-40.49785
22353;110809.0;241217.0;2018-02-12;segunda-feira;15:28:00;ES;101.0;329;GUARAPARI                                                   ;Sim                 ;Falta de Atenção à Condução                                                                         ;1;Colisão lateral                                                                                                                                                                                         ;Com Vítimas Feridas;Pleno dia           ;Crescente           ;Céu Claro           ;Simples             ;Curva                         ;Não       ;197466;Automóvel           ;CITROEN                                           ;2011.0;Passageiro          ;Lesões Leves        ;26.0;Feminino            ;0;1;0;0;-20.66715;-40.49785
22354;110809.0;241216.0;2018-02-12;segunda-feira;15:28:00;ES;101.0;329;GUARAPARI                                                   ;Sim                 ;Falta de Atenção à Condução                                                                         ;1;Colisão lateral                                                                                                                                                                                         ;Com Vítimas Feridas;Pleno dia           ;Crescente           ;Céu Claro           ;Simples             ;Curva                         ;Não       ;197466;Automóvel           ;CITROEN                                           ;2011.0;Condutor            ;Lesões Leves        ;38.0;Feminino            ;0;1;0;0;-20.66715;-40.49785
22576;110913.0;244414.0;2018-02-13;terça-feira;06:05:00;ES;101.0;61;SAO MATEUS                                                  ;Sim                 ;Não guardar distância de segurança                                                                  ;1;Colisão traseira                                                                                                                                                                                        ;Com Vítimas Feridas;Pleno dia           ;Crescente           ;Sol                 ;Simples             ;Reta                          ;Sim       ;197673;Automóvel           ;VW                                                ;2004.0;Condutor            ;Lesões Graves       ;40.0;Masculino           ;0;0;1;0;-18.681532;-39.863647
22577;110913.0;244412.0;2018-02-13;terça-feira;06:05:00;ES;101.0;61;SAO MATEUS                                                  ;Sim                 ;Não guardar distância de segurança                                                                  ;1;Colisão traseira                                                                                                                                                                                        ;Com Vítimas Feridas;Pleno dia           ;Crescente           ;Sol                 ;Simples             ;Reta                          ;Sim       ;197672;Caminhão-trator     ;IVECO                                             ;2010.0;Condutor            ;Ileso               ;55.0;Masculino           ;1;0;0;0;-18.681532;-39.863647
22816;111020.0;241963.0;2018-02-13;terça-feira;16:45:00;ES;101.0;391,9;RIO NOVO DO SUL                                             ;Sim                 ;Falta de Atenção à Condução                                                                         ;1;Colisão traseira                                                                                                                                                                                        ;Com Vítimas Feridas;Pleno dia           ;Crescente           ;Céu Claro           ;Simples             ;Curva                         ;Não       ;197952;Automóvel           ;FORD                                              ;2012.0;Condutor            ;Ileso               ;58.0;Masculino           ;1;0;0;0;-20.862984;-40.93674
22817;111020.0;241962.0;2018-02-13;terça-feira;16:45:00;ES;101.0;391,9;RIO NOVO DO SUL                                             ;Sim                 ;Falta de Atenção à Condução                                                                         ;1;Colisão traseira                                                                                                                                                                                        ;Com Vítimas Feridas;Pleno dia           ;Crescente           ;Céu Claro           ;Simples             ;Curva                         ;Não       ;197951;Motocicleta         ;HONDA                                             ;2012.0;Passageiro          ;Lesões Leves        ;21.0;Masculino           ;0;1;0;0;-20.862984;-40.93674
22818;111020.0;241959.0;2018-02-13;terça-feira;16:45:00;ES;101.0;391,9;RIO NOVO DO SUL                                             ;Sim                 ;Falta de Atenção à Condução                                                                         ;1;Colisão traseira                                                                                                                                                                                        ;Com Vítimas Feridas;Pleno dia           ;Crescente           ;Céu Claro           ;Simples             ;Curva                         ;Não       ;197951;Motocicleta         ;HONDA                                             ;2012.0;Condutor            ;Lesões Graves       ;40.0;Feminino            ;0;0;1;0;-20.862984;-40.93674
22919;111062.0;241999.0;2018-02-13;terça-feira;18:30:00;ES;101.0;290;CARIACICA                                                   ;Sim                 ;Falta de Atenção à Condução                                                                         ;1;Colisão com objeto estático                                                                                                                                                                             ;Com Vítimas Feridas;Plena Noite         ;Decrescente         ;Céu Claro           ;Dupla               ;Reta                          ;Não       ;197972;Caminhonete         ;GM                                                ;2004.0;Condutor            ;Ileso               ;32.0;Feminino            ;1;0;0;0;-20.26437;-40.420345000000005
22920;111062.0;241997.0;2018-02-13;terça-feira;18:30:00;ES;101.0;290;CARIACICA                                                   ;Sim                 ;Falta de Atenção à Condução                                                                         ;1;Colisão com objeto estático                                                                                                                                                                             ;Com Vítimas Feridas;Plena Noite         ;Decrescente         ;Céu Claro           ;Dupla               ;Reta                          ;Não       ;197971;Automóvel           ;GM                                                ;2006.0;Passageiro          ;Lesões Leves        ;18.0;Feminino            ;0;1;0;0;-20.26437;-40.420345000000005
22921;111062.0;241996.0;2018-02-13;terça-feira;18:30:00;ES;101.0;290;CARIACICA                                                   ;Sim                 ;Falta de Atenção à Condução                                                                         ;1;Colisão com objeto estático                                                                                                                                                                             ;Com Vítimas Feridas;Plena Noite         ;Decrescente         ;Céu Claro           ;Dupla               ;Reta                          ;Não       ;197971;Automóvel           ;GM                                                ;2006.0;Condutor            ;Ileso               ;27.0;Masculino           ;1;0;0;0;-20.26437;-40.420345000000005
22928;111066.0;241954.0;2018-02-13;terça-feira;19:20:00;ES;101.0;241,6;SERRA                                                       ;Sim                 ;Falta de Atenção à Condução                                                                         ;1;Danos eventuais                                                                                                                                                                                         ;Sem Vítimas;Plena Noite         ;Decrescente         ;Céu Claro           ;Simples             ;Reta                          ;Sim       ;197950;Automóvel           ;GM                                                ;1995.0;Condutor            ;Ileso               ;35.0;Masculino           ;1;0;0;0;-20.03082159;-40.39770914
23162;111163.0;244223.0;2018-02-14;quarta-feira;06:30:00;ES;101.0;128,9;SOORETAMA                                                   ;Sim                 ;Falta de Atenção à Condução                                                                         ;1;Colisão traseira                                                                                                                                                                                        ;Com Vítimas Feridas;Amanhecer           ;Crescente           ;Céu Claro           ;Múltipla            ;Reta                          ;Sim       ;198134;Bicicleta           ;                                                  ;;Condutor            ;Lesões Leves        ;19.0;Masculino           ;0;1;0;0;-19.197422;-40.098118
23169;111168.0;245710.0;2018-02-14;quarta-feira;07:20:00;ES;101.0;123,8;SOORETAMA                                                   ;Sim                 ;Falta de Atenção do Pedestre                                                                        ;1;Colisão com objeto em movimento                                                                                                                                                                         ;Com Vítimas Feridas;Pleno dia           ;Crescente           ;Céu Claro           ;Simples             ;Reta                          ;Não       ;200817;Bicicleta           ;                                                  ;;Pedestre            ;Ileso               ;;Não Informado       ;1;0;0;0;-19.18036986;-40.09293348
23170;111168.0;245709.0;2018-02-14;quarta-feira;07:20:00;ES;101.0;123,8;SOORETAMA                                                   ;Sim                 ;Falta de Atenção do Pedestre                                                                        ;1;Colisão com objeto em movimento                                                                                                                                                                         ;Com Vítimas Feridas;Pleno dia           ;Crescente           ;Céu Claro           ;Simples             ;Reta                          ;Não       ;200817;Bicicleta           ;                                                  ;;Condutor            ;Lesões Leves        ;47.0;Feminino            ;0;1;0;0;-19.18036986;-40.09293348
23210;111186.0;242208.0;2018-01-15;segunda-feira;11:20:00;ES;101.0;138,6;LINHARES                                                    ;Sim                 ;Desobediência às normas de trânsito pelo condutor                                                   ;1;Colisão transversal                                                                                                                                                                                     ;Com Vítimas Feridas;Pleno dia           ;Crescente           ;Sol                 ;Múltipla            ;Interseção de vias            ;Não       ;198138;Automóvel           ;FIAT                                              ;2009.0;Passageiro          ;Ileso               ;33.0;Feminino            ;1;0;0;0;-19.30631357;-40.082151
23211;111186.0;242207.0;2018-01-15;segunda-feira;11:20:00;ES;101.0;138,6;LINHARES                                                    ;Sim                 ;Desobediência às normas de trânsito pelo condutor                                                   ;1;Colisão transversal                                                                                                                                                                                     ;Com Vítimas Feridas;Pleno dia           ;Crescente           ;Sol                 ;Múltipla            ;Interseção de vias            ;Não       ;198138;Automóvel           ;FIAT                                              ;2009.0;Condutor            ;Ileso               ;43.0;Masculino           ;1;0;0;0;-19.30631357;-40.082151
23212;111186.0;242206.0;2018-01-15;segunda-feira;11:20:00;ES;101.0;138,6;LINHARES                                                    ;Sim                 ;Desobediência às normas de trânsito pelo condutor                                                   ;1;Colisão transversal                                                                                                                                                                                     ;Com Vítimas Feridas;Pleno dia           ;Crescente           ;Sol                 ;Múltipla            ;Interseção de vias            ;Não       ;198137;Caminhonete         ;FIAT                                              ;2011.0;Condutor            ;Lesões Leves        ;53.0;Masculino           ;0;1;0;0;-19.30631357;-40.082151
23233;111195.0;242685.0;2018-02-14;quarta-feira;09:10:00;ES;101.0;181;ARACRUZ                                                     ;Sim                 ;Falta de Atenção à Condução                                                                         ;1;Colisão frontal                                                                                                                                                                                         ;Com Vítimas Feridas;Pleno dia           ;Decrescente         ;Céu Claro           ;Simples             ;Reta                          ;Não       ;198443;Automóvel           ;VW                                                ;2011.0;Passageiro          ;Lesões Graves       ;60.0;Feminino            ;0;0;1;0;-19.63155809;-40.22637606
23234;111195.0;242682.0;2018-02-14;quarta-feira;09:10:00;ES;101.0;181;ARACRUZ                                                     ;Sim                 ;Falta de Atenção à Condução                                                                         ;1;Colisão frontal                                                                                                                                                                                         ;Com Vítimas Feridas;Pleno dia           ;Decrescente         ;Céu Claro           ;Simples             ;Reta                          ;Não       ;198443;Automóvel           ;VW                                                ;2011.0;Condutor            ;Lesões Graves       ;66.0;Masculino           ;0;0;1;0;-19.63155809;-40.22637606
23235;111195.0;242680.0;2018-02-14;quarta-feira;09:10:00;ES;101.0;181;ARACRUZ                                                     ;Sim                 ;Falta de Atenção à Condução                                                                         ;1;Colisão frontal                                                                                                                                                                                         ;Com Vítimas Feridas;Pleno dia           ;Decrescente         ;Céu Claro           ;Simples             ;Reta                          ;Não       ;198438;Camioneta           ;I                                                 ;2011.0;Passageiro          ;Lesões Graves       ;45.0;Feminino            ;0;0;1;0;-19.63155809;-40.22637606
23236;111195.0;242679.0;2018-02-14;quarta-feira;09:10:00;ES;101.0;181;ARACRUZ                                                     ;Sim                 ;Falta de Atenção à Condução                                                                         ;1;Colisão frontal                                                                                                                                                                                         ;Com Vítimas Feridas;Pleno dia           ;Decrescente         ;Céu Claro           ;Simples             ;Reta                          ;Não       ;198438;Camioneta           ;I                                                 ;2011.0;Passageiro          ;Lesões Leves        ;81.0;Masculino           ;0;1;0;0;-19.63155809;-40.22637606
23237;111195.0;242678.0;2018-02-14;quarta-feira;09:10:00;ES;101.0;181;ARACRUZ                                                     ;Sim                 ;Falta de Atenção à Condução                                                                         ;1;Colisão frontal                                                                                                                                                                                         ;Com Vítimas Feridas;Pleno dia           ;Decrescente         ;Céu Claro           ;Simples             ;Reta                          ;Não       ;198438;Camioneta           ;I                                                 ;2011.0;Passageiro          ;Lesões Graves       ;75.0;Feminino            ;0;0;1;0;-19.63155809;-40.22637606
23238;111195.0;242677.0;2018-02-14;quarta-feira;09:10:00;ES;101.0;181;ARACRUZ                                                     ;Sim                 ;Falta de Atenção à Condução                                                                         ;1;Colisão frontal                                                                                                                                                                                         ;Com Vítimas Feridas;Pleno dia           ;Decrescente         ;Céu Claro           ;Simples             ;Reta                          ;Não       ;198438;Camioneta           ;I                                                 ;2011.0;Condutor            ;Lesões Leves        ;49.0;Masculino           ;0;1;0;0;-19.63155809;-40.22637606
23248;111200.0;242342.0;2018-02-14;quarta-feira;07:00:00;ES;101.0;261;SERRA                                                       ;Sim                 ;Falta de Atenção à Condução                                                                         ;1;Colisão com objeto estático                                                                                                                                                                             ;Com Vítimas Feridas;Pleno dia           ;Crescente           ;Sol                 ;Múltipla            ;Curva                         ;Sim       ;198208;Motoneta            ;HONDA                                             ;2001.0;Condutor            ;Lesões Graves       ;35.0;Feminino            ;0;0;1;0;-20.129093;-40.308125
23249;111200.0;242345.0;2018-02-14;quarta-feira;07:00:00;ES;101.0;261;SERRA                                                       ;Sim                 ;Falta de Atenção à Condução                                                                         ;1;Colisão com objeto estático                                                                                                                                                                             ;Com Vítimas Feridas;Pleno dia           ;Crescente           ;Sol                 ;Múltipla            ;Curva                         ;Sim       ;198208;Motoneta            ;HONDA                                             ;2001.0;Passageiro          ;Lesões Leves        ;31.0;Masculino           ;0;1;0;0;-20.129093;-40.308125
23399;111276.0;242738.0;2018-02-14;quarta-feira;13:40:00;ES;101.0;304;VIANA                                                       ;Sim                 ;Ingestão de Substâncias Psicoativas                                                                 ;1;Colisão frontal                                                                                                                                                                                         ;Sem Vítimas;Pleno dia           ;Crescente           ;Céu Claro           ;Dupla               ;Reta                          ;Sim       ;198413;Automóvel           ;I                                                 ;2010.0;Pedestre            ;Ileso               ;53.0;Masculino           ;1;0;0;0;-20.383020600000002;-40.4597951
23400;111276.0;242730.0;2018-02-14;quarta-feira;13:40:00;ES;101.0;304;VIANA                                                       ;Sim                 ;Ingestão de Substâncias Psicoativas                                                                 ;1;Colisão frontal                                                                                                                                                                                         ;Sem Vítimas;Pleno dia           ;Crescente           ;Céu Claro           ;Dupla               ;Reta                          ;Sim       ;198485;Motocicleta         ;BMW                                               ;2015.0;Passageiro          ;Ileso               ;35.0;Masculino           ;1;0;0;0;-20.383020600000002;-40.4597951