;id;pesid;data_inversa;dia_semana;horario;uf;br;km;municipio;causa_principal;causa_acidente;ordem_tipo_acidente;tipo_acidente;classificacao_acidente;fase_dia;sentido_via;condicao_metereologica;tipo_pista;tracado_via;uso_solo;id_veiculo;tipo_veiculo;marca;ano_fabricacao_veiculo;tipo_envolvido;estado_fisico;idade;sexo;ilesos;feridos_leves;feridos_graves;mortos;latitude;longitude
23401;111276.0;242729.0;2018-02-14;quarta-feira;13:40:00;ES;101.0;304;VIANA                                                       ;Sim                 ;Ingestão de Substâncias Psicoativas                                                                 ;1;Colisão frontal                                                                                                                                                                                         ;Sem Vítimas;Pleno dia           ;Crescente           ;Céu Claro           ;Dupla               ;Reta                          ;Sim       ;198485;Motocicleta         ;BMW                                               ;2015.0;Condutor            ;Ileso               ;49.0;Masculino           ;1;0;0;0;-20.383020600000002;-40.4597951
23402;111276.0;242728.0;2018-02-14;quarta-feira;13:40:00;ES;101.0;304;VIANA                                                       ;Sim                 ;Ingestão de Substâncias Psicoativas                                                                 ;1;Colisão frontal                                                                                                                                                                                         ;Sem Vítimas;Pleno dia           ;Crescente           ;Céu Claro           ;Dupla               ;Reta                          ;Sim       ;198413;Automóvel           ;I                                                 ;2010.0;Condutor            ;Ileso               ;17.0;Masculino           ;1;0;0;0;-20.383020600000002;-40.4597951
23472;111312.0;243422.0;2018-02-14;quarta-feira;18:25:00;ES;101.0;321;GUARAPARI                                                   ;Não                 ;Velocidade Incompatível                                                                             ;1;Colisão transversal                                                                                                                                                                                     ;Com Vítimas Feridas;Pleno dia           ;Decrescente         ;Céu Claro           ;Simples             ;Interseção de vias            ;Não       ;198355;Motocicleta         ;HONDA                                             ;2002.0;Condutor            ;Lesões Leves        ;34.0;Masculino           ;0;1;0;0;-20.52204066;-40.47834009
23473;111312.0;243419.0;2018-02-14;quarta-feira;18:25:00;ES;101.0;321;GUARAPARI                                                   ;Não                 ;Velocidade Incompatível                                                                             ;1;Colisão transversal                                                                                                                                                                                     ;Com Vítimas Feridas;Pleno dia           ;Decrescente         ;Céu Claro           ;Simples             ;Interseção de vias            ;Não       ;198354;Motoneta            ;HONDA                                             ;2010.0;Condutor            ;Lesões Leves        ;54.0;Masculino           ;0;1;0;0;-20.52204066;-40.47834009
23474;111313.0;242590.0;2018-02-14;quarta-feira;18:20:00;ES;101.0;268,5;SERRA                                                       ;Sim                 ;Falta de Atenção à Condução                                                                         ;1;Engavetamento                                                                                                                                                                                           ;Com Vítimas Feridas;Anoitecer           ;Crescente           ;Céu Claro           ;Dupla               ;Reta                          ;Sim       ;198378;Automóvel           ;I                                                 ;2008.0;Condutor            ;Ileso               ;38.0;Masculino           ;1;0;0;0;-20.21524729;-40.26979566
23475;111313.0;242586.0;2018-02-14;quarta-feira;18:20:00;ES;101.0;268,5;SERRA                                                       ;Sim                 ;Falta de Atenção à Condução                                                                         ;1;Engavetamento                                                                                                                                                                                           ;Com Vítimas Feridas;Anoitecer           ;Crescente           ;Céu Claro           ;Dupla               ;Reta                          ;Sim       ;198375;Automóvel           ;CITROEN                                           ;2012.0;Condutor            ;Ileso               ;49.0;Feminino            ;1;0;0;0;-20.21524729;-40.26979566
23476;111313.0;242584.0;2018-02-14;quarta-feira;18:20:00;ES;101.0;268,5;SERRA                                                       ;Sim                 ;Falta de Atenção à Condução                                                                         ;1;Engavetamento                                                                                                                                                                                           ;Com Vítimas Feridas;Anoitecer           ;Crescente           ;Céu Claro           ;Dupla               ;Reta                          ;Sim       ;198369;Automóvel           ;I                                                 ;2010.0;Condutor            ;Ileso               ;32.0;Masculino           ;1;0;0;0;-20.21524729;-40.26979566
23477;111313.0;242578.0;2018-02-14;quarta-feira;18:20:00;ES;101.0;268,5;SERRA                                                       ;Sim                 ;Falta de Atenção à Condução                                                                         ;1;Engavetamento                                                                                                                                                                                           ;Com Vítimas Feridas;Anoitecer           ;Crescente           ;Céu Claro           ;Dupla               ;Reta                          ;Sim       ;198358;Caminhão            ;M.BENZ                                            ;2014.0;Condutor            ;Ileso               ;32.0;Masculino           ;1;0;0;0;-20.21524729;-40.26979566
23478;111313.0;242585.0;2018-02-14;quarta-feira;18:20:00;ES;101.0;268,5;SERRA                                                       ;Sim                 ;Falta de Atenção à Condução                                                                         ;1;Engavetamento                                                                                                                                                                                           ;Com Vítimas Feridas;Anoitecer           ;Crescente           ;Céu Claro           ;Dupla               ;Reta                          ;Sim       ;198369;Automóvel           ;I                                                 ;2010.0;Passageiro          ;Lesões Leves        ;53.0;Feminino            ;0;1;0;0;-20.21524729;-40.26979566
23479;111313.0;242580.0;2018-02-14;quarta-feira;18:20:00;ES;101.0;268,5;SERRA                                                       ;Sim                 ;Falta de Atenção à Condução                                                                         ;1;Engavetamento                                                                                                                                                                                           ;Com Vítimas Feridas;Anoitecer           ;Crescente           ;Céu Claro           ;Dupla               ;Reta                          ;Sim       ;198364;Automóvel           ;FIAT                                              ;2004.0;Condutor            ;Lesões Leves        ;31.0;Masculino           ;0;1;0;0;-20.21524729;-40.26979566
23489;111319.0;243589.0;2018-02-14;quarta-feira;18:00:00;ES;101.0;116,9;SOORETAMA                                                   ;Sim                 ;Falta de Atenção à Condução                                                                         ;1;Colisão traseira                                                                                                                                                                                        ;Com Vítimas Feridas;Pleno dia           ;Crescente           ;Céu Claro           ;Simples             ;Reta                          ;Não       ;198367;Caminhão            ;M.BENZ                                            ;2015.0;Condutor            ;Ileso               ;33.0;Masculino           ;1;0;0;0;-19.197422;-40.098118
23490;111319.0;243588.0;2018-02-14;quarta-feira;18:00:00;ES;101.0;116,9;SOORETAMA                                                   ;Sim                 ;Falta de Atenção à Condução                                                                         ;1;Colisão traseira                                                                                                                                                                                        ;Com Vítimas Feridas;Pleno dia           ;Crescente           ;Céu Claro           ;Simples             ;Reta                          ;Não       ;198366;Motocicleta         ;HONDA                                             ;2011.0;Condutor            ;Lesões Leves        ;40.0;Masculino           ;0;1;0;0;-19.197422;-40.098118
23503;111330.0;242732.0;2018-02-14;quarta-feira;18:40:00;ES;101.0;459,6;MIMOSO DO SUL                                               ;Sim                 ;Velocidade Incompatível                                                                             ;1;Tombamento                                                                                                                                                                                              ;Sem Vítimas;Anoitecer           ;Crescente           ;Céu Claro           ;Simples             ;Reta                          ;Não       ;198487;Caminhão            ;VW                                                ;2012.0;Condutor            ;Ileso               ;33.0;Masculino           ;1;0;0;0;-21.21642047;-41.29760742
23800;111489.0;243138.0;2018-02-15;quinta-feira;15:30:00;ES;101.0;264,5;SERRA                                                       ;Sim                 ;Desobediência às normas de trânsito pelo condutor                                                   ;1;Colisão transversal                                                                                                                                                                                     ;Com Vítimas Feridas;Pleno dia           ;Crescente           ;Sol                 ;Dupla               ;Retorno Regulamentado         ;Sim       ;198798;Caminhonete         ;PEUGEOT                                           ;2014.0;Condutor            ;Ileso               ;43.0;Masculino           ;1;0;0;0;-20.129093;-40.308125
23801;111489.0;243147.0;2018-02-15;quinta-feira;15:30:00;ES;101.0;264,5;SERRA                                                       ;Sim                 ;Desobediência às normas de trânsito pelo condutor                                                   ;1;Colisão transversal                                                                                                                                                                                     ;Com Vítimas Feridas;Pleno dia           ;Crescente           ;Sol                 ;Dupla               ;Retorno Regulamentado         ;Sim       ;198795;Automóvel           ;GM                                                ;1998.0;Passageiro          ;Lesões Graves       ;44.0;Feminino            ;0;0;1;0;-20.129093;-40.308125
23802;111489.0;243137.0;2018-02-15;quinta-feira;15:30:00;ES;101.0;264,5;SERRA                                                       ;Sim                 ;Desobediência às normas de trânsito pelo condutor                                                   ;1;Colisão transversal                                                                                                                                                                                     ;Com Vítimas Feridas;Pleno dia           ;Crescente           ;Sol                 ;Dupla               ;Retorno Regulamentado         ;Sim       ;198795;Automóvel           ;GM                                                ;1998.0;Condutor            ;Não Informado       ;;Não Informado       ;0;0;0;0;-20.129093;-40.308125
23803;111489.0;243146.0;2018-02-15;quinta-feira;15:30:00;ES;101.0;264,5;SERRA                                                       ;Sim                 ;Desobediência às normas de trânsito pelo condutor                                                   ;1;Colisão transversal                                                                                                                                                                                     ;Com Vítimas Feridas;Pleno dia           ;Crescente           ;Sol                 ;Dupla               ;Retorno Regulamentado         ;Sim       ;198795;Automóvel           ;GM                                                ;1998.0;Passageiro          ;Lesões Leves        ;30.0;Feminino            ;0;1;0;0;-20.129093;-40.308125
23806;111491.0;243262.0;2018-02-15;quinta-feira;16:00:00;ES;101.0;266,6;SERRA                                                       ;Sim                 ;Ingestão de Álcool                                                                                  ;1;Atropelamento de Pedestre                                                                                                                                                                               ;Com Vítimas Feridas;Pleno dia           ;Decrescente         ;Sol                 ;Dupla               ;Interseção de vias            ;Sim       ;198885;Automóvel           ;I                                                 ;2006.0;Pedestre            ;Lesões Leves        ;;Masculino           ;0;1;0;0;-20.195825;-40.26867718
23807;111491.0;243253.0;2018-02-15;quinta-feira;16:00:00;ES;101.0;266,6;SERRA                                                       ;Sim                 ;Ingestão de Álcool                                                                                  ;1;Atropelamento de Pedestre                                                                                                                                                                               ;Com Vítimas Feridas;Pleno dia           ;Decrescente         ;Sol                 ;Dupla               ;Interseção de vias            ;Sim       ;198885;Automóvel           ;I                                                 ;2006.0;Condutor            ;Ileso               ;53.0;Masculino           ;1;0;0;0;-20.195825;-40.26867718
24044;111621.0;245241.0;2018-02-16;sexta-feira;09:10:00;ES;101.0;41,1;CONCEICAO DA BARRA                                          ;Sim                 ;Falta de Atenção à Condução                                                                         ;1;Tombamento                                                                                                                                                                                              ;Com Vítimas Feridas;Pleno dia           ;Decrescente         ;Nublado             ;Simples             ;Desvio Temporário             ;Não       ;200383;Caminhonete         ;CHEVROLET                                         ;2016.0;Passageiro          ;Lesões Leves        ;20.0;Masculino           ;0;1;0;0;-18.55773998;-39.90028381
24045;111621.0;245229.0;2018-02-16;sexta-feira;09:10:00;ES;101.0;41,1;CONCEICAO DA BARRA                                          ;Sim                 ;Falta de Atenção à Condução                                                                         ;1;Tombamento                                                                                                                                                                                              ;Com Vítimas Feridas;Pleno dia           ;Decrescente         ;Nublado             ;Simples             ;Desvio Temporário             ;Não       ;200383;Caminhonete         ;CHEVROLET                                         ;2016.0;Condutor            ;Lesões Leves        ;63.0;Masculino           ;0;1;0;0;-18.55773998;-39.90028381
24130;111663.0;243508.0;2018-02-16;sexta-feira;13:45:00;ES;101.0;269,3;SERRA                                                       ;Sim                 ;Falta de Atenção à Condução                                                                         ;1;Colisão traseira                                                                                                                                                                                        ;Com Vítimas Feridas;Pleno dia           ;Crescente           ;Céu Claro           ;Múltipla            ;Interseção de vias            ;Sim       ;199053;Caminhonete         ;FIAT                                              ;2010.0;Condutor            ;Ileso               ;32.0;Masculino           ;1;0;0;0;-20.129093;-40.308125
24131;111663.0;243507.0;2018-02-16;sexta-feira;13:45:00;ES;101.0;269,3;SERRA                                                       ;Sim                 ;Falta de Atenção à Condução                                                                         ;1;Colisão traseira                                                                                                                                                                                        ;Com Vítimas Feridas;Pleno dia           ;Crescente           ;Céu Claro           ;Múltipla            ;Interseção de vias            ;Sim       ;199052;Automóvel           ;GM                                                ;2002.0;Condutor            ;Ileso               ;28.0;Masculino           ;1;0;0;0;-20.129093;-40.308125
24132;111663.0;243510.0;2018-02-16;sexta-feira;13:45:00;ES;101.0;269,3;SERRA                                                       ;Sim                 ;Falta de Atenção à Condução                                                                         ;1;Colisão traseira                                                                                                                                                                                        ;Com Vítimas Feridas;Pleno dia           ;Crescente           ;Céu Claro           ;Múltipla            ;Interseção de vias            ;Sim       ;199053;Caminhonete         ;FIAT                                              ;2010.0;Passageiro          ;Lesões Leves        ;32.0;Masculino           ;0;1;0;0;-20.129093;-40.308125
24342;111770.0;243713.0;2018-02-16;sexta-feira;22:40:00;ES;101.0;269,5;SERRA                                                       ;Sim                 ;Desobediência às normas de trânsito pelo condutor                                                   ;1;Colisão transversal                                                                                                                                                                                     ;Com Vítimas Feridas;Plena Noite         ;Crescente           ;Céu Claro           ;Múltipla            ;Interseção de vias            ;Sim       ;199258;Bicicleta           ;                                                  ;;Condutor            ;Lesões Graves       ;17.0;Feminino            ;0;0;1;0;-20.22171078;-40.27036697
24343;111770.0;243710.0;2018-02-16;sexta-feira;22:40:00;ES;101.0;269,5;SERRA                                                       ;Sim                 ;Desobediência às normas de trânsito pelo condutor                                                   ;1;Colisão transversal                                                                                                                                                                                     ;Com Vítimas Feridas;Plena Noite         ;Crescente           ;Céu Claro           ;Múltipla            ;Interseção de vias            ;Sim       ;199255;Motocicleta         ;                                                  ;;Condutor            ;Não Informado       ;;Não Informado       ;0;0;0;0;-20.22171078;-40.27036697
24713;111977.0;248412.0;2018-02-17;sábado;22:20:00;ES;101.0;263;SERRA                                                       ;Sim                 ;Desobediência às normas de trânsito pelo condutor                                                   ;1;Colisão frontal                                                                                                                                                                                         ;Com Vítimas Feridas;Plena Noite         ;Crescente           ;Céu Claro           ;Dupla               ;Reta                          ;Não       ;201176;Automóvel           ;CHEVROLET                                         ;2013.0;Passageiro          ;Lesões Graves       ;;Feminino            ;0;0;1;0;-20.17198936;-40.271522999999995
24714;111977.0;246184.0;2018-02-17;sábado;22:20:00;ES;101.0;263;SERRA                                                       ;Sim                 ;Desobediência às normas de trânsito pelo condutor                                                   ;1;Colisão frontal                                                                                                                                                                                         ;Com Vítimas Feridas;Plena Noite         ;Crescente           ;Céu Claro           ;Dupla               ;Reta                          ;Não       ;201176;Automóvel           ;CHEVROLET                                         ;2013.0;Condutor            ;Lesões Leves        ;33.0;Masculino           ;0;1;0;0;-20.17198936;-40.271522999999995
24715;111977.0;248410.0;2018-02-17;sábado;22:20:00;ES;101.0;263;SERRA                                                       ;Sim                 ;Desobediência às normas de trânsito pelo condutor                                                   ;1;Colisão frontal                                                                                                                                                                                         ;Com Vítimas Feridas;Plena Noite         ;Crescente           ;Céu Claro           ;Dupla               ;Reta                          ;Não       ;201174;Automóvel           ;GM                                                ;1988.0;Passageiro          ;Lesões Leves        ;31.0;Feminino            ;0;1;0;0;-20.17198936;-40.271522999999995
24716;111977.0;246183.0;2018-02-17;sábado;22:20:00;ES;101.0;263;SERRA                                                       ;Sim                 ;Desobediência às normas de trânsito pelo condutor                                                   ;1;Colisão frontal                                                                                                                                                                                         ;Com Vítimas Feridas;Plena Noite         ;Crescente           ;Céu Claro           ;Dupla               ;Reta                          ;Não       ;201174;Automóvel           ;GM                                                ;1988.0;Condutor            ;Lesões Graves       ;47.0;Masculino           ;0;0;1;0;-20.17198936;-40.271522999999995
25026;112134.0;244728.0;2018-02-18;domingo;17:15:00;ES;101.0;459,4;MIMOSO DO SUL                                               ;Sim                 ;Falta de Atenção à Condução                                                                         ;2;Tombamento                                                                                                                                                                                              ;Com Vítimas Fatais;Anoitecer           ;Crescente           ;Nublado             ;Simples             ;Reta                          ;Não       ;200045;Caminhão-trator     ;IVECO                                             ;2010.0;Condutor            ;Óbito               ;40.0;Masculino           ;0;0;0;1;-21.21312407;-41.29722929
25092;112171.0;244644.0;2018-02-18;domingo;19:00:00;ES;101.0;123,5;SOORETAMA                                                   ;Sim                 ;Falta de Atenção à Condução                                                                         ;1;Capotamento                                                                                                                                                                                             ;Sem Vítimas;Plena Noite         ;Decrescente         ;Céu Claro           ;Simples             ;Reta                          ;Não       ;199961;Automóvel           ;VW                                                ;1999.0;Condutor            ;Ileso               ;59.0;Masculino           ;1;0;0;0;-19.1545128;-40.08030295
25448;112315.0;248387.0;2018-02-19;segunda-feira;11:40:00;ES;101.0;284,6;CARIACICA                                                   ;Sim                 ;Condutor Dormindo                                                                                   ;2;Capotamento                                                                                                                                                                                             ;Com Vítimas Feridas;Pleno dia           ;Crescente           ;Céu Claro           ;Múltipla            ;Curva                         ;Sim       ;202591;Automóvel           ;VW                                                ;1999.0;Condutor            ;Lesões Leves        ;49.0;Masculino           ;0;1;0;0;-20.26437;-40.420345000000005
25750;112483.0;247529.0;2018-02-20;terça-feira;06:00:00;ES;101.0;400;ITAPEMIRIM                                                  ;Sim                 ;Não guardar distância de segurança                                                                  ;2;Queda de ocupante de veículo                                                                                                                                                                            ;Com Vítimas Feridas;Pleno dia           ;Decrescente         ;Céu Claro           ;Simples             ;Reta                          ;Não       ;202572;Caminhão            ;                                                  ;;Condutor            ;Não Informado       ;;Não Informado       ;0;0;0;0;-20.87549359;-40.95703125
25751;112483.0;247528.0;2018-02-20;terça-feira;06:00:00;ES;101.0;400;ITAPEMIRIM                                                  ;Sim                 ;Não guardar distância de segurança                                                                  ;2;Queda de ocupante de veículo                                                                                                                                                                            ;Com Vítimas Feridas;Pleno dia           ;Decrescente         ;Céu Claro           ;Simples             ;Reta                          ;Não       ;200515;Motocicleta         ;HONDA                                             ;2001.0;Condutor            ;Lesões Leves        ;29.0;Masculino           ;0;1;0;0;-20.87549359;-40.95703125
25815;112514.0;245461.0;2018-02-20;terça-feira;09:15:00;ES;101.0;270,7;SERRA                                                       ;Sim                 ;Falta de Atenção à Condução                                                                         ;1;Queda de ocupante de veículo                                                                                                                                                                            ;Com Vítimas Feridas;Pleno dia           ;Crescente           ;Céu Claro           ;Dupla               ;Reta                          ;Sim       ;200572;Motocicleta         ;HONDA                                             ;2016.0;Condutor            ;Lesões Graves       ;51.0;Masculino           ;0;0;1;0;-20.129093;-40.308125
25823;112520.0;245555.0;2018-02-20;terça-feira;09:45:00;ES;101.0;391;RIO NOVO DO SUL                                             ;Sim                 ;Ultrapassagem Indevida                                                                              ;1;Colisão frontal                                                                                                                                                                                         ;Com Vítimas Fatais;Pleno dia           ;Crescente           ;Sol                 ;Simples             ;Reta                          ;Não       ;200655;Caminhão-trator     ;SCANIA                                            ;1985.0;Condutor            ;Ileso               ;65.0;Masculino           ;1;0;0;0;-20.862984;-40.93674
25824;112520.0;245549.0;2018-02-20;terça-feira;09:45:00;ES;101.0;391;RIO NOVO DO SUL                                             ;Sim                 ;Ultrapassagem Indevida                                                                              ;1;Colisão frontal                                                                                                                                                                                         ;Com Vítimas Fatais;Pleno dia           ;Crescente           ;Sol                 ;Simples             ;Reta                          ;Não       ;200654;Automóvel           ;FIAT                                              ;2011.0;Passageiro          ;Lesões Graves       ;30.0;Masculino           ;0;0;1;0;-20.862984;-40.93674
25825;112520.0;245535.0;2018-02-20;terça-feira;09:45:00;ES;101.0;391;RIO NOVO DO SUL                                             ;Sim                 ;Ultrapassagem Indevida                                                                              ;1;Colisão frontal                                                                                                                                                                                         ;Com Vítimas Fatais;Pleno dia           ;Crescente           ;Sol                 ;Simples             ;Reta                          ;Não       ;200654;Automóvel           ;FIAT                                              ;2011.0;Condutor            ;Óbito               ;25.0;Masculino           ;0;0;0;1;-20.862984;-40.93674
25894;112558.0;248066.0;2018-02-20;terça-feira;13:00:00;ES;101.0;143;LINHARES                                                    ;Sim                 ;Falta de Atenção à Condução                                                                         ;1;Colisão traseira                                                                                                                                                                                        ;Com Vítimas Feridas;Pleno dia           ;Crescente           ;Céu Claro           ;Múltipla            ;Reta                          ;Não       ;200676;Ônibus              ;IMP                                               ;1997.0;Condutor            ;Ileso               ;53.0;Masculino           ;1;0;0;0;-19.39159;-40.072563
25895;112558.0;248067.0;2018-02-20;terça-feira;13:00:00;ES;101.0;143;LINHARES                                                    ;Sim                 ;Falta de Atenção à Condução                                                                         ;1;Colisão traseira                                                                                                                                                                                        ;Com Vítimas Feridas;Pleno dia           ;Crescente           ;Céu Claro           ;Múltipla            ;Reta                          ;Não       ;203109;Motocicleta         ;YAMAHA                                            ;2011.0;Condutor            ;Lesões Graves       ;27.0;Masculino           ;0;0;1;0;-19.39159;-40.072563
25920;112574.0;245545.0;2018-02-20;terça-feira;14:10:00;ES;101.0;332;GUARAPARI                                                   ;Sim                 ;Avarias e/ou desgaste excessivo no pneu                                                             ;1;Queda de ocupante de veículo                                                                                                                                                                            ;Com Vítimas Feridas;Pleno dia           ;Crescente           ;Céu Claro           ;Simples             ;Reta                          ;Não       ;200658;Motocicleta         ;YAMAHA                                            ;2012.0;Passageiro          ;Lesões Graves       ;55.0;Feminino            ;0;0;1;0;-20.66715;-40.49785
25921;112574.0;245543.0;2018-02-20;terça-feira;14:10:00;ES;101.0;332;GUARAPARI                                                   ;Sim                 ;Avarias e/ou desgaste excessivo no pneu                                                             ;1;Queda de ocupante de veículo                                                                                                                                                                            ;Com Vítimas Feridas;Pleno dia           ;Crescente           ;Céu Claro           ;Simples             ;Reta                          ;Não       ;200658;Motocicleta         ;YAMAHA                                            ;2012.0;Condutor            ;Lesões Leves        ;65.0;Masculino           ;0;1;0;0;-20.66715;-40.49785
26113;112687.0;250737.0;2018-02-21;quarta-feira;01:10:00;ES;101.0;119,2;LINHARES                                                    ;Sim                 ;Velocidade Incompatível                                                                             ;2;Saída de leito carroçável                                                                                                                                                                               ;Com Vítimas Feridas;Plena Noite         ;Decrescente         ;Céu Claro           ;Simples             ;Reta                          ;Não       ;205276;Caminhão-trator     ;SCANIA                                            ;2013.0;Condutor            ;Ileso               ;53.0;Masculino           ;1;0;0;0;-19.13675557;-40.07146239
26114;112687.0;250736.0;2018-02-21;quarta-feira;01:10:00;ES;101.0;119,2;LINHARES                                                    ;Sim                 ;Velocidade Incompatível                                                                             ;2;Saída de leito carroçável                                                                                                                                                                               ;Com Vítimas Feridas;Plena Noite         ;Decrescente         ;Céu Claro           ;Simples             ;Reta                          ;Não       ;200909;Caminhão-trator     ;SCANIA                                            ;2015.0;Condutor            ;Lesões Graves       ;41.0;Masculino           ;0;0;1;0;-19.13675557;-40.07146239
26209;112750.0;248415.0;2018-02-21;quarta-feira;08:17:00;ES;101.0;1,8;SERRA                                                       ;Sim                 ;Desobediência às normas de trânsito pelo condutor                                                   ;1;Colisão lateral                                                                                                                                                                                         ;Com Vítimas Feridas;Pleno dia           ;Crescente           ;Céu Claro           ;Dupla               ;Reta                          ;Sim       ;203383;Automóvel           ;FORD                                              ;2015.0;Condutor            ;Ileso               ;43.0;Masculino           ;1;0;0;0;-20.129093;-40.308125
26210;112750.0;248414.0;2018-02-21;quarta-feira;08:17:00;ES;101.0;1,8;SERRA                                                       ;Sim                 ;Desobediência às normas de trânsito pelo condutor                                                   ;1;Colisão lateral                                                                                                                                                                                         ;Com Vítimas Feridas;Pleno dia           ;Crescente           ;Céu Claro           ;Dupla               ;Reta                          ;Sim       ;203382;Motocicleta         ;HONDA                                             ;2002.0;Passageiro          ;Lesões Leves        ;26.0;Feminino            ;0;1;0;0;-20.129093;-40.308125
26211;112750.0;248413.0;2018-02-21;quarta-feira;08:17:00;ES;101.0;1,8;SERRA                                                       ;Sim                 ;Desobediência às normas de trânsito pelo condutor                                                   ;1;Colisão lateral                                                                                                                                                                                         ;Com Vítimas Feridas;Pleno dia           ;Crescente           ;Céu Claro           ;Dupla               ;Reta                          ;Sim       ;203382;Motocicleta         ;HONDA                                             ;2002.0;Condutor            ;Lesões Leves        ;24.0;Masculino           ;0;1;0;0;-20.129093;-40.308125
26267;112774.0;245943.0;2018-02-21;quarta-feira;11:00:00;ES;101.0;260;SERRA                                                       ;Sim                 ;Animais na Pista                                                                                    ;1;Atropelamento de Animal                                                                                                                                                                                 ;Sem Vítimas;Pleno dia           ;Decrescente         ;Céu Claro           ;Dupla               ;Reta                          ;Sim       ;200998;Automóvel           ;FIAT                                              ;2014.0;Testemunha          ;Não Informado       ;;Não Informado       ;0;0;0;0;-20.129093;-40.308125
26268;112774.0;245935.0;2018-02-21;quarta-feira;11:00:00;ES;101.0;260;SERRA                                                       ;Sim                 ;Animais na Pista                                                                                    ;1;Atropelamento de Animal                                                                                                                                                                                 ;Sem Vítimas;Pleno dia           ;Decrescente         ;Céu Claro           ;Dupla               ;Reta                          ;Sim       ;200998;Automóvel           ;FIAT                                              ;2014.0;Condutor            ;Ileso               ;24.0;Masculino           ;1;0;0;0;-20.129093;-40.308125
26675;113040.0;246557.0;2018-02-22;quinta-feira;10:25:00;ES;101.0;53;SAO MATEUS                                                  ;Sim                 ;Falta de Atenção à Condução                                                                         ;1;Colisão traseira                                                                                                                                                                                        ;Com Vítimas Feridas;Pleno dia           ;Crescente           ;Céu Claro           ;Simples             ;Reta                          ;Não       ;201552;Automóvel           ;GM                                                ;2010.0;Condutor            ;Ileso               ;53.0;Masculino           ;1;0;0;0;-18.612023999999998;-39.884487
26676;113040.0;246556.0;2018-02-22;quinta-feira;10:25:00;ES;101.0;53;SAO MATEUS                                                  ;Sim                 ;Falta de Atenção à Condução                                                                         ;1;Colisão traseira                                                                                                                                                                                        ;Com Vítimas Feridas;Pleno dia           ;Crescente           ;Céu Claro           ;Simples             ;Reta                          ;Não       ;201551;Automóvel           ;VW                                                ;2013.0;Passageiro          ;Ileso               ;28.0;Feminino            ;1;0;0;0;-18.612023999999998;-39.884487
26677;113040.0;246555.0;2018-02-22;quinta-feira;10:25:00;ES;101.0;53;SAO MATEUS                                                  ;Sim                 ;Falta de Atenção à Condução                                                                         ;1;Colisão traseira                                                                                                                                                                                        ;Com Vítimas Feridas;Pleno dia           ;Crescente           ;Céu Claro           ;Simples             ;Reta                          ;Não       ;201551;Automóvel           ;VW                                                ;2013.0;Condutor            ;Lesões Leves        ;33.0;Masculino           ;0;1;0;0;-18.612023999999998;-39.884487
26678;113040.0;246549.0;2018-02-22;quinta-feira;10:25:00;ES;101.0;53;SAO MATEUS                                                  ;Sim                 ;Falta de Atenção à Condução                                                                         ;1;Colisão traseira                                                                                                                                                                                        ;Com Vítimas Feridas;Pleno dia           ;Crescente           ;Céu Claro           ;Simples             ;Reta                          ;Não       ;201550;Automóvel           ;FIAT                                              ;2014.0;Passageiro          ;Ileso               ;2.0;Feminino            ;1;0;0;0;-18.612023999999998;-39.884487
26679;113040.0;246547.0;2018-02-22;quinta-feira;10:25:00;ES;101.0;53;SAO MATEUS                                                  ;Sim                 ;Falta de Atenção à Condução                                                                         ;1;Colisão traseira                                                                                                                                                                                        ;Com Vítimas Feridas;Pleno dia           ;Crescente           ;Céu Claro           ;Simples             ;Reta                          ;Não       ;201550;Automóvel           ;FIAT                                              ;2014.0;Passageiro          ;Ileso               ;5.0;Feminino            ;1;0;0;0;-18.612023999999998;-39.884487
26680;113040.0;246530.0;2018-02-22;quinta-feira;10:25:00;ES;101.0;53;SAO MATEUS                                                  ;Sim                 ;Falta de Atenção à Condução                                                                         ;1;Colisão traseira                                                                                                                                                                                        ;Com Vítimas Feridas;Pleno dia           ;Crescente           ;Céu Claro           ;Simples             ;Reta                          ;Não       ;201550;Automóvel           ;FIAT                                              ;2014.0;Passageiro          ;Lesões Leves        ;37.0;Feminino            ;0;1;0;0;-18.612023999999998;-39.884487
26681;113040.0;246529.0;2018-02-22;quinta-feira;10:25:00;ES;101.0;53;SAO MATEUS                                                  ;Sim                 ;Falta de Atenção à Condução                                                                         ;1;Colisão traseira                                                                                                                                                                                        ;Com Vítimas Feridas;Pleno dia           ;Crescente           ;Céu Claro           ;Simples             ;Reta                          ;Não       ;201550;Automóvel           ;FIAT                                              ;2014.0;Condutor            ;Ileso               ;36.0;Masculino           ;1;0;0;0;-18.612023999999998;-39.884487
26761;113082.0;251548.0;2018-02-22;quinta-feira;11:50:00;ES;101.0;378,4;ICONHA                                                      ;Não                 ;Não guardar distância de segurança                                                                  ;1;Engavetamento                                                                                                                                                                                           ;Com Vítimas Feridas;Pleno dia           ;Decrescente         ;Céu Claro           ;Simples             ;Reta                          ;Não       ;201659;Automóvel           ;VW                                                ;2007.0;Passageiro          ;Lesões Leves        ;81.0;Masculino           ;0;1;0;0;-20.79646424;-40.81955999