;id;pesid;data_inversa;dia_semana;horario;uf;br;km;municipio;causa_principal;causa_acidente;ordem_tipo_acidente;tipo_acidente;classificacao_acidente;fase_dia;sentido_via;condicao_metereologica;tipo_pista;tracado_via;uso_solo;id_veiculo;tipo_veiculo;marca;ano_fabricacao_veiculo;tipo_envolvido;estado_fisico;idade;sexo;ilesos;feridos_leves;feridos_graves;mortos;latitude;longitude
34812;117364.0;256939.0;2018-03-10;sábado;21:58:00;ES;101.0;170;LINHARES                                                    ;Sim                 ;Pista Escorregadia                                                                                  ;1;Queda de ocupante de veículo                                                                                                                                                                            ;Com Vítimas Feridas;Plena Noite         ;Decrescente         ;Chuva               ;Simples             ;Reta                          ;Não       ;210663;Motocicleta         ;HONDA                                             ;2010.0;Condutor            ;Lesões Leves        ;45.0;Masculino           ;0;1;0;0;-19.45234894;-40.09872437
34813;117365.0;259462.0;2018-03-10;sábado;22:40:00;ES;101.0;221;IBIRACU                                                     ;Sim                 ;Falta de Atenção à Condução                                                                         ;1;Colisão traseira                                                                                                                                                                                        ;Com Vítimas Feridas;Plena Noite         ;Crescente           ;Chuva               ;Simples             ;Reta                          ;Não       ;212806;Automóvel           ;I                                                 ;2014.0;Condutor            ;Lesões Leves        ;70.0;Masculino           ;0;1;0;0;-19.86662917;-40.39870262
34814;117365.0;259459.0;2018-03-10;sábado;22:40:00;ES;101.0;221;IBIRACU                                                     ;Sim                 ;Falta de Atenção à Condução                                                                         ;1;Colisão traseira                                                                                                                                                                                        ;Com Vítimas Feridas;Plena Noite         ;Crescente           ;Chuva               ;Simples             ;Reta                          ;Não       ;212802;Automóvel           ;FIAT                                              ;1994.0;Condutor            ;Lesões Leves        ;42.0;Masculino           ;0;1;0;0;-19.86662917;-40.39870262
34947;117433.0;255874.0;2018-03-11;domingo;06:55:00;ES;101.0;216;IBIRACU                                                     ;Sim                 ;Falta de Atenção à Condução                                                                         ;1;Capotamento                                                                                                                                                                                             ;Com Vítimas Feridas;Pleno dia           ;Crescente           ;Chuva               ;Simples             ;Curva                         ;Não       ;209739;Automóvel           ;GM                                                ;2005.0;Condutor            ;Ileso               ;49.0;Masculino           ;1;0;0;0;-19.829673;-40.369799
34948;117433.0;256257.0;2018-03-11;domingo;06:55:00;ES;101.0;216;IBIRACU                                                     ;Sim                 ;Falta de Atenção à Condução                                                                         ;1;Capotamento                                                                                                                                                                                             ;Com Vítimas Feridas;Pleno dia           ;Crescente           ;Chuva               ;Simples             ;Curva                         ;Não       ;209739;Automóvel           ;GM                                                ;2005.0;Passageiro          ;Lesões Graves       ;45.0;Feminino            ;0;0;1;0;-19.829673;-40.369799
34970;117448.0;256933.0;2018-03-11;domingo;00:10:00;ES;101.0;126;SOORETAMA                                                   ;Sim                 ;Ingestão de Álcool                                                                                  ;1;Colisão traseira                                                                                                                                                                                        ;Sem Vítimas;Plena Noite         ;Crescente           ;Céu Claro           ;Simples             ;Reta                          ;Sim       ;210660;Caminhão            ;                                                  ;;Condutor            ;Ileso               ;;Masculino           ;1;0;0;0;-19.19705344;-40.093231200000005
34971;117448.0;256932.0;2018-03-11;domingo;00:10:00;ES;101.0;126;SOORETAMA                                                   ;Sim                 ;Ingestão de Álcool                                                                                  ;1;Colisão traseira                                                                                                                                                                                        ;Sem Vítimas;Plena Noite         ;Crescente           ;Céu Claro           ;Simples             ;Reta                          ;Sim       ;210659;Automóvel           ;HYUNDAI                                           ;2013.0;Condutor            ;Ileso               ;22.0;Masculino           ;1;0;0;0;-19.19705344;-40.093231200000005
35156;117543.0;256421.0;2018-03-11;domingo;16:10:00;ES;101.0;359;ANCHIETA                                                    ;Sim                 ;Velocidade Incompatível                                                                             ;1;Colisão frontal                                                                                                                                                                                         ;Com Vítimas Fatais;Pleno dia           ;Decrescente         ;Chuva               ;Simples             ;Reta                          ;Não       ;210024;Caminhão-trator     ;VOLVO                                             ;2006.0;Condutor            ;Ileso               ;48.0;Masculino           ;1;0;0;0;-20.69766;-40.7114856
35157;117543.0;256209.0;2018-03-11;domingo;16:10:00;ES;101.0;359;ANCHIETA                                                    ;Sim                 ;Velocidade Incompatível                                                                             ;1;Colisão frontal                                                                                                                                                                                         ;Com Vítimas Fatais;Pleno dia           ;Decrescente         ;Chuva               ;Simples             ;Reta                          ;Não       ;210023;Automóvel           ;I                                                 ;2014.0;Passageiro          ;Óbito               ;19.0;Feminino            ;0;0;0;1;-20.69766;-40.7114856
35158;117543.0;256416.0;2018-03-11;domingo;16:10:00;ES;101.0;359;ANCHIETA                                                    ;Sim                 ;Velocidade Incompatível                                                                             ;1;Colisão frontal                                                                                                                                                                                         ;Com Vítimas Fatais;Pleno dia           ;Decrescente         ;Chuva               ;Simples             ;Reta                          ;Não       ;210023;Automóvel           ;I                                                 ;2014.0;Condutor            ;Lesões Graves       ;37.0;Masculino           ;0;0;1;0;-20.69766;-40.7114856
35159;117543.0;256208.0;2018-03-11;domingo;16:10:00;ES;101.0;359;ANCHIETA                                                    ;Sim                 ;Velocidade Incompatível                                                                             ;1;Colisão frontal                                                                                                                                                                                         ;Com Vítimas Fatais;Pleno dia           ;Decrescente         ;Chuva               ;Simples             ;Reta                          ;Não       ;210023;Automóvel           ;I                                                 ;2014.0;Passageiro          ;Óbito               ;26.0;Feminino            ;0;0;0;1;-20.69766;-40.7114856
35183;117552.0;256345.0;2018-03-11;domingo;17:00:00;ES;101.0;143,8;LINHARES                                                    ;Sim                 ;Desobediência às normas de trânsito pelo condutor                                                   ;1;Colisão transversal                                                                                                                                                                                     ;Com Vítimas Feridas;Pleno dia           ;Decrescente         ;Nublado             ;Múltipla            ;Não Informado                 ;Sim       ;209968;Automóvel           ;CHEVROLET                                         ;2013.0;Condutor            ;Ileso               ;39.0;Masculino           ;1;0;0;0;-19.36427174;-40.06439209
35184;117552.0;256342.0;2018-03-11;domingo;17:00:00;ES;101.0;143,8;LINHARES                                                    ;Sim                 ;Desobediência às normas de trânsito pelo condutor                                                   ;1;Colisão transversal                                                                                                                                                                                     ;Com Vítimas Feridas;Pleno dia           ;Decrescente         ;Nublado             ;Múltipla            ;Não Informado                 ;Sim       ;209967;Motoneta            ;HONDA                                             ;2004.0;Condutor            ;Lesões Graves       ;40.0;Masculino           ;0;0;1;0;-19.36427174;-40.06439209
35185;117552.0;256344.0;2018-03-11;domingo;17:00:00;ES;101.0;143,8;LINHARES                                                    ;Sim                 ;Desobediência às normas de trânsito pelo condutor                                                   ;1;Colisão transversal                                                                                                                                                                                     ;Com Vítimas Feridas;Pleno dia           ;Decrescente         ;Nublado             ;Múltipla            ;Não Informado                 ;Sim       ;209967;Motoneta            ;HONDA                                             ;2004.0;Passageiro          ;Lesões Leves        ;43.0;Feminino            ;0;1;0;0;-19.36427174;-40.06439209
35254;117588.0;258090.0;2018-03-11;domingo;18:55:00;ES;101.0;203,8;JOAO NEIVA                                                  ;Sim                 ;Desobediência às normas de trânsito pelo condutor                                                   ;1;Colisão frontal                                                                                                                                                                                         ;Com Vítimas Fatais;Plena Noite         ;Crescente           ;Chuva               ;Dupla               ;Reta                          ;Sim       ;211575;Automóvel           ;M.BENZ                                            ;2017.0;Testemunha          ;Não Informado       ;;Não Informado       ;0;0;0;0;-19.76541117;-40.37475586
35255;117588.0;258072.0;2018-03-11;domingo;18:55:00;ES;101.0;203,8;JOAO NEIVA                                                  ;Sim                 ;Desobediência às normas de trânsito pelo condutor                                                   ;1;Colisão frontal                                                                                                                                                                                         ;Com Vítimas Fatais;Plena Noite         ;Crescente           ;Chuva               ;Dupla               ;Reta                          ;Sim       ;211575;Automóvel           ;M.BENZ                                            ;2017.0;Condutor            ;Ileso               ;33.0;Masculino           ;1;0;0;0;-19.76541117;-40.37475586
35256;117588.0;258071.0;2018-03-11;domingo;18:55:00;ES;101.0;203,8;JOAO NEIVA                                                  ;Sim                 ;Desobediência às normas de trânsito pelo condutor                                                   ;1;Colisão frontal                                                                                                                                                                                         ;Com Vítimas Fatais;Plena Noite         ;Crescente           ;Chuva               ;Dupla               ;Reta                          ;Sim       ;210133;Motocicleta         ;HONDA                                             ;2009.0;Passageiro          ;Lesões Graves       ;23.0;Masculino           ;0;0;1;0;-19.76541117;-40.37475586
35257;117588.0;256318.0;2018-03-11;domingo;18:55:00;ES;101.0;203,8;JOAO NEIVA                                                  ;Sim                 ;Desobediência às normas de trânsito pelo condutor                                                   ;1;Colisão frontal                                                                                                                                                                                         ;Com Vítimas Fatais;Plena Noite         ;Crescente           ;Chuva               ;Dupla               ;Reta                          ;Sim       ;210133;Motocicleta         ;HONDA                                             ;2009.0;Condutor            ;Óbito               ;23.0;Masculino           ;0;0;0;1;-19.76541117;-40.37475586
35258;117588.0;256317.0;2018-03-11;domingo;18:55:00;ES;101.0;203,8;JOAO NEIVA                                                  ;Sim                 ;Desobediência às normas de trânsito pelo condutor                                                   ;1;Colisão frontal                                                                                                                                                                                         ;Com Vítimas Fatais;Plena Noite         ;Crescente           ;Chuva               ;Dupla               ;Reta                          ;Sim       ;210132;Motoneta            ;HONDA                                             ;2011.0;Condutor            ;Lesões Graves       ;30.0;Masculino           ;0;0;1;0;-19.76541117;-40.37475586
35289;117608.0;256265.0;2018-03-11;domingo;08:20:00;ES;101.0;71,1;SAO MATEUS                                                  ;Sim                 ;Falta de Atenção à Condução                                                                         ;1;Colisão lateral                                                                                                                                                                                         ;Com Vítimas Feridas;Plena Noite         ;Crescente           ;Nublado             ;Simples             ;Reta                          ;Não       ;210083;Outros              ;                                                  ;;Condutor            ;Não Informado       ;;Não Informado       ;0;0;0;0;-18.720545;-39.865883000000004
35290;117608.0;256263.0;2018-03-11;domingo;08:20:00;ES;101.0;71,1;SAO MATEUS                                                  ;Sim                 ;Falta de Atenção à Condução                                                                         ;1;Colisão lateral                                                                                                                                                                                         ;Com Vítimas Feridas;Plena Noite         ;Crescente           ;Nublado             ;Simples             ;Reta                          ;Não       ;210079;Motocicleta         ;HONDA                                             ;2012.0;Condutor            ;Lesões Leves        ;36.0;Masculino           ;0;1;0;0;-18.720545;-39.865883000000004
35336;117631.0;257986.0;2018-03-11;domingo;22:40:00;ES;101.0;233;FUNDAO                                                      ;Sim                 ;Avarias e/ou desgaste excessivo no pneu                                                             ;1;Tombamento                                                                                                                                                                                              ;Com Vítimas Feridas;Plena Noite         ;Decrescente         ;Chuva               ;Simples             ;Reta                          ;Não       ;211425;Motocicleta         ;DAFRA                                             ;2010.0;Condutor            ;Lesões Leves        ;21.0;Masculino           ;0;1;0;0;-20.00178;-40.413221
35597;117770.0;256637.0;2018-03-12;segunda-feira;13:38:00;ES;101.0;295;CARIACICA                                                   ;Sim                 ;Defeito Mecânico no Veículo                                                                         ;1;Queda de ocupante de veículo                                                                                                                                                                            ;Com Vítimas Feridas;Pleno dia           ;Decrescente         ;Céu Claro           ;Múltipla            ;Reta                          ;Sim       ;210379;Motocicleta         ;HONDA                                             ;2013.0;Passageiro          ;Lesões Leves        ;22.0;Masculino           ;0;1;0;0;-20.33261445;-40.40011615
35598;117770.0;256635.0;2018-03-12;segunda-feira;13:38:00;ES;101.0;295;CARIACICA                                                   ;Sim                 ;Defeito Mecânico no Veículo                                                                         ;1;Queda de ocupante de veículo                                                                                                                                                                            ;Com Vítimas Feridas;Pleno dia           ;Decrescente         ;Céu Claro           ;Múltipla            ;Reta                          ;Sim       ;210379;Motocicleta         ;HONDA                                             ;2013.0;Condutor            ;Lesões Graves       ;23.0;Masculino           ;0;0;1;0;-20.33261445;-40.40011615
35632;117788.0;258343.0;2018-03-12;segunda-feira;14:10:00;ES;101.0;116,7;SOORETAMA                                                   ;Sim                 ;Desobediência às normas de trânsito pelo condutor                                                   ;1;Colisão lateral                                                                                                                                                                                         ;Com Vítimas Feridas;Pleno dia           ;Decrescente         ;Céu Claro           ;Simples             ;Reta                          ;Não       ;210577;Automóvel           ;HYUNDAI                                           ;2013.0;Condutor            ;Ileso               ;29.0;Masculino           ;1;0;0;0;-19.257997699999997;-40.09185791
35633;117788.0;258371.0;2018-03-12;segunda-feira;14:10:00;ES;101.0;116,7;SOORETAMA                                                   ;Sim                 ;Desobediência às normas de trânsito pelo condutor                                                   ;1;Colisão lateral                                                                                                                                                                                         ;Com Vítimas Feridas;Pleno dia           ;Decrescente         ;Céu Claro           ;Simples             ;Reta                          ;Não       ;210576;Automóvel           ;FIAT                                              ;2014.0;Condutor            ;Lesões Leves        ;56.0;Masculino           ;0;1;0;0;-19.257997699999997;-40.09185791
35636;117790.0;258537.0;2018-03-12;segunda-feira;14:40:00;ES;101.0;181;ARACRUZ                                                     ;Sim                 ;Defeito Mecânico no Veículo                                                                         ;1;Queda de ocupante de veículo                                                                                                                                                                            ;Com Vítimas Feridas;Pleno dia           ;Decrescente         ;Céu Claro           ;Simples             ;Reta                          ;Não       ;210467;Motocicleta         ;JTA                                               ;2011.0;Condutor            ;Ileso               ;29.0;Masculino           ;1;0;0;0;-19.63038083;-40.22528172
35637;117790.0;258536.0;2018-03-12;segunda-feira;14:40:00;ES;101.0;181;ARACRUZ                                                     ;Sim                 ;Defeito Mecânico no Veículo                                                                         ;1;Queda de ocupante de veículo                                                                                                                                                                            ;Com Vítimas Feridas;Pleno dia           ;Decrescente         ;Céu Claro           ;Simples             ;Reta                          ;Não       ;210467;Motocicleta         ;JTA                                               ;2011.0;Passageiro          ;Lesões Leves        ;29.0;Feminino            ;0;1;0;0;-19.63038083;-40.22528172
35751;117852.0;256835.0;2018-03-12;segunda-feira;18:50:00;ES;101.0;310,7;VILA VELHA                                                  ;Sim                 ;Falta de Atenção à Condução                                                                         ;1;Colisão com objeto estático                                                                                                                                                                             ;Com Vítimas Fatais;Plena Noite         ;Crescente           ;Céu Claro           ;Simples             ;Reta                          ;Não       ;210550;Caminhão            ;M.BENZ                                            ;2009.0;Condutor            ;Óbito               ;32.0;Masculino           ;0;0;0;1;-20.432292;-40.459481
35881;117923.0;258472.0;2018-03-13;terça-feira;06:00:00;ES;101.0;450,2;MIMOSO DO SUL                                               ;Sim                 ;Falta de Atenção à Condução                                                                         ;2;Saída de leito carroçável                                                                                                                                                                               ;Sem Vítimas;Amanhecer           ;Crescente           ;Céu Claro           ;Simples             ;Curva                         ;Não       ;210671;Caminhão-trator     ;VW                                                ;2008.0;Condutor            ;Ileso               ;36.0;Masculino           ;1;0;0;0;-21.14214966;-41.27563477
35959;117969.0;256969.0;2018-03-07;quarta-feira;17:00:00;ES;101.0;349,4;GUARAPARI                                                   ;Sim                 ;Ultrapassagem Indevida                                                                              ;3;Saída de leito carroçável                                                                                                                                                                               ;Com Vítimas Feridas;Anoitecer           ;Decrescente         ;Céu Claro           ;Simples             ;Curva                         ;Não       ;210682;Camioneta           ;I                                                 ;2011.0;Passageiro          ;Lesões Leves        ;24.0;Masculino           ;0;1;0;0;-20.659512799999998;-40.648329600000004
35960;117969.0;256968.0;2018-03-07;quarta-feira;17:00:00;ES;101.0;349,4;GUARAPARI                                                   ;Sim                 ;Ultrapassagem Indevida                                                                              ;3;Saída de leito carroçável                                                                                                                                                                               ;Com Vítimas Feridas;Anoitecer           ;Decrescente         ;Céu Claro           ;Simples             ;Curva                         ;Não       ;210682;Camioneta           ;I                                                 ;2011.0;Condutor            ;Lesões Leves        ;62.0;Masculino           ;0;1;0;0;-20.659512799999998;-40.648329600000004
35961;117969.0;256966.0;2018-03-07;quarta-feira;17:00:00;ES;101.0;349,4;GUARAPARI                                                   ;Sim                 ;Ultrapassagem Indevida                                                                              ;3;Saída de leito carroçável                                                                                                                                                                               ;Com Vítimas Feridas;Anoitecer           ;Decrescente         ;Céu Claro           ;Simples             ;Curva                         ;Não       ;210681;Motocicleta         ;HONDA                                             ;2010.0;Condutor            ;Lesões Graves       ;20.0;Masculino           ;0;0;1;0;-20.659512799999998;-40.648329600000004
35962;117969.0;256965.0;2018-03-07;quarta-feira;17:00:00;ES;101.0;349,4;GUARAPARI                                                   ;Sim                 ;Ultrapassagem Indevida                                                                              ;3;Saída de leito carroçável                                                                                                                                                                               ;Com Vítimas Feridas;Anoitecer           ;Decrescente         ;Céu Claro           ;Simples             ;Curva                         ;Não       ;210680;Automóvel           ;I                                                 ;2012.0;Passageiro          ;Lesões Graves       ;27.0;Masculino           ;0;0;1;0;-20.659512799999998;-40.648329600000004
35963;117969.0;256964.0;2018-03-07;quarta-feira;17:00:00;ES;101.0;349,4;GUARAPARI                                                   ;Sim                 ;Ultrapassagem Indevida                                                                              ;3;Saída de leito carroçável                                                                                                                                                                               ;Com Vítimas Feridas;Anoitecer           ;Decrescente         ;Céu Claro           ;Simples             ;Curva                         ;Não       ;210680;Automóvel           ;I                                                 ;2012.0;Condutor            ;Lesões Leves        ;30.0;Masculino           ;0;1;0;0;-20.659512799999998;-40.648329600000004
35964;117969.0;256967.0;2018-03-07;quarta-feira;17:00:00;ES;101.0;349,4;GUARAPARI                                                   ;Sim                 ;Ultrapassagem Indevida                                                                              ;3;Saída de leito carroçável                                                                                                                                                                               ;Com Vítimas Feridas;Anoitecer           ;Decrescente         ;Céu Claro           ;Simples             ;Curva                         ;Não       ;210681;Motocicleta         ;HONDA                                             ;2010.0;Passageiro          ;Lesões Graves       ;47.0;Masculino           ;0;0;1;0;-20.659512799999998;-40.648329600000004
36057;118018.0;259453.0;2018-03-13;terça-feira;15:29:00;ES;101.0;121,5;SOORETAMA                                                   ;Sim                 ;Falta de Atenção à Condução                                                                         ;1;Colisão frontal                                                                                                                                                                                         ;Com Vítimas Fatais;Pleno dia           ;Crescente           ;Céu Claro           ;Simples             ;Reta                          ;Não       ;210889;Caminhão            ;M.BENZ                                            ;2011.0;Condutor            ;Ileso               ;60.0;Masculino           ;1;0;0;0;-19.1574957;-40.08191526
36058;118018.0;257235.0;2018-03-13;terça-feira;15:29:00;ES;101.0;121,5;SOORETAMA                                                   ;Sim                 ;Falta de Atenção à Condução                                                                         ;1;Colisão frontal                                                                                                                                                                                         ;Com Vítimas Fatais;Pleno dia           ;Crescente           ;Céu Claro           ;Simples             ;Reta                          ;Não       ;210885;Automóvel           ;RENAULT                                           ;2017.0;Condutor            ;Óbito               ;51.0;Masculino           ;0;0;0;1;-19.1574957;-40.08191526
36191;118086.0;259069.0;2018-03-13;terça-feira;22:40:00;ES;101.0;146,7;LINHARES                                                    ;Sim                 ;Carga excessiva e/ou mal acondicionada                                                              ;1;Colisão com objeto estático                                                                                                                                                                             ;Sem Vítimas;Plena Noite         ;Crescente           ;Céu Claro           ;Múltipla            ;Interseção de vias            ;Sim       ;212357;Caminhão            ;VW                                                ;2010.0;Condutor            ;Ileso               ;43.0;Masculino           ;1;0;0;0;-19.394067899999996;-40.06439209
36266;118123.0;257618.0;2018-03-14;quarta-feira;10:50:00;ES;101.0;146;LINHARES                                                    ;Sim                 ;Defeito na Via                                                                                      ;1;Colisão transversal                                                                                                                                                                                     ;Com Vítimas Feridas;Pleno dia           ;Decrescente         ;Céu Claro           ;Dupla               ;Reta                          ;Sim       ;211060;Automóvel           ;FIAT                                              ;2010.0;Condutor            ;Ileso               ;43.0;Masculino           ;1;0;0;0;-19.3754763;-40.06613553
36267;118123.0;257606.0;2018-03-14;quarta-feira;10:50:00;ES;101.0;146;LINHARES                                                    ;Sim                 ;Defeito na Via                                                                                      ;1;Colisão transversal                                                                                                                                                                                     ;Com Vítimas Feridas;Pleno dia           ;Decrescente         ;Céu Claro           ;Dupla               ;Reta                          ;Sim       ;211059;Motocicleta         ;HONDA                                             ;2015.0;Condutor            ;Lesões Leves        ;72.0;Masculino           ;0;1;0;0;-19.3754763;-40.06613553
36268;118124.0;257478.0;2018-03-14;quarta-feira;07:50:00;ES;101.0;261,2;SERRA                                                       ;Sim                 ;Desobediência às normas de trânsito pelo condutor                                                   ;1;Colisão frontal                                                                                                                                                                                         ;Com Vítimas Feridas;Pleno dia           ;Decrescente         ;Sol                 ;Simples             ;Reta                          ;Sim       ;211101;Semireboque         ;SR                                                ;2005.0;Testemunha          ;Não Informado       ;;Não Informado       ;0;0;0;0;-20.15430413;-40.2778101
36269;118124.0;257476.0;2018-03-14;quarta-feira;07:50:00;ES;101.0;261,2;SERRA                                                       ;Sim                 ;Desobediência às normas de trânsito pelo condutor                                                   ;1;Colisão frontal                                                                                                                                                                                         ;Com Vítimas Feridas;Pleno dia           ;Decrescente         ;Sol                 ;Simples             ;Reta                          ;Sim       ;210963;Motocicleta         ;HONDA                                             ;2001.0;Condutor            ;Lesões Graves       ;28.0;Masculino           ;0;0;1;0;-20.15430413;-40.2778101
36270;118124.0;257477.0;2018-03-14;quarta-feira;07:50:00;ES;101.0;261,2;SERRA                                                       ;Sim                 ;Desobediência às normas de trânsito pelo condutor                                                   ;1;Colisão frontal                                                                                                                                                                                         ;Com Vítimas Feridas;Pleno dia           ;Decrescente         ;Sol                 ;Simples             ;Reta                          ;Sim       ;211097;Caminhão-trator     ;M.BENZ                                            ;2006.0;Condutor            ;Ileso               ;47.0;Masculino           ;1;0;0;0;-20.15430413;-40.2778101
36330;118150.0;257617.0;2018-03-14;quarta-feira;11:55:00;ES;101.0;146;LINHARES                                                    ;Sim                 ;Falta de Atenção à Condução                                                                         ;1;Colisão traseira                                                                                                                                                                                        ;Com Vítimas Feridas;Pleno dia           ;Crescente           ;Céu Claro           ;Múltipla            ;Reta                          ;Sim       ;211197;Automóvel           ;HONDA                                             ;2009.0;Passageiro          ;Lesões Leves        ;76.0;Feminino            ;0;1;0;0;-19.3756686;-40.06637692
36331;118150.0;257615.0;2018-03-14;quarta-feira;11:55:00;ES;101.0;146;LINHARES                                                    ;Sim                 ;Falta de Atenção à Condução                                                                         ;1;Colisão traseira                                                                                                                                                                                        ;Com Vítimas Feridas;Pleno dia           ;Crescente           ;Céu Claro           ;Múltipla            ;Reta                          ;Sim       ;211197;Automóvel           ;HONDA                                             ;2009.0;Condutor            ;Ileso               ;27.0;Masculino           ;1;0;0;0;-19.3756686;-40.06637692
36332;118150.0;257613.0;2018-03-14;quarta-feira;11:55:00;ES;101.0;146;LINHARES                                                    ;Sim                 ;Falta de Atenção à Condução                                                                         ;1;Colisão traseira                                                                                                                                                                                        ;Com Vítimas Feridas;Pleno dia           ;Crescente           ;Céu Claro           ;Múltipla            ;Reta                          ;Sim       ;211194;Automóvel           ;VW                                                ;2009.0;Condutor            ;Ileso               ;25.0;Masculino           ;1;0;0;0;-19.3756686;-40.06637692
36414;118191.0;259732.0;2018-03-14;quarta-feira;14:00:00;ES;101.0;4,4;PEDRO CANARIO                                               ;Sim                 ;Condutor Dormindo                                                                                   ;1;Tombamento                                                                                                                                                                                              ;Com Vítimas Feridas;Pleno dia           ;Crescente           ;Céu Claro           ;Simples             ;Reta                          ;Não       ;213035;Caminhão            ;M.BENZ                                            ;2004.0;Passageiro          ;Ileso               ;24.0;Masculino           ;1;0;0;0;-18.20781265;-39.939680100000004
36415;118191.0;259730.0;2018-03-14;quarta-feira;14:00:00;ES;101.0;4,4;PEDRO CANARIO                                               ;Sim                 ;Condutor Dormindo                                                                                   ;1;Tombamento                                                                                                                                                                                              ;Com Vítimas Feridas;Pleno dia           ;Crescente           ;Céu Claro           ;Simples             ;Reta                          ;Não       ;213035;Caminhão            ;M.BENZ                                            ;2004.0;Condutor            ;Lesões Graves       ;58.0;Masculino           ;0;0;1;0;-18.20781265;-39.939680100000004
36513;118239.0;259466.0;2018-03-14;quarta-feira;17:20:00;ES;101.0;304,8;VIANA                                                       ;Sim                 ;Desobediência às normas de trânsito pelo condutor                                                   ;1;Colisão lateral                                                                                                                                                                                         ;Sem Vítimas;Pleno dia           ;Crescente           ;Céu Claro           ;Dupla               ;Rotatória                     ;Não       ;212811;Automóvel           ;FIAT                                              ;2011.0;Condutor            ;Ileso               ;52.0;Masculino           ;1;0;0;0;-20.38471912;-40.46292543
36514;118239.0;259465.0;2018-03-14;quarta-feira;17:20:00;ES;101.0;304,8;VIANA                                                       ;Sim                 ;Desobediência às normas de trânsito pelo condutor                                                   ;1;Colisão lateral                                                                                                                                                                                         ;Sem Vítimas;Pleno dia           ;Crescente           ;Céu Claro           ;Dupla               ;Rotatória                     ;Não       ;212798;Caminhão-trator     ;SCANIA                                            ;2010.0;Condutor            ;Ileso               ;58.0;Masculino           ;1;0;0;0;-20.38471912;-40.46292543
36521;118246.0;257616.0;2018-03-14;quarta-feira;17:45:00;ES;101.0;66;SAO MATEUS                                                  ;Sim                 ;Falta de Atenção à Condução                                                                         ;1;Colisão transversal                                                                                                                                                                                     ;Com Vítimas Feridas;Anoitecer           ;Decrescente         ;Céu Claro           ;Simples             ;Reta                          ;Sim       ;211196;Bicicleta           ;                                                  ;;Condutor            ;Não Informado       ;;Não Informado       ;0;0;0;0;-18.716522;-39.874359000000005
36522;118246.0;257612.0;2018-03-14;quarta-feira;17:45:00;ES;101.0;66;SAO MATEUS                                                  ;Sim                 ;Falta de Atenção à Condução                                                                         ;1;Colisão transversal                                                                                                                                                                                     ;Com Vítimas Feridas;Anoitecer           ;Decrescente         ;Céu Claro           ;Simples             ;Reta                          ;Sim       ;211195;Motocicleta         ;HONDA                                             ;2014.0;Condutor            ;Lesões Leves        ;41.0;Feminino            ;0;1;0;0;-18.716522;-39.874359000000005
36523;118246.0;257614.0;2018-03-14;quarta-feira;17:45:00;ES;101.0;66;SAO MATEUS                                                  ;Sim                 ;Falta de Atenção à Condução                                                                         ;1;Colisão transversal                                                                                                                                                                                     ;Com Vítimas Feridas;Anoitecer           ;Decrescente         ;Céu Claro           ;Simples             ;Reta                          ;Sim       ;211195;Motocicleta         ;HONDA                                             ;2014.0;Passageiro          ;Lesões Leves        ;9.0;Masculino           ;0;1;0;0;-18.716522;-39.874359000000005
36636;118304.0;257790.0;2018-03-14;quarta-feira;22:30:00;ES;101.0;146;LINHARES                                                    ;Sim                 ;Falta de Atenção à Condução                                                                         ;1;Colisão lateral                                                                                                                                                                                         ;Sem Vítimas;Plena Noite         ;Decrescente         ;Céu Claro           ;Dupla               ;Reta                          ;Sim       ;211302;Automóvel           ;CHEVROLET                                         ;2013.0;Condutor            ;Ileso               ;32.0;Masculino           ;1;0;0;0;-19.37465142;-40.066079200000004
36637;118304.0;258979.0;2018-03-14;quarta-feira;22:30:00;ES;101.0;146;LINHARES                                                    ;Sim                 ;Falta de Atenção à Condução                                                                         ;1;Colisão lateral                                                                                                                                                                                         ;Sem Vítimas;Plena Noite         ;Decrescente         ;Céu Claro           ;Dupla               ;Reta                          ;Sim       ;211301;Automóvel           ;VW                                                ;2012.0;Condutor            ;Ileso               ;65.0;Masculino           ;1;0;0;0;-19.37465142;-40.066079200000004
36674;118327.0;257825.0;2018-03-15;quinta-feira;04:15:00;ES;101.0;294;CARIACICA                                                   ;Sim                 ;Falta de Atenção do Pedestre                                                                        ;1;Atropelamento de Pedestre                                                                                                                                                                               ;Com Vítimas Feridas;Plena Noite         ;Decrescente         ;Céu Claro           ;Dupla               ;Não Informado                 ;Sim       ;211351;Automóvel           ;FORD                                              ;2015.0;Pedestre            ;Lesões Leves        ;34.0;Masculino           ;0;1;0;0;-20.318080399999996;-40.395725799999994
36675;118327.0;257815.0;2018-03-15;quinta-feira;04:15:00;ES;101.0;294;CARIACICA                                                   ;Sim                 ;Falta de Atenção do Pedestre                                                                        ;1;Atropelamento de Pedestre                                                                                                                                                                               ;Com Vítimas Feridas;Plena Noite         ;Decrescente         ;Céu Claro           ;Dupla               ;Não Informado                 ;Sim       ;211351;Automóvel           ;FORD                                              ;2015.0;Condutor            ;Ileso               ;26.0;Masculino           ;1;0;0;0;-20.318080399999996;-40.395725799999994