;id;pesid;data_inversa;dia_semana;horario;uf;br;km;municipio;causa_principal;causa_acidente;ordem_tipo_acidente;tipo_acidente;classificacao_acidente;fase_dia;sentido_via;condicao_metereologica;tipo_pista;tracado_via;uso_solo;id_veiculo;tipo_veiculo;marca;ano_fabricacao_veiculo;tipo_envolvido;estado_fisico;idade;sexo;ilesos;feridos_leves;feridos_graves;mortos;latitude;longitude
39328;119623.0;260689.0;2018-03-20;terça-feira;11:00:00;ES;101.0;298;VIANA                                                       ;Sim                 ;Avarias e/ou desgaste excessivo no pneu                                                             ;1;Queda de ocupante de veículo                                                                                                                                                                            ;Com Vítimas Feridas;Pleno dia           ;Decrescente         ;Céu Claro           ;Dupla               ;Reta                          ;Sim       ;213714;Motoneta            ;HONDA                                             ;2011.0;Condutor            ;Lesões Leves        ;27.0;Feminino            ;0;1;0;0;-20.3829109;-40.459682799999996
39329;119623.0;260690.0;2018-03-20;terça-feira;11:00:00;ES;101.0;298;VIANA                                                       ;Sim                 ;Avarias e/ou desgaste excessivo no pneu                                                             ;1;Queda de ocupante de veículo                                                                                                                                                                            ;Com Vítimas Feridas;Pleno dia           ;Decrescente         ;Céu Claro           ;Dupla               ;Reta                          ;Sim       ;213714;Motoneta            ;HONDA                                             ;2011.0;Passageiro          ;Lesões Leves        ;25.0;Feminino            ;0;1;0;0;-20.3829109;-40.459682799999996
39443;119686.0;261104.0;2018-03-20;terça-feira;17:00:00;ES;101.0;189;ARACRUZ                                                     ;Sim                 ;Falta de Atenção à Condução                                                                         ;1;Colisão transversal                                                                                                                                                                                     ;Com Vítimas Feridas;Pleno dia           ;Crescente           ;Nublado             ;Simples             ;Interseção de vias            ;Sim       ;213909;Caminhonete         ;FIAT                                              ;2012.0;Condutor            ;Lesões Leves        ;77.0;Masculino           ;0;1;0;0;-19.70207181;-40.31570435
39444;119686.0;262665.0;2018-03-20;terça-feira;17:00:00;ES;101.0;189;ARACRUZ                                                     ;Sim                 ;Falta de Atenção à Condução                                                                         ;1;Colisão transversal                                                                                                                                                                                     ;Com Vítimas Feridas;Pleno dia           ;Crescente           ;Nublado             ;Simples             ;Interseção de vias            ;Sim       ;213910;Motocicleta         ;HONDA                                             ;2009.0;Passageiro          ;Lesões Graves       ;32.0;Feminino            ;0;0;1;0;-19.70207181;-40.31570435
39445;119686.0;261106.0;2018-03-20;terça-feira;17:00:00;ES;101.0;189;ARACRUZ                                                     ;Sim                 ;Falta de Atenção à Condução                                                                         ;1;Colisão transversal                                                                                                                                                                                     ;Com Vítimas Feridas;Pleno dia           ;Crescente           ;Nublado             ;Simples             ;Interseção de vias            ;Sim       ;213910;Motocicleta         ;HONDA                                             ;2009.0;Condutor            ;Lesões Graves       ;40.0;Masculino           ;0;0;1;0;-19.70207181;-40.31570435
39554;119731.0;262985.0;2018-03-20;terça-feira;19:30:00;ES;101.0;270,7;SERRA                                                       ;Sim                 ;Defeito Mecânico no Veículo                                                                         ;1;Queda de ocupante de veículo                                                                                                                                                                            ;Com Vítimas Feridas;Plena Noite         ;Decrescente         ;Céu Claro           ;Dupla               ;Curva                         ;Sim       ;213994;Motocicleta         ;YAMAHA                                            ;2010.0;Condutor            ;Lesões Leves        ;41.0;Masculino           ;0;1;0;0;-20.232563199999998;-40.27107239
39555;119732.0;260901.0;2018-03-20;terça-feira;19:00:00;ES;101.0;299;VIANA                                                       ;Sim                 ;Falta de Atenção do Pedestre                                                                        ;1;Atropelamento de Pedestre                                                                                                                                                                               ;Com Vítimas Feridas;Anoitecer           ;Decrescente         ;Céu Claro           ;Múltipla            ;Reta                          ;Sim       ;213894;Motocicleta         ;                                                  ;;Condutor            ;Não Informado       ;;Não Informado       ;0;0;0;0;-20.3829687;-40.4596784
39556;119732.0;260900.0;2018-03-20;terça-feira;19:00:00;ES;101.0;299;VIANA                                                       ;Sim                 ;Falta de Atenção do Pedestre                                                                        ;1;Atropelamento de Pedestre                                                                                                                                                                               ;Com Vítimas Feridas;Anoitecer           ;Decrescente         ;Céu Claro           ;Múltipla            ;Reta                          ;Sim       ;213894;Motocicleta         ;                                                  ;;Pedestre            ;Lesões Graves       ;35.0;Masculino           ;0;0;1;0;-20.3829687;-40.4596784
39676;119806.0;263287.0;2018-03-21;quarta-feira;06:30:00;ES;101.0;263,1;SERRA                                                       ;Sim                 ;Não guardar distância de segurança                                                                  ;1;Colisão traseira                                                                                                                                                                                        ;Com Vítimas Feridas;Amanhecer           ;Crescente           ;Nublado             ;Dupla               ;Reta                          ;Sim       ;214378;Caminhão-trator     ;SCANIA                                            ;2014.0;Condutor            ;Ileso               ;46.0;Masculino           ;1;0;0;0;-20.10199943;-40.3452301
39677;119806.0;263286.0;2018-03-21;quarta-feira;06:30:00;ES;101.0;263,1;SERRA                                                       ;Sim                 ;Não guardar distância de segurança                                                                  ;1;Colisão traseira                                                                                                                                                                                        ;Com Vítimas Feridas;Amanhecer           ;Crescente           ;Nublado             ;Dupla               ;Reta                          ;Sim       ;214377;Ônibus              ;MBENZ                                             ;2006.0;Condutor            ;Lesões Leves        ;39.0;Masculino           ;0;1;0;0;-20.10199943;-40.3452301
39693;119818.0;268644.0;2018-03-21;quarta-feira;06:45:00;ES;101.0;128,2;SOORETAMA                                                   ;Sim                 ;Desobediência às normas de trânsito pelo condutor                                                   ;1;Colisão lateral                                                                                                                                                                                         ;Com Vítimas Feridas;Pleno dia           ;Crescente           ;Céu Claro           ;Simples             ;Reta                          ;Sim       ;220227;Caminhão            ;FORD                                              ;2010.0;Condutor            ;Ileso               ;41.0;Masculino           ;1;0;0;0;-19.20613168;-40.09460449
39694;119818.0;268643.0;2018-03-21;quarta-feira;06:45:00;ES;101.0;128,2;SOORETAMA                                                   ;Sim                 ;Desobediência às normas de trânsito pelo condutor                                                   ;1;Colisão lateral                                                                                                                                                                                         ;Com Vítimas Feridas;Pleno dia           ;Crescente           ;Céu Claro           ;Simples             ;Reta                          ;Sim       ;220221;Motocicleta         ;HONDA                                             ;2016.0;Condutor            ;Lesões Leves        ;22.0;Masculino           ;0;1;0;0;-19.20613168;-40.09460449
39845;119888.0;261564.0;2018-03-21;quarta-feira;13:40:00;ES;101.0;264,3;SERRA                                                       ;Sim                 ;Falta de Atenção à Condução                                                                         ;1;Colisão transversal                                                                                                                                                                                     ;Sem Vítimas;Pleno dia           ;Decrescente         ;Sol                 ;Múltipla            ;Reta                          ;Sim       ;214243;Motocicleta         ;HONDA                                             ;2011.0;Condutor            ;Ileso               ;31.0;Feminino            ;1;0;0;0;-20.0966706;-40.339276399999996
39846;119888.0;261567.0;2018-03-21;quarta-feira;13:40:00;ES;101.0;264,3;SERRA                                                       ;Sim                 ;Falta de Atenção à Condução                                                                         ;1;Colisão transversal                                                                                                                                                                                     ;Sem Vítimas;Pleno dia           ;Decrescente         ;Sol                 ;Múltipla            ;Reta                          ;Sim       ;214242;Bicicleta           ;                                                  ;;Condutor            ;Ileso               ;;Masculino           ;1;0;0;0;-20.0966706;-40.339276399999996
40160;120064.0;261793.0;2018-03-22;quinta-feira;10:45:00;ES;101.0;293,2;CARIACICA                                                   ;Sim                 ;Velocidade Incompatível                                                                             ;1;Colisão transversal                                                                                                                                                                                     ;Com Vítimas Feridas;Pleno dia           ;Decrescente         ;Nublado             ;Dupla               ;Reta                          ;Sim       ;214629;Caminhão            ;VW                                                ;2007.0;Condutor            ;Ileso               ;32.0;Masculino           ;1;0;0;0;-20.31805235;-40.39586216
40161;120064.0;261789.0;2018-03-22;quinta-feira;10:45:00;ES;101.0;293,2;CARIACICA                                                   ;Sim                 ;Velocidade Incompatível                                                                             ;1;Colisão transversal                                                                                                                                                                                     ;Com Vítimas Feridas;Pleno dia           ;Decrescente         ;Nublado             ;Dupla               ;Reta                          ;Sim       ;214628;Motocicleta         ;HONDA                                             ;2010.0;Condutor            ;Lesões Graves       ;30.0;Masculino           ;0;0;1;0;-20.31805235;-40.39586216
40175;120074.0;261992.0;2018-03-22;quinta-feira;11:45:00;ES;101.0;144,1;LINHARES                                                    ;Sim                 ;Desobediência às normas de trânsito pelo condutor                                                   ;1;Atropelamento de Pedestre                                                                                                                                                                               ;Com Vítimas Feridas;Pleno dia           ;Decrescente         ;Nublado             ;Múltipla            ;Reta                          ;Sim       ;214816;Motoneta            ;HONDA                                             ;2017.0;Testemunha          ;Não Informado       ;;Não Informado       ;0;0;0;0;-19.36945407;-40.06439209
40176;120074.0;261990.0;2018-03-22;quinta-feira;11:45:00;ES;101.0;144,1;LINHARES                                                    ;Sim                 ;Desobediência às normas de trânsito pelo condutor                                                   ;1;Atropelamento de Pedestre                                                                                                                                                                               ;Com Vítimas Feridas;Pleno dia           ;Decrescente         ;Nublado             ;Múltipla            ;Reta                          ;Sim       ;214816;Motoneta            ;HONDA                                             ;2017.0;Pedestre            ;Lesões Leves        ;29.0;Feminino            ;0;1;0;0;-19.36945407;-40.06439209
40177;120074.0;261987.0;2018-03-22;quinta-feira;11:45:00;ES;101.0;144,1;LINHARES                                                    ;Sim                 ;Desobediência às normas de trânsito pelo condutor                                                   ;1;Atropelamento de Pedestre                                                                                                                                                                               ;Com Vítimas Feridas;Pleno dia           ;Decrescente         ;Nublado             ;Múltipla            ;Reta                          ;Sim       ;214816;Motoneta            ;HONDA                                             ;2017.0;Condutor            ;Ileso               ;21.0;Feminino            ;1;0;0;0;-19.36945407;-40.06439209
40196;120085.0;261753.0;2018-03-22;quinta-feira;12:30:00;ES;101.0;244,9;SERRA                                                       ;Sim                 ;Falta de Atenção à Condução                                                                         ;1;Colisão com objeto estático                                                                                                                                                                             ;Sem Vítimas;Pleno dia           ;Decrescente         ;Chuva               ;Simples             ;Não Informado                 ;Sim       ;214620;Automóvel           ;CHEVROLET                                         ;2012.0;Condutor            ;Ileso               ;53.0;Masculino           ;1;0;0;0;-20.05452031;-40.38214266
40234;120108.0;261929.0;2018-03-22;quinta-feira;14:20:00;ES;101.0;216,5;IBIRACU                                                     ;Sim                 ;Falta de Atenção à Condução                                                                         ;1;Colisão traseira                                                                                                                                                                                        ;Com Vítimas Feridas;Pleno dia           ;Crescente           ;Chuva               ;Dupla               ;Reta                          ;Não       ;214769;Motoneta            ;HONDA                                             ;2015.0;Condutor            ;Lesões Leves        ;24.0;Masculino           ;0;1;0;0;-19.84522615;-40.38547933
40235;120108.0;261927.0;2018-03-22;quinta-feira;14:20:00;ES;101.0;216,5;IBIRACU                                                     ;Sim                 ;Falta de Atenção à Condução                                                                         ;1;Colisão traseira                                                                                                                                                                                        ;Com Vítimas Feridas;Pleno dia           ;Crescente           ;Chuva               ;Dupla               ;Reta                          ;Não       ;214766;Caminhonete         ;FIAT                                              ;2012.0;Condutor            ;Ileso               ;22.0;Masculino           ;1;0;0;0;-19.84522615;-40.38547933
40277;120131.0;261871.0;2018-03-22;quinta-feira;16:35:00;ES;101.0;357,2;ANCHIETA                                                    ;Não                 ;Velocidade Incompatível                                                                             ;1;Colisão transversal                                                                                                                                                                                     ;Com Vítimas Feridas;Pleno dia           ;Crescente           ;Nublado             ;Simples             ;Reta                          ;Não       ;214712;Micro-ônibus        ;PEUGEOT                                           ;2014.0;Condutor            ;Ileso               ;49.0;Masculino           ;1;0;0;0;-20.68923746;-40.69710106
40278;120131.0;261873.0;2018-03-22;quinta-feira;16:35:00;ES;101.0;357,2;ANCHIETA                                                    ;Não                 ;Velocidade Incompatível                                                                             ;1;Colisão transversal                                                                                                                                                                                     ;Com Vítimas Feridas;Pleno dia           ;Crescente           ;Nublado             ;Simples             ;Reta                          ;Não       ;214711;Automóvel           ;VW                                                ;1994.0;Condutor            ;Lesões Graves       ;63.0;Masculino           ;0;0;1;0;-20.68923746;-40.69710106
40282;120135.0;261863.0;2018-03-22;quinta-feira;17:00:00;ES;101.0;269,7;SERRA                                                       ;Sim                 ;Defeito Mecânico no Veículo                                                                         ;1;Colisão traseira                                                                                                                                                                                        ;Com Vítimas Feridas;Pleno dia           ;Crescente           ;Nublado             ;Dupla               ;Interseção de vias            ;Sim       ;214696;Automóvel           ;VW                                                ;1996.0;Condutor            ;Lesões Leves        ;66.0;Masculino           ;0;1;0;0;-20.22311016;-40.27056813
40283;120135.0;261865.0;2018-03-22;quinta-feira;17:00:00;ES;101.0;269,7;SERRA                                                       ;Sim                 ;Defeito Mecânico no Veículo                                                                         ;1;Colisão traseira                                                                                                                                                                                        ;Com Vítimas Feridas;Pleno dia           ;Crescente           ;Nublado             ;Dupla               ;Interseção de vias            ;Sim       ;214704;Caminhão            ;M.BENZ                                            ;1983.0;Condutor            ;Ileso               ;43.0;Masculino           ;1;0;0;0;-20.22311016;-40.27056813
40326;120155.0;268984.0;2018-03-22;quinta-feira;18:51:00;ES;101.0;284,9;CARIACICA                                                   ;Sim                 ;Falta de Atenção à Condução                                                                         ;2;Tombamento                                                                                                                                                                                              ;Com Vítimas Feridas;Plena Noite         ;Crescente           ;Céu Claro           ;Dupla               ;Desvio Temporário             ;Sim       ;214893;Outros              ;                                                  ;;Condutor            ;Ileso               ;;Ignorado            ;1;0;0;0;-20.29030115;-40.38963315
40327;120155.0;268981.0;2018-03-22;quinta-feira;18:51:00;ES;101.0;284,9;CARIACICA                                                   ;Sim                 ;Falta de Atenção à Condução                                                                         ;2;Tombamento                                                                                                                                                                                              ;Com Vítimas Feridas;Plena Noite         ;Crescente           ;Céu Claro           ;Dupla               ;Desvio Temporário             ;Sim       ;214889;Motocicleta         ;HONDA                                             ;2009.0;Condutor            ;Lesões Graves       ;56.0;Masculino           ;0;0;1;0;-20.29030115;-40.38963315
40555;120269.0;262161.0;2018-03-23;sexta-feira;08:30:00;ES;101.0;268;SERRA                                                       ;Sim                 ;Falta de Atenção à Condução                                                                         ;1;Colisão lateral                                                                                                                                                                                         ;Com Vítimas Feridas;Pleno dia           ;Crescente           ;Céu Claro           ;Múltipla            ;Reta                          ;Sim       ;214986;Motoneta            ;HONDA                                             ;2016.0;Passageiro          ;Lesões Leves        ;28.0;Feminino            ;0;1;0;0;-20.218854904;-40.270332335999996
40556;120269.0;262162.0;2018-03-23;sexta-feira;08:30:00;ES;101.0;268;SERRA                                                       ;Sim                 ;Falta de Atenção à Condução                                                                         ;1;Colisão lateral                                                                                                                                                                                         ;Com Vítimas Feridas;Pleno dia           ;Crescente           ;Céu Claro           ;Múltipla            ;Reta                          ;Sim       ;214988;Camioneta           ;FORD                                              ;2006.0;Condutor            ;Ileso               ;33.0;Feminino            ;1;0;0;0;-20.218854904;-40.270332335999996
40557;120269.0;262160.0;2018-03-23;sexta-feira;08:30:00;ES;101.0;268;SERRA                                                       ;Sim                 ;Falta de Atenção à Condução                                                                         ;1;Colisão lateral                                                                                                                                                                                         ;Com Vítimas Feridas;Pleno dia           ;Crescente           ;Céu Claro           ;Múltipla            ;Reta                          ;Sim       ;214986;Motoneta            ;HONDA                                             ;2016.0;Condutor            ;Lesões Leves        ;33.0;Masculino           ;0;1;0;0;-20.218854904;-40.270332335999996
40640;120301.0;266524.0;2018-03-23;sexta-feira;12:20:00;ES;101.0;448;MIMOSO DO SUL                                               ;Sim                 ;Falta de Atenção à Condução                                                                         ;1;Colisão transversal                                                                                                                                                                                     ;Com Vítimas Feridas;Pleno dia           ;Crescente           ;Céu Claro           ;Simples             ;Curva                         ;Não       ;218580;Motocicleta         ;HONDA                                             ;2007.0;Condutor            ;Lesões Graves       ;51.0;Masculino           ;0;0;1;0;-21.131227499999998;-41.2803634
40641;120301.0;266523.0;2018-03-23;sexta-feira;12:20:00;ES;101.0;448;MIMOSO DO SUL                                               ;Sim                 ;Falta de Atenção à Condução                                                                         ;1;Colisão transversal                                                                                                                                                                                     ;Com Vítimas Feridas;Pleno dia           ;Crescente           ;Céu Claro           ;Simples             ;Curva                         ;Não       ;218569;Automóvel           ;VW                                                ;2015.0;Condutor            ;Ileso               ;27.0;Masculino           ;1;0;0;0;-21.131227499999998;-41.2803634
40642;120301.0;266533.0;2018-03-23;sexta-feira;12:20:00;ES;101.0;448;MIMOSO DO SUL                                               ;Sim                 ;Falta de Atenção à Condução                                                                         ;1;Colisão transversal                                                                                                                                                                                     ;Com Vítimas Feridas;Pleno dia           ;Crescente           ;Céu Claro           ;Simples             ;Curva                         ;Não       ;218580;Motocicleta         ;HONDA                                             ;2007.0;Passageiro          ;Lesões Leves        ;41.0;Feminino            ;0;1;0;0;-21.131227499999998;-41.2803634
40673;120317.0;262288.0;2018-03-23;sexta-feira;12:50:00;ES;101.0;0,3;SERRA                                                       ;Sim                 ;Não guardar distância de segurança                                                                  ;1;Colisão traseira                                                                                                                                                                                        ;Com Vítimas Feridas;Pleno dia           ;Decrescente         ;Céu Claro           ;Múltipla            ;Interseção de vias            ;Sim       ;215077;Automóvel           ;FIAT                                              ;2005.0;Condutor            ;Ileso               ;36.0;Masculino           ;1;0;0;0;-20.23712341;-40.27748195
40674;120317.0;262292.0;2018-03-23;sexta-feira;12:50:00;ES;101.0;0,3;SERRA                                                       ;Sim                 ;Não guardar distância de segurança                                                                  ;1;Colisão traseira                                                                                                                                                                                        ;Com Vítimas Feridas;Pleno dia           ;Decrescente         ;Céu Claro           ;Múltipla            ;Interseção de vias            ;Sim       ;215076;Ônibus              ;VW                                                ;2012.0;Passageiro          ;Lesões Leves        ;77.0;Masculino           ;0;1;0;0;-20.23712341;-40.27748195
40675;120317.0;262286.0;2018-03-23;sexta-feira;12:50:00;ES;101.0;0,3;SERRA                                                       ;Sim                 ;Não guardar distância de segurança                                                                  ;1;Colisão traseira                                                                                                                                                                                        ;Com Vítimas Feridas;Pleno dia           ;Decrescente         ;Céu Claro           ;Múltipla            ;Interseção de vias            ;Sim       ;215076;Ônibus              ;VW                                                ;2012.0;Condutor            ;Ileso               ;53.0;Masculino           ;1;0;0;0;-20.23712341;-40.27748195
40682;120323.0;264458.0;2018-03-23;sexta-feira;13:30:00;ES;101.0;267;SERRA                                                       ;Sim                 ;Falta de Atenção à Condução                                                                         ;1;Colisão lateral                                                                                                                                                                                         ;Com Vítimas Feridas;Pleno dia           ;Crescente           ;Céu Claro           ;Múltipla            ;Reta                          ;Sim       ;216899;Automóvel           ;HONDA                                             ;2001.0;Condutor            ;Ileso               ;62.0;Masculino           ;1;0;0;0;-20.22223295;-40.26958468
40683;120323.0;264457.0;2018-03-23;sexta-feira;13:30:00;ES;101.0;267;SERRA                                                       ;Sim                 ;Falta de Atenção à Condução                                                                         ;1;Colisão lateral                                                                                                                                                                                         ;Com Vítimas Feridas;Pleno dia           ;Crescente           ;Céu Claro           ;Múltipla            ;Reta                          ;Sim       ;216893;Camioneta           ;I                                                 ;2013.0;Condutor            ;Ileso               ;63.0;Masculino           ;1;0;0;0;-20.22223295;-40.26958468
40684;120323.0;264462.0;2018-03-23;sexta-feira;13:30:00;ES;101.0;267;SERRA                                                       ;Sim                 ;Falta de Atenção à Condução                                                                         ;1;Colisão lateral                                                                                                                                                                                         ;Com Vítimas Feridas;Pleno dia           ;Crescente           ;Céu Claro           ;Múltipla            ;Reta                          ;Sim       ;216900;Motocicleta         ;HONDA                                             ;1999.0;Condutor            ;Lesões Graves       ;31.0;Masculino           ;0;0;1;0;-20.22223295;-40.26958468
40737;120347.0;262420.0;2018-03-23;sexta-feira;14:20:00;ES;101.0;282,5;CARIACICA                                                   ;Sim                 ;Desobediência às normas de trânsito pelo condutor                                                   ;1;Colisão lateral                                                                                                                                                                                         ;Com Vítimas Feridas;Pleno dia           ;Decrescente         ;Céu Claro           ;Simples             ;Viaduto                       ;Não       ;215173;Caminhão            ;FORD                                              ;2006.0;Condutor            ;Ileso               ;27.0;Masculino           ;1;0;0;0;-20.2300482;-40.3674812
40738;120347.0;262419.0;2018-03-23;sexta-feira;14:20:00;ES;101.0;282,5;CARIACICA                                                   ;Sim                 ;Desobediência às normas de trânsito pelo condutor                                                   ;1;Colisão lateral                                                                                                                                                                                         ;Com Vítimas Feridas;Pleno dia           ;Decrescente         ;Céu Claro           ;Simples             ;Viaduto                       ;Não       ;215172;Motocicleta         ;HONDA                                             ;2013.0;Condutor            ;Lesões Graves       ;29.0;Feminino            ;0;0;1;0;-20.2300482;-40.3674812
40816;120387.0;262472.0;2018-03-23;sexta-feira;18:40:00;ES;101.0;90,6;JAGUARE                                                     ;Sim                 ;Falta de Atenção à Condução                                                                         ;1;Colisão transversal                                                                                                                                                                                     ;Com Vítimas Feridas;Plena Noite         ;Decrescente         ;Céu Claro           ;Simples             ;Reta                          ;Sim       ;215216;Bicicleta           ;                                                  ;;Condutor            ;Não Informado       ;;Não Informado       ;0;0;0;0;-18.90954799;-39.96077542
40817;120387.0;262469.0;2018-03-23;sexta-feira;18:40:00;ES;101.0;90,6;JAGUARE                                                     ;Sim                 ;Falta de Atenção à Condução                                                                         ;1;Colisão transversal                                                                                                                                                                                     ;Com Vítimas Feridas;Plena Noite         ;Decrescente         ;Céu Claro           ;Simples             ;Reta                          ;Sim       ;215212;Motocicleta         ;HONDA                                             ;2014.0;Condutor            ;Lesões Graves       ;45.0;Masculino           ;0;0;1;0;-18.90954799;-39.96077542
40855;120408.0;264825.0;2018-03-23;sexta-feira;19:10:00;ES;101.0;288,1;CARIACICA                                                   ;Sim                 ;Velocidade Incompatível                                                                             ;2;Tombamento                                                                                                                                                                                              ;Sem Vítimas;Plena Noite         ;Decrescente         ;Nublado             ;Dupla               ;Reta                          ;Não       ;215240;Automóvel           ;TOYOTA                                            ;2006.0;Condutor            ;Ileso               ;36.0;Masculino           ;1;0;0;0;-20.2729943;-40.3910628
40922;120446.0;264513.0;2018-03-23;sexta-feira;21:50:00;ES;101.0;135,5;LINHARES                                                    ;Não                 ;Falta de Atenção à Condução                                                                         ;1;Tombamento                                                                                                                                                                                              ;Com Vítimas Feridas;Plena Noite         ;Crescente           ;Céu Claro           ;Simples             ;Interseção de vias            ;Não       ;215271;Motocicleta         ;HONDA                                             ;2010.0;Testemunha          ;Não Informado       ;;Não Informado       ;0;0;0;0;-19.27955476;-40.08741349
40923;120446.0;262553.0;2018-03-23;sexta-feira;21:50:00;ES;101.0;135,5;LINHARES                                                    ;Não                 ;Falta de Atenção à Condução                                                                         ;1;Tombamento                                                                                                                                                                                              ;Com Vítimas Feridas;Plena Noite         ;Crescente           ;Céu Claro           ;Simples             ;Interseção de vias            ;Não       ;215271;Motocicleta         ;HONDA                                             ;2010.0;Condutor            ;Lesões Graves       ;24.0;Masculino           ;0;0;1;0;-19.27955476;-40.08741349
40924;120446.0;264725.0;2018-03-23;sexta-feira;21:50:00;ES;101.0;135,5;LINHARES                                                    ;Não                 ;Falta de Atenção à Condução                                                                         ;1;Tombamento                                                                                                                                                                                              ;Com Vítimas Feridas;Plena Noite         ;Crescente           ;Céu Claro           ;Simples             ;Interseção de vias            ;Não       ;215272;Outros              ;                                                  ;;Condutor            ;Ileso               ;2017.0;Ignorado            ;1;0;0;0;-19.27955476;-40.08741349
40977;120476.0;262525.0;2018-03-24;sábado;04:00:00;ES;101.0;288,1;CARIACICA                                                   ;Sim                 ;Falta de Atenção à Condução                                                                         ;1;Queda de ocupante de veículo                                                                                                                                                                            ;Com Vítimas Feridas;Plena Noite         ;Crescente           ;Céu Claro           ;Dupla               ;Curva                         ;Sim       ;215273;Motocicleta         ;HONDA                                             ;2000.0;Condutor            ;Lesões Graves       ;28.0;Masculino           ;0;0;1;0;-20.274147;-40.392134999999996
40978;120476.0;262526.0;2018-03-24;sábado;04:00:00;ES;101.0;288,1;CARIACICA                                                   ;Sim                 ;Falta de Atenção à Condução                                                                         ;1;Queda de ocupante de veículo                                                                                                                                                                            ;Com Vítimas Feridas;Plena Noite         ;Crescente           ;Céu Claro           ;Dupla               ;Curva                         ;Sim       ;215273;Motocicleta         ;HONDA                                             ;2000.0;Passageiro          ;Lesões Leves        ;27.0;Feminino            ;0;1;0;0;-20.274147;-40.392134999999996
41367;120634.0;265104.0;2018-03-24;sábado;15:20:00;ES;101.0;61,1;SAO MATEUS                                                  ;Sim                 ;Falta de Atenção à Condução                                                                         ;1;Colisão transversal                                                                                                                                                                                     ;Com Vítimas Feridas;Pleno dia           ;Crescente           ;Céu Claro           ;Simples             ;Interseção de vias            ;Sim       ;215599;Caminhão            ;FORD                                              ;1980.0;Condutor            ;Ileso               ;55.0;Masculino           ;1;0;0;0;-18.72137293;-39.78752173
41368;120634.0;265107.0;2018-03-24;sábado;15:20:00;ES;101.0;61,1;SAO MATEUS                                                  ;Sim                 ;Falta de Atenção à Condução                                                                         ;1;Colisão transversal                                                                                                                                                                                     ;Com Vítimas Feridas;Pleno dia           ;Crescente           ;Céu Claro           ;Simples             ;Interseção de vias            ;Sim       ;215625;Motocicleta         ;YAMAHA                                            ;2011.0;Condutor            ;Lesões Leves        ;22.0;Masculino           ;0;1;0;0;-18.72137293;-39.78752173
41409;120655.0;262912.0;2018-03-24;sábado;18:10:00;ES;101.0;144,3;LINHARES                                                    ;Sim                 ;Falta de Atenção à Condução                                                                         ;1;Colisão traseira                                                                                                                                                                                        ;Com Vítimas Feridas;Plena Noite         ;Crescente           ;Nublado             ;Múltipla            ;Reta                          ;Sim       ;215648;Motocicleta         ;HONDA                                             ;2011.0;Condutor            ;Lesões Graves       ;44.0;Masculino           ;0;0;1;0;-19.35364154;-40.06387174
41410;120655.0;262922.0;2018-03-24;sábado;18:10:00;ES;101.0;144,3;LINHARES                                                    ;Sim                 ;Falta de Atenção à Condução                                                                         ;1;Colisão traseira                                                                                                                                                                                        ;Com Vítimas Feridas;Plena Noite         ;Crescente           ;Nublado             ;Múltipla            ;Reta                          ;Sim       ;215649;Automóvel           ;                                                  ;;Condutor            ;Não Informado       ;;Não Informado       ;0;0;0;0;-19.35364154;-40.06387174
41525;120699.0;265036.0;2018-03-24;sábado;19:45:00;ES;101.0;343,2;GUARAPARI                                                   ;Sim                 ;Restrição de Visibilidade                                                                           ;1;Colisão com objeto em movimento                                                                                                                                                                         ;Com Vítimas Feridas;Plena Noite         ;Decrescente         ;Céu Claro           ;Simples             ;Reta                          ;Não       ;215761;Motocicleta         ;HONDA                                             ;2011.0;Condutor            ;Lesões Graves       ;28.0;Masculino           ;0;0;1;0;-20.64306555;-40.48736572
41534;120706.0;263028.0;2018-03-24;sábado;21:00:00;ES;101.0;294;CARIACICA                                                   ;Não                 ;Ingestão de Álcool                                                                                  ;1;Colisão com objeto estático                                                                                                                                                                             ;Com Vítimas Feridas;Plena Noite         ;Decrescente         ;Chuva               ;Dupla               ;Não Informado                 ;Sim       ;215783;Automóvel           ;FORD                                              ;2004.0;Passageiro          ;Lesões Leves        ;34.0;Feminino            ;0;1;0;0;-20.31243302;-40.39672852
41535;120706.0;263025.0;2018-03-24;sábado;21:00:00;ES;101.0;294;CARIACICA                                                   ;Não                 ;Ingestão de Álcool                                                                                  ;1;Colisão com objeto estático                                                                                                                                                                             ;Com Vítimas Feridas;Plena Noite         ;Decrescente         ;Chuva               ;Dupla               ;Não Informado                 ;Sim       ;215783;Automóvel           ;FORD                                              ;2004.0;Passageiro          ;Lesões Leves        ;13.0;Masculino           ;0;1;0;0;-20.31243302;-40.39672852
41536;120706.0;263021.0;2018-03-24;sábado;21:00:00;ES;101.0;294;CARIACICA                                                   ;Não                 ;Ingestão de Álcool                                                                                  ;1;Colisão com objeto estático                                                                                                                                                                             ;Com Vítimas Feridas;Plena Noite         ;Decrescente         ;Chuva               ;Dupla               ;Não Informado                 ;Sim       ;215783;Automóvel           ;FORD                                              ;2004.0;Condutor            ;Lesões Leves        ;36.0;Masculino           ;0;1;0;0;-20.31243302;-40.39672852