;id;pesid;data_inversa;dia_semana;horario;uf;br;km;municipio;causa_principal;causa_acidente;ordem_tipo_acidente;tipo_acidente;classificacao_acidente;fase_dia;sentido_via;condicao_metereologica;tipo_pista;tracado_via;uso_solo;id_veiculo;tipo_veiculo;marca;ano_fabricacao_veiculo;tipo_envolvido;estado_fisico;idade;sexo;ilesos;feridos_leves;feridos_graves;mortos;latitude;longitude
46645;123125.0;272253.0;2018-04-04;quarta-feira;09:40:00;ES;101.0;293;CARIACICA                                                   ;Não                 ;Velocidade Incompatível                                                                             ;1;Colisão transversal                                                                                                                                                                                     ;Com Vítimas Feridas;Pleno dia           ;Decrescente         ;Sol                 ;Múltipla            ;Interseção de vias            ;Sim       ;220343;Caminhão-trator     ;SCANIA                                            ;2001.0;Condutor            ;Ileso               ;40.0;Masculino           ;1;0;0;0;-20.381162300000003;-40.45592979999999
46646;123125.0;268790.0;2018-04-04;quarta-feira;09:40:00;ES;101.0;293;CARIACICA                                                   ;Não                 ;Velocidade Incompatível                                                                             ;1;Colisão transversal                                                                                                                                                                                     ;Com Vítimas Feridas;Pleno dia           ;Decrescente         ;Sol                 ;Múltipla            ;Interseção de vias            ;Sim       ;220342;Automóvel           ;GM                                                ;2005.0;Passageiro          ;Ileso               ;27.0;Masculino           ;1;0;0;0;-20.381162300000003;-40.45592979999999
46647;123125.0;268789.0;2018-04-04;quarta-feira;09:40:00;ES;101.0;293;CARIACICA                                                   ;Não                 ;Velocidade Incompatível                                                                             ;1;Colisão transversal                                                                                                                                                                                     ;Com Vítimas Feridas;Pleno dia           ;Decrescente         ;Sol                 ;Múltipla            ;Interseção de vias            ;Sim       ;220342;Automóvel           ;GM                                                ;2005.0;Condutor            ;Lesões Leves        ;48.0;Masculino           ;0;1;0;0;-20.381162300000003;-40.45592979999999
46748;123185.0;268809.0;2018-04-04;quarta-feira;16:10:00;ES;101.0;84,8;SAO MATEUS                                                  ;Não                 ;Avarias e/ou desgaste excessivo no pneu                                                             ;1;Colisão traseira                                                                                                                                                                                        ;Com Vítimas Feridas;Pleno dia           ;Crescente           ;Céu Claro           ;Simples             ;Reta                          ;Não       ;220352;Automóvel           ;FIAT                                              ;2013.0;Condutor            ;Ileso               ;53.0;Feminino            ;1;0;0;0;-18.73600472;-39.86114502
46749;123185.0;268810.0;2018-04-04;quarta-feira;16:10:00;ES;101.0;84,8;SAO MATEUS                                                  ;Não                 ;Avarias e/ou desgaste excessivo no pneu                                                             ;1;Colisão traseira                                                                                                                                                                                        ;Com Vítimas Feridas;Pleno dia           ;Crescente           ;Céu Claro           ;Simples             ;Reta                          ;Não       ;220352;Automóvel           ;FIAT                                              ;2013.0;Passageiro          ;Ileso               ;48.0;Masculino           ;1;0;0;0;-18.73600472;-39.86114502
46750;123185.0;268806.0;2018-04-04;quarta-feira;16:10:00;ES;101.0;84,8;SAO MATEUS                                                  ;Não                 ;Avarias e/ou desgaste excessivo no pneu                                                             ;1;Colisão traseira                                                                                                                                                                                        ;Com Vítimas Feridas;Pleno dia           ;Crescente           ;Céu Claro           ;Simples             ;Reta                          ;Não       ;220351;Automóvel           ;GM                                                ;1994.0;Passageiro          ;Ileso               ;23.0;Masculino           ;1;0;0;0;-18.73600472;-39.86114502
46751;123185.0;268805.0;2018-04-04;quarta-feira;16:10:00;ES;101.0;84,8;SAO MATEUS                                                  ;Não                 ;Avarias e/ou desgaste excessivo no pneu                                                             ;1;Colisão traseira                                                                                                                                                                                        ;Com Vítimas Feridas;Pleno dia           ;Crescente           ;Céu Claro           ;Simples             ;Reta                          ;Não       ;220351;Automóvel           ;GM                                                ;1994.0;Passageiro          ;Ileso               ;28.0;Masculino           ;1;0;0;0;-18.73600472;-39.86114502
46752;123185.0;268807.0;2018-04-04;quarta-feira;16:10:00;ES;101.0;84,8;SAO MATEUS                                                  ;Não                 ;Avarias e/ou desgaste excessivo no pneu                                                             ;1;Colisão traseira                                                                                                                                                                                        ;Com Vítimas Feridas;Pleno dia           ;Crescente           ;Céu Claro           ;Simples             ;Reta                          ;Não       ;220351;Automóvel           ;GM                                                ;1994.0;Passageiro          ;Ileso               ;19.0;Masculino           ;1;0;0;0;-18.73600472;-39.86114502
46753;123185.0;268804.0;2018-04-04;quarta-feira;16:10:00;ES;101.0;84,8;SAO MATEUS                                                  ;Não                 ;Avarias e/ou desgaste excessivo no pneu                                                             ;1;Colisão traseira                                                                                                                                                                                        ;Com Vítimas Feridas;Pleno dia           ;Crescente           ;Céu Claro           ;Simples             ;Reta                          ;Não       ;220351;Automóvel           ;GM                                                ;1994.0;Condutor            ;Lesões Leves        ;24.0;Masculino           ;0;1;0;0;-18.73600472;-39.86114502
46773;123196.0;269044.0;2018-04-04;quarta-feira;17:20:00;ES;101.0;264,5;SERRA                                                       ;Sim                 ;Desobediência às normas de trânsito pelo condutor                                                   ;2;Colisão lateral                                                                                                                                                                                         ;Com Vítimas Feridas;Anoitecer           ;Decrescente         ;Garoa/Chuvisco      ;Dupla               ;Interseção de vias            ;Sim       ;220393;Automóvel           ;CHEVROLET                                         ;2012.0;Condutor            ;Ileso               ;35.0;Feminino            ;1;0;0;0;-20.17857046;-40.26525468
46774;123196.0;269055.0;2018-04-04;quarta-feira;17:20:00;ES;101.0;264,5;SERRA                                                       ;Sim                 ;Desobediência às normas de trânsito pelo condutor                                                   ;2;Colisão lateral                                                                                                                                                                                         ;Com Vítimas Feridas;Anoitecer           ;Decrescente         ;Garoa/Chuvisco      ;Dupla               ;Interseção de vias            ;Sim       ;220395;Automóvel           ;VW                                                ;1998.0;Passageiro          ;Lesões Leves        ;61.0;Feminino            ;0;1;0;0;-20.17857046;-40.26525468
46775;123196.0;269053.0;2018-04-04;quarta-feira;17:20:00;ES;101.0;264,5;SERRA                                                       ;Sim                 ;Desobediência às normas de trânsito pelo condutor                                                   ;2;Colisão lateral                                                                                                                                                                                         ;Com Vítimas Feridas;Anoitecer           ;Decrescente         ;Garoa/Chuvisco      ;Dupla               ;Interseção de vias            ;Sim       ;220395;Automóvel           ;VW                                                ;1998.0;Condutor            ;Ileso               ;39.0;Masculino           ;1;0;0;0;-20.17857046;-40.26525468
46776;123196.0;269047.0;2018-04-04;quarta-feira;17:20:00;ES;101.0;264,5;SERRA                                                       ;Sim                 ;Desobediência às normas de trânsito pelo condutor                                                   ;2;Colisão lateral                                                                                                                                                                                         ;Com Vítimas Feridas;Anoitecer           ;Decrescente         ;Garoa/Chuvisco      ;Dupla               ;Interseção de vias            ;Sim       ;220394;Automóvel           ;CHEVROLET                                         ;2013.0;Condutor            ;Ileso               ;57.0;Masculino           ;1;0;0;0;-20.17857046;-40.26525468
46845;123240.0;268888.0;2018-04-04;quarta-feira;18:30:00;ES;101.0;282,8;CARIACICA                                                   ;Sim                 ;Condutor Dormindo                                                                                   ;1;Saída de leito carroçável                                                                                                                                                                               ;Com Vítimas Feridas;Plena Noite         ;Decrescente         ;Chuva               ;Dupla               ;Reta                          ;Sim       ;220417;Motocicleta         ;HONDA                                             ;2008.0;Condutor            ;Lesões Graves       ;66.0;Masculino           ;0;0;1;0;-20.2330411;-40.368286299999994
46872;123275.0;269025.0;2018-04-05;quinta-feira;01:00:00;ES;101.0;223;FUNDAO                                                      ;Sim                 ;Pista Escorregadia                                                                                  ;1;Tombamento                                                                                                                                                                                              ;Com Vítimas Feridas;Plena Noite         ;Crescente           ;Chuva               ;Simples             ;Curva                         ;Não       ;220551;Caminhonete         ;RENAULT                                           ;2017.0;Passageiro          ;Ileso               ;23.0;Feminino            ;1;0;0;0;-19.86914062;-40.40893936
46873;123275.0;269024.0;2018-04-05;quinta-feira;01:00:00;ES;101.0;223;FUNDAO                                                      ;Sim                 ;Pista Escorregadia                                                                                  ;1;Tombamento                                                                                                                                                                                              ;Com Vítimas Feridas;Plena Noite         ;Crescente           ;Chuva               ;Simples             ;Curva                         ;Não       ;220551;Caminhonete         ;RENAULT                                           ;2017.0;Passageiro          ;Ileso               ;28.0;Masculino           ;1;0;0;0;-19.86914062;-40.40893936
46874;123275.0;269023.0;2018-04-05;quinta-feira;01:00:00;ES;101.0;223;FUNDAO                                                      ;Sim                 ;Pista Escorregadia                                                                                  ;1;Tombamento                                                                                                                                                                                              ;Com Vítimas Feridas;Plena Noite         ;Crescente           ;Chuva               ;Simples             ;Curva                         ;Não       ;220551;Caminhonete         ;RENAULT                                           ;2017.0;Passageiro          ;Ileso               ;43.0;Feminino            ;1;0;0;0;-19.86914062;-40.40893936
46875;123275.0;269022.0;2018-04-05;quinta-feira;01:00:00;ES;101.0;223;FUNDAO                                                      ;Sim                 ;Pista Escorregadia                                                                                  ;1;Tombamento                                                                                                                                                                                              ;Com Vítimas Feridas;Plena Noite         ;Crescente           ;Chuva               ;Simples             ;Curva                         ;Não       ;220551;Caminhonete         ;RENAULT                                           ;2017.0;Passageiro          ;Lesões Leves        ;79.0;Masculino           ;0;1;0;0;-19.86914062;-40.40893936
46876;123275.0;269021.0;2018-04-05;quinta-feira;01:00:00;ES;101.0;223;FUNDAO                                                      ;Sim                 ;Pista Escorregadia                                                                                  ;1;Tombamento                                                                                                                                                                                              ;Com Vítimas Feridas;Plena Noite         ;Crescente           ;Chuva               ;Simples             ;Curva                         ;Não       ;220551;Caminhonete         ;RENAULT                                           ;2017.0;Passageiro          ;Ileso               ;36.0;Masculino           ;1;0;0;0;-19.86914062;-40.40893936
46877;123275.0;269020.0;2018-04-05;quinta-feira;01:00:00;ES;101.0;223;FUNDAO                                                      ;Sim                 ;Pista Escorregadia                                                                                  ;1;Tombamento                                                                                                                                                                                              ;Com Vítimas Feridas;Plena Noite         ;Crescente           ;Chuva               ;Simples             ;Curva                         ;Não       ;220551;Caminhonete         ;RENAULT                                           ;2017.0;Condutor            ;Ileso               ;29.0;Masculino           ;1;0;0;0;-19.86914062;-40.40893936
46927;123308.0;269233.0;2018-04-05;quinta-feira;07:50:00;ES;101.0;271;SERRA                                                       ;Sim                 ;Desobediência às normas de trânsito pelo condutor                                                   ;1;Colisão transversal                                                                                                                                                                                     ;Com Vítimas Feridas;Pleno dia           ;Decrescente         ;Nublado             ;Múltipla            ;Reta                          ;Sim       ;220644;Motoneta            ;HONDA                                             ;2006.0;Condutor            ;Lesões Graves       ;25.0;Masculino           ;0;0;1;0;-20.232563199999998;-40.28137207
46928;123308.0;269234.0;2018-04-05;quinta-feira;07:50:00;ES;101.0;271;SERRA                                                       ;Sim                 ;Desobediência às normas de trânsito pelo condutor                                                   ;1;Colisão transversal                                                                                                                                                                                     ;Com Vítimas Feridas;Pleno dia           ;Decrescente         ;Nublado             ;Múltipla            ;Reta                          ;Sim       ;220645;Caminhonete         ;FIAT                                              ;2015.0;Condutor            ;Ileso               ;32.0;Masculino           ;1;0;0;0;-20.232563199999998;-40.28137207
46962;123355.0;269325.0;2018-04-05;quinta-feira;09:30:00;ES;101.0;269,2;SERRA                                                       ;Sim                 ;Desobediência às normas de trânsito pelo condutor                                                   ;1;Colisão lateral                                                                                                                                                                                         ;Com Vítimas Feridas;Pleno dia           ;Crescente           ;Nublado             ;Múltipla            ;Reta                          ;Sim       ;220790;Automóvel           ;CITROEN                                           ;2011.0;Condutor            ;Ileso               ;48.0;Feminino            ;1;0;0;0;-20.22;-40.27
46963;123355.0;269324.0;2018-04-05;quinta-feira;09:30:00;ES;101.0;269,2;SERRA                                                       ;Sim                 ;Desobediência às normas de trânsito pelo condutor                                                   ;1;Colisão lateral                                                                                                                                                                                         ;Com Vítimas Feridas;Pleno dia           ;Crescente           ;Nublado             ;Múltipla            ;Reta                          ;Sim       ;220753;Motocicleta         ;HONDA                                             ;2012.0;Condutor            ;Lesões Leves        ;22.0;Masculino           ;0;1;0;0;-20.22;-40.27
47065;123496.0;269670.0;2018-04-05;quinta-feira;17:00:00;ES;101.0;270,6;SERRA                                                       ;Sim                 ;Falta de Atenção à Condução                                                                         ;1;Colisão lateral                                                                                                                                                                                         ;Com Vítimas Feridas;Anoitecer           ;Crescente           ;Nublado             ;Múltipla            ;Interseção de vias            ;Sim       ;221058;Automóvel           ;                                                  ;;Condutor            ;Ileso               ;;Ignorado            ;1;0;0;0;-20.23;-40.273
47066;123496.0;269669.0;2018-04-05;quinta-feira;17:00:00;ES;101.0;270,6;SERRA                                                       ;Sim                 ;Falta de Atenção à Condução                                                                         ;1;Colisão lateral                                                                                                                                                                                         ;Com Vítimas Feridas;Anoitecer           ;Crescente           ;Nublado             ;Múltipla            ;Interseção de vias            ;Sim       ;221047;Motoneta            ;HONDA                                             ;2009.0;Condutor            ;Lesões Leves        ;32.0;Feminino            ;0;1;0;0;-20.23;-40.273
47084;123507.0;269685.0;2018-04-05;quinta-feira;18:20:00;ES;101.0;142,5;LINHARES                                                    ;Sim                 ;Falta de Atenção à Condução                                                                         ;1;Colisão transversal                                                                                                                                                                                     ;Com Vítimas Feridas;Plena Noite         ;Decrescente         ;Nublado             ;Simples             ;Reta                          ;Sim       ;221064;Motocicleta         ;HONDA                                             ;2012.0;Condutor            ;Lesões Graves       ;31.0;Masculino           ;0;0;1;0;-19.33303256;-40.06835103
47085;123507.0;269683.0;2018-04-05;quinta-feira;18:20:00;ES;101.0;142,5;LINHARES                                                    ;Sim                 ;Falta de Atenção à Condução                                                                         ;1;Colisão transversal                                                                                                                                                                                     ;Com Vítimas Feridas;Plena Noite         ;Decrescente         ;Nublado             ;Simples             ;Reta                          ;Sim       ;221063;Caminhonete         ;FIAT                                              ;2013.0;Condutor            ;Ileso               ;43.0;Masculino           ;1;0;0;0;-19.33303256;-40.06835103
47170;123563.0;269713.0;2018-04-05;quinta-feira;21:30:00;ES;101.0;296;CARIACICA                                                   ;Sim                 ;Falta de Atenção à Condução                                                                         ;2;Queda de ocupante de veículo                                                                                                                                                                            ;Com Vítimas Feridas;Plena Noite         ;Crescente           ;Nublado             ;Múltipla            ;Curva                         ;Não       ;221100;Motocicleta         ;HONDA                                             ;2008.0;Condutor            ;Lesões Leves        ;30.0;Masculino           ;0;1;0;0;-20.34261502;-40.40468562
47186;123572.0;269715.0;2018-04-05;quinta-feira;22:45:00;ES;101.0;255;SERRA                                                       ;Sim                 ;Falta de Atenção à Condução                                                                         ;1;Colisão transversal                                                                                                                                                                                     ;Com Vítimas Feridas;Plena Noite         ;Decrescente         ;Chuva               ;Simples             ;Reta                          ;Sim       ;221096;Caminhão-trator     ;M.BENZ                                            ;2009.0;Condutor            ;Ileso               ;40.0;Masculino           ;1;0;0;0;-20.11268153;-40.32669067
47187;123572.0;269714.0;2018-04-05;quinta-feira;22:45:00;ES;101.0;255;SERRA                                                       ;Sim                 ;Falta de Atenção à Condução                                                                         ;1;Colisão transversal                                                                                                                                                                                     ;Com Vítimas Feridas;Plena Noite         ;Decrescente         ;Chuva               ;Simples             ;Reta                          ;Sim       ;221095;Automóvel           ;VW                                                ;2012.0;Passageiro          ;Lesões Leves        ;41.0;Feminino            ;0;1;0;0;-20.11268153;-40.32669067
47188;123572.0;269710.0;2018-04-05;quinta-feira;22:45:00;ES;101.0;255;SERRA                                                       ;Sim                 ;Falta de Atenção à Condução                                                                         ;1;Colisão transversal                                                                                                                                                                                     ;Com Vítimas Feridas;Plena Noite         ;Decrescente         ;Chuva               ;Simples             ;Reta                          ;Sim       ;221095;Automóvel           ;VW                                                ;2012.0;Condutor            ;Ileso               ;33.0;Masculino           ;1;0;0;0;-20.11268153;-40.32669067
47189;123572.0;269712.0;2018-04-05;quinta-feira;22:45:00;ES;101.0;255;SERRA                                                       ;Sim                 ;Falta de Atenção à Condução                                                                         ;1;Colisão transversal                                                                                                                                                                                     ;Com Vítimas Feridas;Plena Noite         ;Decrescente         ;Chuva               ;Simples             ;Reta                          ;Sim       ;221095;Automóvel           ;VW                                                ;2012.0;Passageiro          ;Lesões Leves        ;37.0;Masculino           ;0;1;0;0;-20.11268153;-40.32669067
47241;123618.0;272536.0;2018-04-06;sexta-feira;05:45:00;ES;101.0;264,4;SERRA                                                       ;Sim                 ;Desobediência às normas de trânsito pelo condutor                                                   ;1;Colisão transversal                                                                                                                                                                                     ;Com Vítimas Feridas;Amanhecer           ;Decrescente         ;Chuva               ;Dupla               ;Interseção de vias            ;Sim       ;223395;Caminhão-trator     ;SCANIA                                            ;2012.0;Condutor            ;Ileso               ;62.0;Masculino           ;1;0;0;0;-20.176992000000002;-40.265816
47242;123618.0;272628.0;2018-04-06;sexta-feira;05:45:00;ES;101.0;264,4;SERRA                                                       ;Sim                 ;Desobediência às normas de trânsito pelo condutor                                                   ;1;Colisão transversal                                                                                                                                                                                     ;Com Vítimas Feridas;Amanhecer           ;Decrescente         ;Chuva               ;Dupla               ;Interseção de vias            ;Sim       ;223394;Micro-ônibus        ;I                                                 ;2000.0;Passageiro          ;Lesões Leves        ;6.0;Masculino           ;0;1;0;0;-20.176992000000002;-40.265816
47243;123618.0;272547.0;2018-04-06;sexta-feira;05:45:00;ES;101.0;264,4;SERRA                                                       ;Sim                 ;Desobediência às normas de trânsito pelo condutor                                                   ;1;Colisão transversal                                                                                                                                                                                     ;Com Vítimas Feridas;Amanhecer           ;Decrescente         ;Chuva               ;Dupla               ;Interseção de vias            ;Sim       ;223394;Micro-ônibus        ;I                                                 ;2000.0;Passageiro          ;Lesões Leves        ;13.0;Masculino           ;0;1;0;0;-20.176992000000002;-40.265816
47244;123618.0;272544.0;2018-04-06;sexta-feira;05:45:00;ES;101.0;264,4;SERRA                                                       ;Sim                 ;Desobediência às normas de trânsito pelo condutor                                                   ;1;Colisão transversal                                                                                                                                                                                     ;Com Vítimas Feridas;Amanhecer           ;Decrescente         ;Chuva               ;Dupla               ;Interseção de vias            ;Sim       ;223394;Micro-ônibus        ;I                                                 ;2000.0;Passageiro          ;Ileso               ;5.0;Feminino            ;1;0;0;0;-20.176992000000002;-40.265816
47245;123618.0;272540.0;2018-04-06;sexta-feira;05:45:00;ES;101.0;264,4;SERRA                                                       ;Sim                 ;Desobediência às normas de trânsito pelo condutor                                                   ;1;Colisão transversal                                                                                                                                                                                     ;Com Vítimas Feridas;Amanhecer           ;Decrescente         ;Chuva               ;Dupla               ;Interseção de vias            ;Sim       ;223394;Micro-ônibus        ;I                                                 ;2000.0;Passageiro          ;Ileso               ;9.0;Feminino            ;1;0;0;0;-20.176992000000002;-40.265816
47246;123618.0;272538.0;2018-04-06;sexta-feira;05:45:00;ES;101.0;264,4;SERRA                                                       ;Sim                 ;Desobediência às normas de trânsito pelo condutor                                                   ;1;Colisão transversal                                                                                                                                                                                     ;Com Vítimas Feridas;Amanhecer           ;Decrescente         ;Chuva               ;Dupla               ;Interseção de vias            ;Sim       ;223394;Micro-ônibus        ;I                                                 ;2000.0;Passageiro          ;Ileso               ;15.0;Feminino            ;1;0;0;0;-20.176992000000002;-40.265816
47247;123618.0;272534.0;2018-04-06;sexta-feira;05:45:00;ES;101.0;264,4;SERRA                                                       ;Sim                 ;Desobediência às normas de trânsito pelo condutor                                                   ;1;Colisão transversal                                                                                                                                                                                     ;Com Vítimas Feridas;Amanhecer           ;Decrescente         ;Chuva               ;Dupla               ;Interseção de vias            ;Sim       ;223394;Micro-ônibus        ;I                                                 ;2000.0;Condutor            ;Ileso               ;57.0;Masculino           ;1;0;0;0;-20.176992000000002;-40.265816
47327;123738.0;270382.0;2018-04-06;sexta-feira;10:00:00;ES;101.0;321;GUARAPARI                                                   ;Não                 ;Não guardar distância de segurança                                                                  ;4;Capotamento                                                                                                                                                                                             ;Com Vítimas Feridas;Pleno dia           ;Decrescente         ;Nublado             ;Simples             ;Curva                         ;Não       ;221552;Caminhonete         ;IMP                                               ;1997.0;Condutor            ;Ileso               ;54.0;Masculino           ;1;0;0;0;-20.52736096;-40.48324585
47328;123738.0;270376.0;2018-04-06;sexta-feira;10:00:00;ES;101.0;321;GUARAPARI                                                   ;Não                 ;Não guardar distância de segurança                                                                  ;4;Capotamento                                                                                                                                                                                             ;Com Vítimas Feridas;Pleno dia           ;Decrescente         ;Nublado             ;Simples             ;Curva                         ;Não       ;221551;Caminhonete         ;I                                                 ;2013.0;Passageiro          ;Lesões Graves       ;25.0;Masculino           ;0;0;1;0;-20.52736096;-40.48324585
47329;123738.0;270377.0;2018-04-06;sexta-feira;10:00:00;ES;101.0;321;GUARAPARI                                                   ;Não                 ;Não guardar distância de segurança                                                                  ;4;Capotamento                                                                                                                                                                                             ;Com Vítimas Feridas;Pleno dia           ;Decrescente         ;Nublado             ;Simples             ;Curva                         ;Não       ;221551;Caminhonete         ;I                                                 ;2013.0;Passageiro          ;Lesões Graves       ;31.0;Masculino           ;0;0;1;0;-20.52736096;-40.48324585
47330;123738.0;270369.0;2018-04-06;sexta-feira;10:00:00;ES;101.0;321;GUARAPARI                                                   ;Não                 ;Não guardar distância de segurança                                                                  ;4;Capotamento                                                                                                                                                                                             ;Com Vítimas Feridas;Pleno dia           ;Decrescente         ;Nublado             ;Simples             ;Curva                         ;Não       ;221551;Caminhonete         ;I                                                 ;2013.0;Condutor            ;Lesões Leves        ;43.0;Masculino           ;0;1;0;0;-20.52736096;-40.48324585
47331;123738.0;270381.0;2018-04-06;sexta-feira;10:00:00;ES;101.0;321;GUARAPARI                                                   ;Não                 ;Não guardar distância de segurança                                                                  ;4;Capotamento                                                                                                                                                                                             ;Com Vítimas Feridas;Pleno dia           ;Decrescente         ;Nublado             ;Simples             ;Curva                         ;Não       ;221551;Caminhonete         ;I                                                 ;2013.0;Passageiro          ;Lesões Graves       ;29.0;Masculino           ;0;0;1;0;-20.52736096;-40.48324585
47534;123964.0;270919.0;2018-04-06;sexta-feira;19:00:00;ES;101.0;459,9;MIMOSO DO SUL                                               ;Sim                 ;Falta de Atenção à Condução                                                                         ;1;Queda de ocupante de veículo                                                                                                                                                                            ;Com Vítimas Feridas;Plena Noite         ;Crescente           ;Chuva               ;Simples             ;Reta                          ;Não       ;222061;Motocicleta         ;YAMAHA                                            ;2012.0;Condutor            ;Lesões Leves        ;39.0;Masculino           ;0;1;0;0;-21.22026105;-41.30447388
47568;123995.0;272068.0;2018-04-06;sexta-feira;20:39:00;ES;101.0;398,6;RIO NOVO DO SUL                                             ;Não                 ;Falta de Atenção à Condução                                                                         ;1;Colisão com objeto estático                                                                                                                                                                             ;Com Vítimas Feridas;Plena Noite         ;Crescente           ;Chuva               ;Simples             ;Reta                          ;Não       ;222999;Ônibus              ;VW                                                ;2013.0;Condutor            ;Ileso               ;45.0;Masculino           ;1;0;0;0;-20.87549359;-40.96252441
47569;123995.0;272050.0;2018-04-06;sexta-feira;20:39:00;ES;101.0;398,6;RIO NOVO DO SUL                                             ;Não                 ;Falta de Atenção à Condução                                                                         ;1;Colisão com objeto estático                                                                                                                                                                             ;Com Vítimas Feridas;Plena Noite         ;Crescente           ;Chuva               ;Simples             ;Reta                          ;Não       ;222050;Caminhonete         ;VW                                                ;2014.0;Condutor            ;Lesões Leves        ;25.0;Feminino            ;0;1;0;0;-20.87549359;-40.96252441
47577;124002.0;270814.0;2018-04-06;sexta-feira;20:50:00;ES;101.0;147,1;LINHARES                                                    ;Sim                 ;Desobediência às normas de trânsito pelo condutor                                                   ;1;Colisão transversal                                                                                                                                                                                     ;Com Vítimas Feridas;Plena Noite         ;Decrescente         ;Céu Claro           ;Múltipla            ;Interseção de vias            ;Sim       ;221950;Automóvel           ;RENAULT                                           ;2014.0;Condutor            ;Ileso               ;24.0;Feminino            ;1;0;0;0;-19.37936786;-40.06667733
47578;124002.0;270812.0;2018-04-06;sexta-feira;20:50:00;ES;101.0;147,1;LINHARES                                                    ;Sim                 ;Desobediência às normas de trânsito pelo condutor                                                   ;1;Colisão transversal                                                                                                                                                                                     ;Com Vítimas Feridas;Plena Noite         ;Decrescente         ;Céu Claro           ;Múltipla            ;Interseção de vias            ;Sim       ;221934;Motocicleta         ;YAMAHA                                            ;2017.0;Condutor            ;Lesões Leves        ;36.0;Masculino           ;0;1;0;0;-19.37936786;-40.06667733
47579;124002.0;270813.0;2018-04-06;sexta-feira;20:50:00;ES;101.0;147,1;LINHARES                                                    ;Sim                 ;Desobediência às normas de trânsito pelo condutor                                                   ;1;Colisão transversal                                                                                                                                                                                     ;Com Vítimas Feridas;Plena Noite         ;Decrescente         ;Céu Claro           ;Múltipla            ;Interseção de vias            ;Sim       ;221934;Motocicleta         ;YAMAHA                                            ;2017.0;Passageiro          ;Lesões Leves        ;40.0;Feminino            ;0;1;0;0;-19.37936786;-40.06667733
47617;124039.0;272681.0;2018-04-06;sexta-feira;22:30:00;ES;101.0;147;LINHARES                                                    ;Sim                 ;Desobediência às normas de trânsito pelo condutor                                                   ;1;Colisão transversal                                                                                                                                                                                     ;Com Vítimas Feridas;Plena Noite         ;Crescente           ;Céu Claro           ;Múltipla            ;Interseção de vias            ;Sim       ;223413;Automóvel           ;TOYOTA                                            ;2014.0;Condutor            ;Ileso               ;37.0;Feminino            ;1;0;0;0;-19.37942352;-40.06665051
47618;124039.0;272680.0;2018-04-06;sexta-feira;22:30:00;ES;101.0;147;LINHARES                                                    ;Sim                 ;Desobediência às normas de trânsito pelo condutor                                                   ;1;Colisão transversal                                                                                                                                                                                     ;Com Vítimas Feridas;Plena Noite         ;Crescente           ;Céu Claro           ;Múltipla            ;Interseção de vias            ;Sim       ;223412;Motoneta            ;HONDA                                             ;2005.0;Condutor            ;Lesões Leves        ;41.0;Masculino           ;0;1;0;0;-19.37942352;-40.06665051
47787;124160.0;274196.0;2018-04-07;sábado;07:30:00;ES;101.0;255;SERRA                                                       ;Sim                 ;Falta de Atenção à Condução                                                                         ;1;Colisão com objeto estático                                                                                                                                                                             ;Com Vítimas Feridas;Pleno dia           ;Decrescente         ;Sol                 ;Simples             ;Reta                          ;Sim       ;224580;Ciclomotor          ;                                                  ;;Condutor            ;Ileso               ;;Ignorado            ;1;0;0;0;-20.11106959;-40.32634735
47788;124160.0;274199.0;2018-04-07;sábado;07:30:00;ES;101.0;255;SERRA                                                       ;Sim                 ;Falta de Atenção à Condução                                                                         ;1;Colisão com objeto estático                                                                                                                                                                             ;Com Vítimas Feridas;Pleno dia           ;Decrescente         ;Sol                 ;Simples             ;Reta                          ;Sim       ;224580;Ciclomotor          ;                                                  ;;Passageiro          ;Lesões Leves        ;29.0;Masculino           ;0;1;0;0;-20.11106959;-40.32634735
47807;124174.0;271280.0;2018-04-07;sábado;09:40:00;ES;101.0;147,1;LINHARES                                                    ;Sim                 ;Falta de Atenção à Condução                                                                         ;2;Tombamento                                                                                                                                                                                              ;Com Vítimas Feridas;Pleno dia           ;Decrescente         ;Nublado             ;Múltipla            ;Não Informado                 ;Sim       ;222302;Motocicleta         ;HONDA                                             ;2012.0;Condutor            ;Lesões Leves        ;22.0;Masculino           ;0;1;0;0;-19.38370463;-40.06713867
47808;124174.0;271278.0;2018-04-07;sábado;09:40:00;ES;101.0;147,1;LINHARES                                                    ;Sim                 ;Falta de Atenção à Condução                                                                         ;2;Tombamento                                                                                                                                                                                              ;Com Vítimas Feridas;Pleno dia           ;Decrescente         ;Nublado             ;Múltipla            ;Não Informado                 ;Sim       ;222301;Caminhonete         ;FIAT                                              ;2016.0;Condutor            ;Ileso               ;64.0;Masculino           ;1;0;0;0;-19.38370463;-40.06713867
47809;124174.0;271282.0;2018-04-07;sábado;09:40:00;ES;101.0;147,1;LINHARES                                                    ;Sim                 ;Falta de Atenção à Condução                                                                         ;2;Tombamento                                                                                                                                                                                              ;Com Vítimas Feridas;Pleno dia           ;Decrescente         ;Nublado             ;Múltipla            ;Não Informado                 ;Sim       ;222302;Motocicleta         ;HONDA                                             ;2012.0;Passageiro          ;Lesões Leves        ;20.0;Masculino           ;0;1;0;0;-19.38370463;-40.06713867