;id;pesid;data_inversa;dia_semana;horario;uf;br;km;municipio;causa_principal;causa_acidente;ordem_tipo_acidente;tipo_acidente;classificacao_acidente;fase_dia;sentido_via;condicao_metereologica;tipo_pista;tracado_via;uso_solo;id_veiculo;tipo_veiculo;marca;ano_fabricacao_veiculo;tipo_envolvido;estado_fisico;idade;sexo;ilesos;feridos_leves;feridos_graves;mortos;latitude;longitude
48037;124351.0;271670.0;2018-04-07;sábado;18:30:00;ES;101.0;279,1;SERRA                                                       ;Sim                 ;Ingestão de Álcool                                                                                  ;1;Capotamento                                                                                                                                                                                             ;Com Vítimas Feridas;Plena Noite         ;Crescente           ;Nublado             ;Dupla               ;Curva                         ;Não       ;222656;Automóvel           ;I                                                 ;2010.0;Passageiro          ;Lesões Leves        ;34.0;Feminino            ;0;1;0;0;-20.21866029;-40.35476536
48038;124351.0;271669.0;2018-04-07;sábado;18:30:00;ES;101.0;279,1;SERRA                                                       ;Sim                 ;Ingestão de Álcool                                                                                  ;1;Capotamento                                                                                                                                                                                             ;Com Vítimas Feridas;Plena Noite         ;Crescente           ;Nublado             ;Dupla               ;Curva                         ;Não       ;222656;Automóvel           ;I                                                 ;2010.0;Condutor            ;Lesões Leves        ;35.0;Masculino           ;0;1;0;0;-20.21866029;-40.35476536
48092;124388.0;271701.0;2018-04-07;sábado;19:40:00;ES;101.0;147;LINHARES                                                    ;Sim                 ;Falta de Atenção à Condução                                                                         ;2;Queda de ocupante de veículo                                                                                                                                                                            ;Com Vítimas Feridas;Plena Noite         ;Decrescente         ;Garoa/Chuvisco      ;Simples             ;Reta                          ;Sim       ;222652;Automóvel           ;RENAULT                                           ;2010.0;Condutor            ;Ileso               ;40.0;Feminino            ;1;0;0;0;-19.39316626;-40.07069277
48093;124388.0;271979.0;2018-04-07;sábado;19:40:00;ES;101.0;147;LINHARES                                                    ;Sim                 ;Falta de Atenção à Condução                                                                         ;2;Queda de ocupante de veículo                                                                                                                                                                            ;Com Vítimas Feridas;Plena Noite         ;Decrescente         ;Garoa/Chuvisco      ;Simples             ;Reta                          ;Sim       ;222653;Motocicleta         ;HONDA                                             ;2015.0;Condutor            ;Lesões Graves       ;33.0;Masculino           ;0;0;1;0;-19.39316626;-40.07069277
48142;124431.0;271940.0;2018-04-07;sábado;21:00:00;ES;101.0;127;SOORETAMA                                                   ;Sim                 ;Falta de Atenção à Condução                                                                         ;1;Colisão frontal                                                                                                                                                                                         ;Com Vítimas Feridas;Plena Noite         ;Crescente           ;Chuva               ;Múltipla            ;Desvio Temporário             ;Sim       ;222890;Motocicleta         ;HONDA                                             ;1997.0;Condutor            ;Ileso               ;24.0;Masculino           ;1;0;0;0;-19.20187632;-40.09569883
48143;124431.0;271939.0;2018-04-07;sábado;21:00:00;ES;101.0;127;SOORETAMA                                                   ;Sim                 ;Falta de Atenção à Condução                                                                         ;1;Colisão frontal                                                                                                                                                                                         ;Com Vítimas Feridas;Plena Noite         ;Crescente           ;Chuva               ;Múltipla            ;Desvio Temporário             ;Sim       ;222889;Motocicleta         ;YAMAHA                                            ;2011.0;Condutor            ;Lesões Leves        ;31.0;Masculino           ;0;1;0;0;-19.20187632;-40.09569883
48267;124521.0;275945.0;2018-04-08;domingo;00:30:00;ES;101.0;315;VILA VELHA                                                  ;Não                 ;Ingestão de Álcool                                                                                  ;2;Tombamento                                                                                                                                                                                              ;Com Vítimas Feridas;Plena Noite         ;Decrescente         ;Nublado             ;Simples             ;Desvio Temporário             ;Não       ;222779;Motocicleta         ;HONDA                                             ;2014.0;Passageiro          ;Lesões Graves       ;35.0;Feminino            ;0;0;1;0;-20.46970699;-40.46789825
48268;124521.0;274491.0;2018-04-08;domingo;00:30:00;ES;101.0;315;VILA VELHA                                                  ;Não                 ;Ingestão de Álcool                                                                                  ;2;Tombamento                                                                                                                                                                                              ;Com Vítimas Feridas;Plena Noite         ;Decrescente         ;Nublado             ;Simples             ;Desvio Temporário             ;Não       ;222779;Motocicleta         ;HONDA                                             ;2014.0;Condutor            ;Lesões Leves        ;39.0;Masculino           ;0;1;0;0;-20.46970699;-40.46789825
48375;124610.0;272435.0;2018-04-08;domingo;08:20:00;ES;101.0;222,1;IBIRACU                                                     ;Sim                 ;Carga excessiva e/ou mal acondicionada                                                              ;1;Tombamento                                                                                                                                                                                              ;Com Vítimas Feridas;Pleno dia           ;Decrescente         ;Garoa/Chuvisco      ;Simples             ;Curva                         ;Não       ;223239;Caminhão-trator     ;SCANIA                                            ;2011.0;Condutor            ;Lesões Leves        ;55.0;Masculino           ;0;1;0;0;-19.87042813;-40.41056603
48434;124650.0;272157.0;2018-04-08;domingo;12:40:00;ES;101.0;98,2;JAGUARE                                                     ;Não                 ;Fenômenos da Natureza                                                                               ;3;Colisão frontal                                                                                                                                                                                         ;Com Vítimas Feridas;Pleno dia           ;Decrescente         ;Chuva               ;Simples             ;Reta                          ;Não       ;223072;Caminhão-trator     ;SCANIA                                            ;2014.0;Condutor            ;Ileso               ;29.0;Masculino           ;1;0;0;0;-18.96394917;-39.98778608
48435;124650.0;272155.0;2018-04-08;domingo;12:40:00;ES;101.0;98,2;JAGUARE                                                     ;Não                 ;Fenômenos da Natureza                                                                               ;3;Colisão frontal                                                                                                                                                                                         ;Com Vítimas Feridas;Pleno dia           ;Decrescente         ;Chuva               ;Simples             ;Reta                          ;Não       ;223071;Automóvel           ;TOYOTA                                            ;2003.0;Passageiro          ;Ileso               ;21.0;Masculino           ;1;0;0;0;-18.96394917;-39.98778608
48436;124650.0;272148.0;2018-04-08;domingo;12:40:00;ES;101.0;98,2;JAGUARE                                                     ;Não                 ;Fenômenos da Natureza                                                                               ;3;Colisão frontal                                                                                                                                                                                         ;Com Vítimas Feridas;Pleno dia           ;Decrescente         ;Chuva               ;Simples             ;Reta                          ;Não       ;223071;Automóvel           ;TOYOTA                                            ;2003.0;Condutor            ;Ileso               ;61.0;Masculino           ;1;0;0;0;-18.96394917;-39.98778608
48437;124650.0;272145.0;2018-04-08;domingo;12:40:00;ES;101.0;98,2;JAGUARE                                                     ;Não                 ;Fenômenos da Natureza                                                                               ;3;Colisão frontal                                                                                                                                                                                         ;Com Vítimas Feridas;Pleno dia           ;Decrescente         ;Chuva               ;Simples             ;Reta                          ;Não       ;223070;Motocicleta         ;HONDA                                             ;2011.0;Condutor            ;Lesões Graves       ;43.0;Masculino           ;0;0;1;0;-18.96394917;-39.98778608
48528;124715.0;274701.0;2018-04-08;domingo;18:00:00;ES;101.0;255,1;SERRA                                                       ;Sim                 ;Ingestão de Álcool                                                                                  ;1;Colisão traseira                                                                                                                                                                                        ;Com Vítimas Feridas;Pleno dia           ;Crescente           ;Céu Claro           ;Simples             ;Reta                          ;Não       ;224972;Automóvel           ;                                                  ;;Condutor            ;Ileso               ;;Ignorado            ;1;0;0;0;-20.115260600000003;-40.3189981
48529;124715.0;274700.0;2018-04-08;domingo;18:00:00;ES;101.0;255,1;SERRA                                                       ;Sim                 ;Ingestão de Álcool                                                                                  ;1;Colisão traseira                                                                                                                                                                                        ;Com Vítimas Feridas;Pleno dia           ;Crescente           ;Céu Claro           ;Simples             ;Reta                          ;Não       ;224971;Automóvel           ;                                                  ;;Condutor            ;Ileso               ;;Ignorado            ;1;0;0;0;-20.115260600000003;-40.3189981
48530;124715.0;274664.0;2018-04-08;domingo;18:00:00;ES;101.0;255,1;SERRA                                                       ;Sim                 ;Ingestão de Álcool                                                                                  ;1;Colisão traseira                                                                                                                                                                                        ;Com Vítimas Feridas;Pleno dia           ;Crescente           ;Céu Claro           ;Simples             ;Reta                          ;Não       ;224950;Automóvel           ;I                                                 ;2007.0;Condutor            ;Lesões Leves        ;37.0;Masculino           ;0;1;0;0;-20.115260600000003;-40.3189981
48531;124715.0;274663.0;2018-04-08;domingo;18:00:00;ES;101.0;255,1;SERRA                                                       ;Sim                 ;Ingestão de Álcool                                                                                  ;1;Colisão traseira                                                                                                                                                                                        ;Com Vítimas Feridas;Pleno dia           ;Crescente           ;Céu Claro           ;Simples             ;Reta                          ;Não       ;223193;Automóvel           ;HYUNDAI                                           ;2012.0;Condutor            ;Ileso               ;33.0;Masculino           ;1;0;0;0;-20.115260600000003;-40.3189981
48642;124771.0;275403.0;2018-04-08;domingo;20:40:00;ES;101.0;257,3;SERRA                                                       ;Sim                 ;Falta de Atenção à Condução                                                                         ;1;Colisão traseira                                                                                                                                                                                        ;Sem Vítimas;Plena Noite         ;Decrescente         ;Céu Claro           ;Simples             ;Reta                          ;Sim       ;225656;Automóvel           ;IMP                                               ;1997.0;Condutor            ;Ileso               ;47.0;Masculino           ;1;0;0;0;-20.12992825;-40.29755116
48643;124771.0;275401.0;2018-04-08;domingo;20:40:00;ES;101.0;257,3;SERRA                                                       ;Sim                 ;Falta de Atenção à Condução                                                                         ;1;Colisão traseira                                                                                                                                                                                        ;Sem Vítimas;Plena Noite         ;Decrescente         ;Céu Claro           ;Simples             ;Reta                          ;Sim       ;225649;Automóvel           ;I                                                 ;2013.0;Condutor            ;Ileso               ;37.0;Masculino           ;1;0;0;0;-20.12992825;-40.29755116
48818;124931.0;273169.0;2018-04-09;segunda-feira;09:00:00;ES;101.0;390,6;RIO NOVO DO SUL                                             ;Sim                 ;Condutor Dormindo                                                                                   ;1;Colisão lateral                                                                                                                                                                                         ;Com Vítimas Feridas;Pleno dia           ;Crescente           ;Céu Claro           ;Simples             ;Reta                          ;Não       ;223590;Caminhão            ;VOLVO                                             ;2007.0;Condutor            ;Ileso               ;49.0;Masculino           ;1;0;0;0;-20.85658061;-40.87937786
48819;124931.0;273170.0;2018-04-09;segunda-feira;09:00:00;ES;101.0;390,6;RIO NOVO DO SUL                                             ;Sim                 ;Condutor Dormindo                                                                                   ;1;Colisão lateral                                                                                                                                                                                         ;Com Vítimas Feridas;Pleno dia           ;Crescente           ;Céu Claro           ;Simples             ;Reta                          ;Não       ;223591;Caminhão            ;M.BENZ                                            ;2013.0;Condutor            ;Lesões Leves        ;38.0;Masculino           ;0;1;0;0;-20.85658061;-40.87937786
48853;124954.0;274480.0;2018-04-09;segunda-feira;11:00:00;ES;101.0;288,3;SAO MATEUS                                                  ;Sim                 ;Ingestão de Álcool                                                                                  ;1;Atropelamento de Pedestre                                                                                                                                                                               ;Com Vítimas Feridas;Pleno dia           ;Crescente           ;Céu Claro           ;Múltipla            ;Reta                          ;Não       ;224802;Automóvel           ;VW                                                ;2009.0;Condutor            ;Lesões Leves        ;52.0;Masculino           ;0;1;0;0;-18.720545;-39.865883000000004
48854;124954.0;274481.0;2018-04-09;segunda-feira;11:00:00;ES;101.0;288,3;SAO MATEUS                                                  ;Sim                 ;Ingestão de Álcool                                                                                  ;1;Atropelamento de Pedestre                                                                                                                                                                               ;Com Vítimas Feridas;Pleno dia           ;Crescente           ;Céu Claro           ;Múltipla            ;Reta                          ;Não       ;224802;Automóvel           ;VW                                                ;2009.0;Pedestre            ;Lesões Graves       ;21.0;Feminino            ;0;0;1;0;-18.720545;-39.865883000000004
49017;126865.0;274890.0;2018-04-09;segunda-feira;21:41:00;ES;101.0;268,6;SERRA                                                       ;Sim                 ;Ingestão de Substâncias Psicoativas                                                                 ;1;Queda de ocupante de veículo                                                                                                                                                                            ;Com Vítimas Fatais;Plena Noite         ;Decrescente         ;Nublado             ;Múltipla            ;Reta                          ;Sim       ;223993;Ônibus              ;M.BENZ                                            ;2009.0;Condutor            ;Ileso               ;54.0;Masculino           ;1;0;0;0;-20.21503586;-40.26961863
49018;126865.0;273288.0;2018-04-09;segunda-feira;21:41:00;ES;101.0;268,6;SERRA                                                       ;Sim                 ;Ingestão de Substâncias Psicoativas                                                                 ;1;Queda de ocupante de veículo                                                                                                                                                                            ;Com Vítimas Fatais;Plena Noite         ;Decrescente         ;Nublado             ;Múltipla            ;Reta                          ;Sim       ;223993;Ônibus              ;M.BENZ                                            ;2009.0;Passageiro          ;Óbito               ;;Masculino           ;0;0;0;1;-20.21503586;-40.26961863
49035;126877.0;274773.0;2018-04-09;segunda-feira;22:03:00;ES;101.0;254,8;SERRA                                                       ;Sim                 ;Ingestão de Álcool                                                                                  ;1;Colisão lateral                                                                                                                                                                                         ;Com Vítimas Feridas;Plena Noite         ;Decrescente         ;Céu Claro           ;Simples             ;Reta                          ;Sim       ;223971;Ônibus              ;MBENZ                                             ;2015.0;Condutor            ;Ileso               ;54.0;Masculino           ;1;0;0;0;-20.115;-40.319
49036;126877.0;274769.0;2018-04-09;segunda-feira;22:03:00;ES;101.0;254,8;SERRA                                                       ;Sim                 ;Ingestão de Álcool                                                                                  ;1;Colisão lateral                                                                                                                                                                                         ;Com Vítimas Feridas;Plena Noite         ;Decrescente         ;Céu Claro           ;Simples             ;Reta                          ;Sim       ;223970;Automóvel           ;GM                                                ;1996.0;Condutor            ;Lesões Leves        ;38.0;Masculino           ;0;1;0;0;-20.115;-40.319
49277;126985.0;274783.0;2018-03-30;sexta-feira;20:30:00;ES;101.0;17,9;PEDRO CANARIO                                               ;Sim                 ;Velocidade Incompatível                                                                             ;1;Saída de leito carroçável                                                                                                                                                                               ;Com Vítimas Feridas;Plena Noite         ;Decrescente         ;Ignorado            ;Simples             ;Curva                         ;Não       ;225053;Motocicleta         ;HONDA                                             ;2017.0;Condutor            ;Lesões Graves       ;21.0;Masculino           ;0;0;1;0;-18.307057999999998;-39.957275
49278;126985.0;274784.0;2018-03-30;sexta-feira;20:30:00;ES;101.0;17,9;PEDRO CANARIO                                               ;Sim                 ;Velocidade Incompatível                                                                             ;1;Saída de leito carroçável                                                                                                                                                                               ;Com Vítimas Feridas;Plena Noite         ;Decrescente         ;Ignorado            ;Simples             ;Curva                         ;Não       ;225053;Motocicleta         ;HONDA                                             ;2017.0;Passageiro          ;Lesões Graves       ;18.0;Feminino            ;0;0;1;0;-18.307057999999998;-39.957275
49378;127030.0;273882.0;2018-04-10;terça-feira;18:40:00;ES;101.0;142;LINHARES                                                    ;Sim                 ;Falta de Atenção à Condução                                                                         ;1;Colisão transversal                                                                                                                                                                                     ;Com Vítimas Feridas;Plena Noite         ;Crescente           ;Céu Claro           ;Simples             ;Interseção de vias            ;Não       ;224396;Bicicleta           ;                                                  ;;Condutor            ;Lesões Leves        ;43.0;Feminino            ;0;1;0;0;-19.3382665;-40.06560445
49379;127030.0;273879.0;2018-04-10;terça-feira;18:40:00;ES;101.0;142;LINHARES                                                    ;Sim                 ;Falta de Atenção à Condução                                                                         ;1;Colisão transversal                                                                                                                                                                                     ;Com Vítimas Feridas;Plena Noite         ;Crescente           ;Céu Claro           ;Simples             ;Interseção de vias            ;Não       ;224395;Caminhonete         ;FIAT                                              ;2013.0;Condutor            ;Ileso               ;65.0;Masculino           ;1;0;0;0;-19.3382665;-40.06560445
49694;127190.0;274326.0;2018-04-11;quarta-feira;17:20:00;ES;101.0;1;SERRA                                                       ;Sim                 ;Defeito Mecânico no Veículo                                                                         ;1;Colisão com objeto em movimento                                                                                                                                                                         ;Com Vítimas Feridas;Pleno dia           ;Crescente           ;Nublado             ;Dupla               ;Reta                          ;Sim       ;224676;Motocicleta         ;HONDA                                             ;2006.0;Condutor            ;Lesões Leves        ;28.0;Masculino           ;0;1;0;0;-20.24303235;-40.28137207
49695;127190.0;274323.0;2018-04-11;quarta-feira;17:20:00;ES;101.0;1;SERRA                                                       ;Sim                 ;Defeito Mecânico no Veículo                                                                         ;1;Colisão com objeto em movimento                                                                                                                                                                         ;Com Vítimas Feridas;Pleno dia           ;Crescente           ;Nublado             ;Dupla               ;Reta                          ;Sim       ;224671;Caminhão            ;M.BENZ                                            ;2001.0;Condutor            ;Ileso               ;39.0;Masculino           ;1;0;0;0;-20.24303235;-40.28137207
49696;127190.0;274332.0;2018-04-11;quarta-feira;17:20:00;ES;101.0;1;SERRA                                                       ;Sim                 ;Defeito Mecânico no Veículo                                                                         ;1;Colisão com objeto em movimento                                                                                                                                                                         ;Com Vítimas Feridas;Pleno dia           ;Crescente           ;Nublado             ;Dupla               ;Reta                          ;Sim       ;224676;Motocicleta         ;HONDA                                             ;2006.0;Passageiro          ;Lesões Graves       ;23.0;Masculino           ;0;0;1;0;-20.24303235;-40.28137207
49807;127245.0;274378.0;2018-04-11;quarta-feira;21:00:00;ES;101.0;285;CARIACICA                                                   ;Sim                 ;Falta de Atenção à Condução                                                                         ;1;Colisão lateral                                                                                                                                                                                         ;Sem Vítimas;Plena Noite         ;Crescente           ;Chuva               ;Dupla               ;Curva                         ;Sim       ;224710;Automóvel           ;FIAT                                              ;2000.0;Testemunha          ;Não Informado       ;;Não Informado       ;0;0;0;0;-20.26099755;-40.37861288
49808;127245.0;274376.0;2018-04-11;quarta-feira;21:00:00;ES;101.0;285;CARIACICA                                                   ;Sim                 ;Falta de Atenção à Condução                                                                         ;1;Colisão lateral                                                                                                                                                                                         ;Sem Vítimas;Plena Noite         ;Crescente           ;Chuva               ;Dupla               ;Curva                         ;Sim       ;224710;Automóvel           ;FIAT                                              ;2000.0;Condutor            ;Ileso               ;31.0;Masculino           ;1;0;0;0;-20.26099755;-40.37861288
49809;127245.0;274374.0;2018-04-11;quarta-feira;21:00:00;ES;101.0;285;CARIACICA                                                   ;Sim                 ;Falta de Atenção à Condução                                                                         ;1;Colisão lateral                                                                                                                                                                                         ;Sem Vítimas;Plena Noite         ;Crescente           ;Chuva               ;Dupla               ;Curva                         ;Sim       ;224709;Caminhão            ;M.BENZ                                            ;2011.0;Condutor            ;Ileso               ;57.0;Masculino           ;1;0;0;0;-20.26099755;-40.37861288
50012;127351.0;274706.0;2018-04-12;quinta-feira;14:30:00;ES;101.0;270;SERRA                                                       ;Sim                 ;Falta de Atenção à Condução                                                                         ;2;Queda de ocupante de veículo                                                                                                                                                                            ;Com Vítimas Feridas;Pleno dia           ;Crescente           ;Nublado             ;Múltipla            ;Curva                         ;Sim       ;224967;Motocicleta         ;                                                  ;;Condutor            ;Lesões Graves       ;19.0;Masculino           ;0;0;1;0;-20.23411852;-40.27593163
50013;127351.0;274708.0;2018-04-12;quinta-feira;14:30:00;ES;101.0;270;SERRA                                                       ;Sim                 ;Falta de Atenção à Condução                                                                         ;2;Queda de ocupante de veículo                                                                                                                                                                            ;Com Vítimas Feridas;Pleno dia           ;Crescente           ;Nublado             ;Múltipla            ;Curva                         ;Sim       ;224967;Motocicleta         ;                                                  ;;Passageiro          ;Lesões Graves       ;19.0;Feminino            ;0;0;1;0;-20.23411852;-40.27593163
50417;127559.0;274959.0;2018-04-13;sexta-feira;15:35:00;ES;101.0;298;CARIACICA                                                   ;Sim                 ;Falta de Atenção à Condução                                                                         ;1;Queda de ocupante de veículo                                                                                                                                                                            ;Com Vítimas Feridas;Pleno dia           ;Crescente           ;Céu Claro           ;Múltipla            ;Reta                          ;Sim       ;225247;Bicicleta           ;                                                  ;;Condutor            ;Lesões Leves        ;25.0;Masculino           ;0;1;0;0;-20.35708017;-40.41924834
50447;127573.0;275021.0;2018-04-13;sexta-feira;16:30:00;ES;101.0;268;SERRA                                                       ;Sim                 ;Desobediência às normas de trânsito pelo condutor                                                   ;1;Colisão transversal                                                                                                                                                                                     ;Com Vítimas Feridas;Pleno dia           ;Crescente           ;Céu Claro           ;Múltipla            ;Reta                          ;Sim       ;225283;Bicicleta           ;                                                  ;;Condutor            ;Lesões Graves       ;49.0;Masculino           ;0;0;1;0;-20.21895225;-40.27028918
50448;127573.0;275015.0;2018-04-13;sexta-feira;16:30:00;ES;101.0;268;SERRA                                                       ;Sim                 ;Desobediência às normas de trânsito pelo condutor                                                   ;1;Colisão transversal                                                                                                                                                                                     ;Com Vítimas Feridas;Pleno dia           ;Crescente           ;Céu Claro           ;Múltipla            ;Reta                          ;Sim       ;225278;Motocicleta         ;HONDA                                             ;2013.0;Condutor            ;Lesões Graves       ;28.0;Masculino           ;0;0;1;0;-20.21895225;-40.27028918
50488;127595.0;275094.0;2018-04-13;sexta-feira;17:55:00;ES;101.0;255,3;SERRA                                                       ;Sim                 ;Falta de Atenção à Condução                                                                         ;3;Queda de ocupante de veículo                                                                                                                                                                            ;Com Vítimas Feridas;Plena Noite         ;Decrescente         ;Nublado             ;Simples             ;Interseção de vias            ;Sim       ;225363;Motocicleta         ;HONDA                                             ;2017.0;Condutor            ;Lesões Graves       ;32.0;Masculino           ;0;0;1;0;-20.11728555;-40.31474411
50489;127595.0;275093.0;2018-04-13;sexta-feira;17:55:00;ES;101.0;255,3;SERRA                                                       ;Sim                 ;Falta de Atenção à Condução                                                                         ;3;Queda de ocupante de veículo                                                                                                                                                                            ;Com Vítimas Feridas;Plena Noite         ;Decrescente         ;Nublado             ;Simples             ;Interseção de vias            ;Sim       ;225362;Automóvel           ;VW                                                ;2000.0;Condutor            ;Ileso               ;38.0;Feminino            ;1;0;0;0;-20.11728555;-40.31474411
50617;127646.0;275076.0;2018-04-13;sexta-feira;19:00:00;ES;101.0;367;ANCHIETA                                                    ;Sim                 ;Falta de Atenção à Condução                                                                         ;1;Saída de leito carroçável                                                                                                                                                                               ;Com Vítimas Feridas;Plena Noite         ;Crescente           ;Céu Claro           ;Simples             ;Reta                          ;Não       ;225359;Ciclomotor          ;CICLOMOTOR                                        ;;Condutor            ;Lesões Leves        ;53.0;Masculino           ;0;1;0;0;-20.70505987;-40.71619034
50778;127735.0;276260.0;2018-04-14;sábado;07:15:00;ES;101.0;300;VIANA                                                       ;Sim                 ;Agressão Externa                                                                                    ;1;Queda de ocupante de veículo                                                                                                                                                                            ;Com Vítimas Feridas;Pleno dia           ;Crescente           ;Céu Claro           ;Múltipla            ;Curva                         ;Sim       ;225939;Outros              ;                                                  ;;Condutor            ;Ileso               ;;Ignorado            ;1;0;0;0;-20.35765218;-40.43052435
50779;127735.0;275743.0;2018-04-14;sábado;07:15:00;ES;101.0;300;VIANA                                                       ;Sim                 ;Agressão Externa                                                                                    ;1;Queda de ocupante de veículo                                                                                                                                                                            ;Com Vítimas Feridas;Pleno dia           ;Crescente           ;Céu Claro           ;Múltipla            ;Curva                         ;Sim       ;225939;Outros              ;                                                  ;;Passageiro          ;Lesões Leves        ;24.0;Feminino            ;0;1;0;0;-20.35765218;-40.43052435
50938;127804.0;275780.0;2018-04-14;sábado;12:55:00;ES;101.0;321,3;GUARAPARI                                                   ;Sim                 ;Falta de Atenção à Condução                                                                         ;1;Colisão transversal                                                                                                                                                                                     ;Com Vítimas Feridas;Pleno dia           ;Crescente           ;Sol                 ;Simples             ;Reta                          ;Não       ;225730;Caminhão-trator     ;SCANIA                                            ;2009.0;Condutor            ;Ileso               ;32.0;Masculino           ;1;0;0;0;-20.52329162;-40.47897846
50939;127804.0;275778.0;2018-04-14;sábado;12:55:00;ES;101.0;321,3;GUARAPARI                                                   ;Sim                 ;Falta de Atenção à Condução                                                                         ;1;Colisão transversal                                                                                                                                                                                     ;Com Vítimas Feridas;Pleno dia           ;Crescente           ;Sol                 ;Simples             ;Reta                          ;Não       ;225729;Motoneta            ;SUNDOWN                                           ;2008.0;Condutor            ;Lesões Graves       ;75.0;Masculino           ;0;0;1;0;-20.52329162;-40.47897846
50946;127808.0;275651.0;2018-04-14;sábado;13:50:00;ES;101.0;310,2;VIANA                                                       ;Não                 ;Falta de Atenção à Condução                                                                         ;3;Saída de leito carroçável                                                                                                                                                                               ;Com Vítimas Feridas;Pleno dia           ;Decrescente         ;Céu Claro           ;Simples             ;Reta                          ;Não       ;225740;Ônibus              ;SCANIA                                            ;2008.0;Condutor            ;Ileso               ;48.0;Masculino           ;1;0;0;0;-20.42866169;-40.46007156
50947;127808.0;275654.0;2018-04-14;sábado;13:50:00;ES;101.0;310,2;VIANA                                                       ;Não                 ;Falta de Atenção à Condução                                                                         ;3;Saída de leito carroçável                                                                                                                                                                               ;Com Vítimas Feridas;Pleno dia           ;Decrescente         ;Céu Claro           ;Simples             ;Reta                          ;Não       ;225854;Bicicleta           ;                                                  ;;Condutor            ;Lesões Graves       ;51.0;Masculino           ;0;0;1;0;-20.42866169;-40.46007156
51005;127835.0;275567.0;2018-04-14;sábado;16:30:00;ES;101.0;452;MIMOSO DO SUL                                               ;Sim                 ;Falta de Atenção à Condução                                                                         ;1;Colisão transversal                                                                                                                                                                                     ;Com Vítimas Feridas;Pleno dia           ;Crescente           ;Nublado             ;Simples             ;Reta                          ;Não       ;225785;Caminhonete         ;FIAT                                              ;2014.0;Condutor            ;Lesões Leves        ;42.0;Feminino            ;0;1;0;0;-21.16264188;-41.28387451
51119;127890.0;277576.0;2018-04-14;sábado;20:20:00;ES;101.0;270,6;SERRA                                                       ;Não                 ;Restrição de Visibilidade                                                                           ;1;Colisão lateral                                                                                                                                                                                         ;Com Vítimas Feridas;Plena Noite         ;Decrescente         ;Nublado             ;Múltipla            ;Interseção de vias            ;Sim       ;225882;Automóvel           ;FORD                                              ;1998.0;Condutor            ;Lesões Leves        ;49.0;Feminino            ;0;1;0;0;-20.0966462;-40.339293100000006
51120;127890.0;277574.0;2018-04-14;sábado;20:20:00;ES;101.0;270,6;SERRA                                                       ;Não                 ;Restrição de Visibilidade                                                                           ;1;Colisão lateral                                                                                                                                                                                         ;Com Vítimas Feridas;Plena Noite         ;Decrescente         ;Nublado             ;Múltipla            ;Interseção de vias            ;Sim       ;225881;Caminhão-trator     ;SCANIA                                            ;2013.0;Condutor            ;Ileso               ;46.0;Masculino           ;1;0;0;0;-20.0966462;-40.339293100000006
51121;127891.0;277355.0;2018-04-14;sábado;21:05:00;ES;101.0;285;CARIACICA                                                   ;Sim                 ;Falta de Atenção à Condução                                                                         ;1;Tombamento                                                                                                                                                                                              ;Com Vítimas Feridas;Plena Noite         ;Crescente           ;Céu Claro           ;Dupla               ;Reta                          ;Sim       ;225867;Motocicleta         ;YAMAHA                                            ;2017.0;Condutor            ;Lesões Leves        ;50.0;Masculino           ;0;1;0;0;-20.25962049;-40.37177324
51249;127951.0;277819.0;2018-04-15;domingo;03:40:00;ES;101.0;1,9;VITORIA                                                     ;Sim                 ;Falta de Atenção à Condução                                                                         ;1;Tombamento                                                                                                                                                                                              ;Com Vítimas Feridas;Plena Noite         ;Decrescente         ;Céu Claro           ;Dupla               ;Reta                          ;Sim       ;227534;Motocicleta         ;HONDA                                             ;2010.0;Condutor            ;Lesões Graves       ;22.0;Masculino           ;0;0;1;0;-20.25285661;-40.28823853
51250;127952.0;275751.0;2018-04-15;domingo;02:00:00;ES;101.0;294,6;CARIACICA                                                   ;Sim                 ;Velocidade Incompatível                                                                             ;1;Colisão com objeto estático                                                                                                                                                                             ;Sem Vítimas;Plena Noite         ;Crescente           ;Nublado             ;Múltipla            ;Viaduto                       ;Sim       ;225948;Automóvel           ;FIAT                                              ;1997.0;Condutor            ;Não Informado       ;;Não Informado       ;0;0;0;0;-20.32973809;-40.39874017
51375;128018.0;275975.0;2018-04-15;domingo;11:20:00;ES;101.0;216,8;IBIRACU                                                     ;Sim                 ;Falta de Atenção à Condução                                                                         ;1;Colisão traseira                                                                                                                                                                                        ;Com Vítimas Feridas;Pleno dia           ;Decrescente         ;Nublado             ;Simples             ;Reta                          ;Não       ;226134;Motocicleta         ;HONDA                                             ;2011.0;Passageiro          ;Lesões Leves        ;15.0;Feminino            ;0;1;0;0;-19.83738472;-40.38104296