;id;pesid;data_inversa;dia_semana;horario;uf;br;km;municipio;causa_principal;causa_acidente;ordem_tipo_acidente;tipo_acidente;classificacao_acidente;fase_dia;sentido_via;condicao_metereologica;tipo_pista;tracado_via;uso_solo;id_veiculo;tipo_veiculo;marca;ano_fabricacao_veiculo;tipo_envolvido;estado_fisico;idade;sexo;ilesos;feridos_leves;feridos_graves;mortos;latitude;longitude
51376;128018.0;275968.0;2018-04-15;domingo;11:20:00;ES;101.0;216,8;IBIRACU                                                     ;Sim                 ;Falta de Atenção à Condução                                                                         ;1;Colisão traseira                                                                                                                                                                                        ;Com Vítimas Feridas;Pleno dia           ;Decrescente         ;Nublado             ;Simples             ;Reta                          ;Não       ;226131;Automóvel           ;VW                                                ;2008.0;Condutor            ;Ileso               ;37.0;Feminino            ;1;0;0;0;-19.83738472;-40.38104296
51377;128018.0;275971.0;2018-04-15;domingo;11:20:00;ES;101.0;216,8;IBIRACU                                                     ;Sim                 ;Falta de Atenção à Condução                                                                         ;1;Colisão traseira                                                                                                                                                                                        ;Com Vítimas Feridas;Pleno dia           ;Decrescente         ;Nublado             ;Simples             ;Reta                          ;Não       ;226134;Motocicleta         ;HONDA                                             ;2011.0;Condutor            ;Lesões Leves        ;48.0;Masculino           ;0;1;0;0;-19.83738472;-40.38104296
51456;128052.0;277803.0;2018-04-15;domingo;14:50:00;ES;101.0;264,5;SERRA                                                       ;Sim                 ;Falta de Atenção à Condução                                                                         ;1;Colisão transversal                                                                                                                                                                                     ;Sem Vítimas;Pleno dia           ;Decrescente         ;Céu Claro           ;Dupla               ;Reta                          ;Sim       ;227526;Automóvel           ;VW                                                ;2004.0;Condutor            ;Ileso               ;40.0;Masculino           ;1;0;0;0;-20.17708508;-40.26582599
51457;128052.0;277802.0;2018-04-15;domingo;14:50:00;ES;101.0;264,5;SERRA                                                       ;Sim                 ;Falta de Atenção à Condução                                                                         ;1;Colisão transversal                                                                                                                                                                                     ;Sem Vítimas;Pleno dia           ;Decrescente         ;Céu Claro           ;Dupla               ;Reta                          ;Sim       ;226146;Motocicleta         ;I                                                 ;2012.0;Condutor            ;Ileso               ;31.0;Masculino           ;1;0;0;0;-20.17708508;-40.26582599
51484;128069.0;276023.0;2018-04-15;domingo;15:45:00;ES;101.0;159;LINHARES                                                    ;Sim                 ;Ingestão de álcool e/ou substâncias psicoativas pelo pedestre                                       ;1;Colisão transversal                                                                                                                                                                                     ;Sem Vítimas;Pleno dia           ;Crescente           ;Céu Claro           ;Simples             ;Interseção de vias            ;Sim       ;226176;Automóvel           ;RENAULT                                           ;2016.0;Condutor            ;Ileso               ;47.0;Masculino           ;1;0;0;0;-19.41770662;-40.06851196
51485;128069.0;276022.0;2018-04-15;domingo;15:45:00;ES;101.0;159;LINHARES                                                    ;Sim                 ;Ingestão de álcool e/ou substâncias psicoativas pelo pedestre                                       ;1;Colisão transversal                                                                                                                                                                                     ;Sem Vítimas;Pleno dia           ;Crescente           ;Céu Claro           ;Simples             ;Interseção de vias            ;Sim       ;226175;Motoneta            ;HONDA                                             ;2006.0;Condutor            ;Ileso               ;31.0;Masculino           ;1;0;0;0;-19.41770662;-40.06851196
51491;128074.0;276086.0;2018-04-15;domingo;16:40:00;ES;101.0;447,5;MIMOSO DO SUL                                               ;Sim                 ;Velocidade Incompatível                                                                             ;1;Tombamento                                                                                                                                                                                              ;Com Vítimas Fatais;Pleno dia           ;Crescente           ;Chuva               ;Simples             ;Curva                         ;Não       ;226244;Motocicleta         ;HONDA                                             ;2006.0;Condutor            ;Óbito               ;20.0;Masculino           ;0;0;0;1;-21.12934558;-41.28052443
51779;128194.0;277794.0;2018-04-16;segunda-feira;00:20:00;ES;101.0;255,3;SERRA                                                       ;Sim                 ;Falta de Atenção à Condução                                                                         ;2;Tombamento                                                                                                                                                                                              ;Com Vítimas Feridas;Plena Noite         ;Decrescente         ;Chuva               ;Simples             ;Reta                          ;Sim       ;227519;Automóvel           ;TOYOTA                                            ;2013.0;Condutor            ;Ileso               ;30.0;Masculino           ;1;0;0;0;-20.11705384;-40.31521618
51780;128194.0;277793.0;2018-04-16;segunda-feira;00:20:00;ES;101.0;255,3;SERRA                                                       ;Sim                 ;Falta de Atenção à Condução                                                                         ;2;Tombamento                                                                                                                                                                                              ;Com Vítimas Feridas;Plena Noite         ;Decrescente         ;Chuva               ;Simples             ;Reta                          ;Sim       ;227518;Motocicleta         ;HONDA                                             ;2008.0;Condutor            ;Lesões Leves        ;26.0;Masculino           ;0;1;0;0;-20.11705384;-40.31521618
51799;128203.0;277873.0;2018-04-16;segunda-feira;01:10:00;ES;101.0;264;SERRA                                                       ;Sim                 ;Pista Escorregadia                                                                                  ;1;Tombamento                                                                                                                                                                                              ;Com Vítimas Feridas;Plena Noite         ;Decrescente         ;Chuva               ;Dupla               ;Reta                          ;Sim       ;227570;Motocicleta         ;HONDA                                             ;2006.0;Condutor            ;Ileso               ;36.0;Masculino           ;1;0;0;0;-20.17335898;-40.26714563
51800;128203.0;277879.0;2018-04-16;segunda-feira;01:10:00;ES;101.0;264;SERRA                                                       ;Sim                 ;Pista Escorregadia                                                                                  ;1;Tombamento                                                                                                                                                                                              ;Com Vítimas Feridas;Plena Noite         ;Decrescente         ;Chuva               ;Dupla               ;Reta                          ;Sim       ;227570;Motocicleta         ;HONDA                                             ;2006.0;Passageiro          ;Lesões Leves        ;35.0;Feminino            ;0;1;0;0;-20.17335898;-40.26714563
52042;128315.0;276446.0;2018-04-16;segunda-feira;14:00:00;ES;101.0;269;SERRA                                                       ;Sim                 ;Velocidade Incompatível                                                                             ;1;Queda de ocupante de veículo                                                                                                                                                                            ;Com Vítimas Feridas;Pleno dia           ;Decrescente         ;Chuva               ;Dupla               ;Reta                          ;Sim       ;226543;Motocicleta         ;HONDA                                             ;2004.0;Condutor            ;Lesões Leves        ;38.0;Masculino           ;0;1;0;0;-20.23079143;-40.27333617
52050;128321.0;276450.0;2018-04-16;segunda-feira;11:30:00;ES;101.0;250;SERRA                                                       ;Não                 ;Objeto estático sobre o leito carroçável                                                            ;1;Queda de ocupante de veículo                                                                                                                                                                            ;Com Vítimas Feridas;Pleno dia           ;Decrescente         ;Chuva               ;Dupla               ;Curva                         ;Não       ;226549;Motocicleta         ;HONDA                                             ;2013.0;Condutor            ;Lesões Leves        ;36.0;Masculino           ;0;1;0;0;-20.082895;-40.346399
52051;128321.0;276452.0;2018-04-16;segunda-feira;11:30:00;ES;101.0;250;SERRA                                                       ;Não                 ;Objeto estático sobre o leito carroçável                                                            ;1;Queda de ocupante de veículo                                                                                                                                                                            ;Com Vítimas Feridas;Pleno dia           ;Decrescente         ;Chuva               ;Dupla               ;Curva                         ;Não       ;226549;Motocicleta         ;HONDA                                             ;2013.0;Passageiro          ;Lesões Graves       ;29.0;Feminino            ;0;0;1;0;-20.082895;-40.346399
52091;128339.0;276664.0;2018-04-16;segunda-feira;18:20:00;ES;101.0;69;SAO MATEUS                                                  ;Sim                 ;Falta de Atenção à Condução                                                                         ;1;Atropelamento de Pedestre                                                                                                                                                                               ;Com Vítimas Feridas;Plena Noite         ;Crescente           ;Chuva               ;Simples             ;Não Informado                 ;Não       ;226707;Automóvel           ;VW                                                ;1996.0;Condutor            ;Ileso               ;48.0;Masculino           ;1;0;0;0;-18.73695978;-39.86091971
52092;128339.0;276668.0;2018-04-16;segunda-feira;18:20:00;ES;101.0;69;SAO MATEUS                                                  ;Sim                 ;Falta de Atenção à Condução                                                                         ;1;Atropelamento de Pedestre                                                                                                                                                                               ;Com Vítimas Feridas;Plena Noite         ;Crescente           ;Chuva               ;Simples             ;Não Informado                 ;Não       ;226707;Automóvel           ;VW                                                ;1996.0;Pedestre            ;Lesões Graves       ;21.0;Masculino           ;0;0;1;0;-18.73695978;-39.86091971
52147;128359.0;276616.0;2018-04-16;segunda-feira;19:30:00;ES;101.0;266;SERRA                                                       ;Sim                 ;Pista Escorregadia                                                                                  ;2;Tombamento                                                                                                                                                                                              ;Com Vítimas Feridas;Plena Noite         ;Crescente           ;Chuva               ;Dupla               ;Reta                          ;Sim       ;226673;Motocicleta         ;HONDA                                             ;2002.0;Condutor            ;Lesões Leves        ;35.0;Masculino           ;0;1;0;0;-20.18831825;-40.26834106
52181;128376.0;276691.0;2018-04-16;segunda-feira;13:45:00;ES;101.0;45,9;CONCEICAO DA BARRA                                          ;Sim                 ;Falta de Atenção à Condução                                                                         ;1;Colisão traseira                                                                                                                                                                                        ;Com Vítimas Feridas;Pleno dia           ;Decrescente         ;Chuva               ;Simples             ;Reta                          ;Não       ;226691;Caminhão            ;M.BENZ                                            ;2010.0;Condutor            ;Ileso               ;46.0;Masculino           ;1;0;0;0;-18.55075238;-39.90305454
52182;128376.0;276649.0;2018-04-16;segunda-feira;13:45:00;ES;101.0;45,9;CONCEICAO DA BARRA                                          ;Sim                 ;Falta de Atenção à Condução                                                                         ;1;Colisão traseira                                                                                                                                                                                        ;Com Vítimas Feridas;Pleno dia           ;Decrescente         ;Chuva               ;Simples             ;Reta                          ;Não       ;226690;Automóvel           ;VW                                                ;1998.0;Condutor            ;Ileso               ;39.0;Masculino           ;1;0;0;0;-18.55075238;-39.90305454
52183;128376.0;276663.0;2018-04-16;segunda-feira;13:45:00;ES;101.0;45,9;CONCEICAO DA BARRA                                          ;Sim                 ;Falta de Atenção à Condução                                                                         ;1;Colisão traseira                                                                                                                                                                                        ;Com Vítimas Feridas;Pleno dia           ;Decrescente         ;Chuva               ;Simples             ;Reta                          ;Não       ;226690;Automóvel           ;VW                                                ;1998.0;Passageiro          ;Lesões Leves        ;18.0;Masculino           ;0;1;0;0;-18.55075238;-39.90305454
52299;128445.0;276904.0;2018-04-17;terça-feira;08:25:00;ES;101.0;270,9;SERRA                                                       ;Sim                 ;Falta de Atenção do Pedestre                                                                        ;1;Atropelamento de Pedestre                                                                                                                                                                               ;Com Vítimas Feridas;Pleno dia           ;Crescente           ;Céu Claro           ;Múltipla            ;Curva                         ;Não       ;226861;Motocicleta         ;YAMAHA                                            ;2014.0;Condutor            ;Lesões Leves        ;21.0;Masculino           ;0;1;0;0;-20.23217059;-40.27468264
52300;128445.0;278814.0;2018-04-17;terça-feira;08:25:00;ES;101.0;270,9;SERRA                                                       ;Sim                 ;Falta de Atenção do Pedestre                                                                        ;1;Atropelamento de Pedestre                                                                                                                                                                               ;Com Vítimas Feridas;Pleno dia           ;Crescente           ;Céu Claro           ;Múltipla            ;Curva                         ;Não       ;226861;Motocicleta         ;YAMAHA                                            ;2014.0;Pedestre            ;Lesões Graves       ;82.0;Masculino           ;0;0;1;0;-20.23217059;-40.27468264
52432;128504.0;277122.0;2018-04-17;terça-feira;16:38:00;ES;101.0;413,8;ITAPEMIRIM                                                  ;Sim                 ;Falta de Atenção à Condução                                                                         ;1;Colisão transversal                                                                                                                                                                                     ;Com Vítimas Feridas;Pleno dia           ;Crescente           ;Céu Claro           ;Simples             ;Reta                          ;Sim       ;227015;Automóvel           ;FORD                                              ;2008.0;Passageiro          ;Lesões Leves        ;66.0;Feminino            ;0;1;0;0;-20.920148;-41.076907
52433;128504.0;277120.0;2018-04-17;terça-feira;16:38:00;ES;101.0;413,8;ITAPEMIRIM                                                  ;Sim                 ;Falta de Atenção à Condução                                                                         ;1;Colisão transversal                                                                                                                                                                                     ;Com Vítimas Feridas;Pleno dia           ;Crescente           ;Céu Claro           ;Simples             ;Reta                          ;Sim       ;227015;Automóvel           ;FORD                                              ;2008.0;Condutor            ;Ileso               ;63.0;Masculino           ;1;0;0;0;-20.920148;-41.076907
52434;128504.0;277119.0;2018-04-17;terça-feira;16:38:00;ES;101.0;413,8;ITAPEMIRIM                                                  ;Sim                 ;Falta de Atenção à Condução                                                                         ;1;Colisão transversal                                                                                                                                                                                     ;Com Vítimas Feridas;Pleno dia           ;Crescente           ;Céu Claro           ;Simples             ;Reta                          ;Sim       ;227014;Automóvel           ;TOYOTA                                            ;2013.0;Condutor            ;Ileso               ;59.0;Masculino           ;1;0;0;0;-20.920148;-41.076907
52437;128506.0;277176.0;2018-04-17;terça-feira;17:15:00;ES;101.0;264,3;SERRA                                                       ;Sim                 ;Falta de Atenção à Condução                                                                         ;1;Colisão lateral                                                                                                                                                                                         ;Com Vítimas Feridas;Plena Noite         ;Decrescente         ;Chuva               ;Múltipla            ;Reta                          ;Sim       ;227029;Automóvel           ;GM                                                ;2008.0;Condutor            ;Ileso               ;78.0;Masculino           ;1;0;0;0;-20.17661177;-40.26590109
52438;128506.0;277173.0;2018-04-17;terça-feira;17:15:00;ES;101.0;264,3;SERRA                                                       ;Sim                 ;Falta de Atenção à Condução                                                                         ;1;Colisão lateral                                                                                                                                                                                         ;Com Vítimas Feridas;Plena Noite         ;Decrescente         ;Chuva               ;Múltipla            ;Reta                          ;Sim       ;227028;Motocicleta         ;HONDA                                             ;2007.0;Condutor            ;Lesões Graves       ;57.0;Masculino           ;0;0;1;0;-20.17661177;-40.26590109
52592;128577.0;277327.0;2018-04-17;terça-feira;22:45:00;ES;101.0;166;LINHARES                                                    ;Sim                 ;Falta de Atenção à Condução                                                                         ;1;Queda de ocupante de veículo                                                                                                                                                                            ;Com Vítimas Feridas;Plena Noite         ;Decrescente         ;Chuva               ;Simples             ;Reta                          ;Sim       ;227169;Ciclomotor          ;I                                                 ;;Condutor            ;Lesões Leves        ;11.0;Masculino           ;0;1;0;0;-19.51973996;-40.14490128
52630;128643.0;278800.0;2018-04-18;quarta-feira;05:20:00;ES;101.0;269,7;SERRA                                                       ;Sim                 ;Desobediência às normas de trânsito pelo condutor                                                   ;1;Colisão transversal                                                                                                                                                                                     ;Com Vítimas Feridas;Amanhecer           ;Crescente           ;Nublado             ;Dupla               ;Interseção de vias            ;Sim       ;228329;Ônibus              ;M.BENZ                                            ;2014.0;Condutor            ;Ileso               ;36.0;Masculino           ;1;0;0;0;-20.223426;-40.270268
52631;128643.0;278798.0;2018-04-18;quarta-feira;05:20:00;ES;101.0;269,7;SERRA                                                       ;Sim                 ;Desobediência às normas de trânsito pelo condutor                                                   ;1;Colisão transversal                                                                                                                                                                                     ;Com Vítimas Feridas;Amanhecer           ;Crescente           ;Nublado             ;Dupla               ;Interseção de vias            ;Sim       ;228328;Motocicleta         ;HONDA                                             ;2007.0;Passageiro          ;Ileso               ;24.0;Masculino           ;1;0;0;0;-20.223426;-40.270268
52632;128643.0;278797.0;2018-04-18;quarta-feira;05:20:00;ES;101.0;269,7;SERRA                                                       ;Sim                 ;Desobediência às normas de trânsito pelo condutor                                                   ;1;Colisão transversal                                                                                                                                                                                     ;Com Vítimas Feridas;Amanhecer           ;Crescente           ;Nublado             ;Dupla               ;Interseção de vias            ;Sim       ;228328;Motocicleta         ;HONDA                                             ;2007.0;Condutor            ;Lesões Graves       ;40.0;Masculino           ;0;0;1;0;-20.223426;-40.270268
52633;128644.0;279033.0;2018-04-18;quarta-feira;05:15:00;ES;101.0;206,6;JOAO NEIVA                                                  ;Sim                 ;Falta de Atenção à Condução                                                                         ;1;Tombamento                                                                                                                                                                                              ;Com Vítimas Feridas;Amanhecer           ;Crescente           ;Nublado             ;Simples             ;Curva                         ;Não       ;227182;Motoneta            ;HONDA                                             ;2015.0;Condutor            ;Lesões Graves       ;32.0;Masculino           ;0;0;1;0;-19.76766542;-40.36985636
52656;128656.0;277371.0;2018-04-18;quarta-feira;06:40:00;ES;101.0;291,9;CARIACICA                                                   ;Sim                 ;Falta de Atenção à Condução                                                                         ;2;Queda de ocupante de veículo                                                                                                                                                                            ;Com Vítimas Feridas;Amanhecer           ;Crescente           ;Céu Claro           ;Dupla               ;Interseção de vias            ;Sim       ;227192;Motocicleta         ;HONDA                                             ;2001.0;Condutor            ;Lesões Leves        ;53.0;Masculino           ;0;1;0;0;-20.3019098;-40.394617
52657;128656.0;277374.0;2018-04-18;quarta-feira;06:40:00;ES;101.0;291,9;CARIACICA                                                   ;Sim                 ;Falta de Atenção à Condução                                                                         ;2;Queda de ocupante de veículo                                                                                                                                                                            ;Com Vítimas Feridas;Amanhecer           ;Crescente           ;Céu Claro           ;Dupla               ;Interseção de vias            ;Sim       ;227193;Automóvel           ;PEUGEOT                                           ;2013.0;Condutor            ;Ileso               ;30.0;Masculino           ;1;0;0;0;-20.3019098;-40.394617
52667;128664.0;277604.0;2018-04-18;quarta-feira;07:30:00;ES;101.0;293;CARIACICA                                                   ;Sim                 ;Falta de Atenção do Pedestre                                                                        ;1;Atropelamento de Pedestre                                                                                                                                                                               ;Com Vítimas Feridas;Pleno dia           ;Decrescente         ;Céu Claro           ;Dupla               ;Interseção de vias            ;Sim       ;227350;Automóvel           ;VW                                                ;1979.0;Pedestre            ;Lesões Leves        ;24.0;Feminino            ;0;1;0;0;-20.31595456;-40.39536595
52668;128664.0;277602.0;2018-04-18;quarta-feira;07:30:00;ES;101.0;293;CARIACICA                                                   ;Sim                 ;Falta de Atenção do Pedestre                                                                        ;1;Atropelamento de Pedestre                                                                                                                                                                               ;Com Vítimas Feridas;Pleno dia           ;Decrescente         ;Céu Claro           ;Dupla               ;Interseção de vias            ;Sim       ;227350;Automóvel           ;VW                                                ;1979.0;Condutor            ;Ileso               ;62.0;Masculino           ;1;0;0;0;-20.31595456;-40.39536595
52737;128700.0;277608.0;2018-04-18;quarta-feira;12:30:00;ES;101.0;214,7;IBIRACU                                                     ;Sim                 ;Velocidade Incompatível                                                                             ;1;Tombamento                                                                                                                                                                                              ;Com Vítimas Feridas;Pleno dia           ;Crescente           ;Nublado             ;Simples             ;Reta                          ;Sim       ;227353;Motoneta            ;HONDA                                             ;2015.0;Passageiro          ;Lesões Leves        ;28.0;Feminino            ;0;1;0;0;-19.83132929;-40.3799057
52738;128700.0;277607.0;2018-04-18;quarta-feira;12:30:00;ES;101.0;214,7;IBIRACU                                                     ;Sim                 ;Velocidade Incompatível                                                                             ;1;Tombamento                                                                                                                                                                                              ;Com Vítimas Feridas;Pleno dia           ;Crescente           ;Nublado             ;Simples             ;Reta                          ;Sim       ;227353;Motoneta            ;HONDA                                             ;2015.0;Condutor            ;Lesões Leves        ;32.0;Masculino           ;0;1;0;0;-19.83132929;-40.3799057
52755;128710.0;277483.0;2018-04-18;quarta-feira;13:30:00;ES;101.0;146;LINHARES                                                    ;Sim                 ;Mal Súbito                                                                                          ;1;Colisão traseira                                                                                                                                                                                        ;Com Vítimas Feridas;Pleno dia           ;Decrescente         ;Nublado             ;Múltipla            ;Interseção de vias            ;Sim       ;227279;Automóvel           ;                                                  ;;Condutor            ;Ileso               ;;Ignorado            ;1;0;0;0;-19.36815851;-40.06713867
52756;128710.0;277610.0;2018-04-18;quarta-feira;13:30:00;ES;101.0;146;LINHARES                                                    ;Sim                 ;Mal Súbito                                                                                          ;1;Colisão traseira                                                                                                                                                                                        ;Com Vítimas Feridas;Pleno dia           ;Decrescente         ;Nublado             ;Múltipla            ;Interseção de vias            ;Sim       ;227279;Automóvel           ;                                                  ;;Passageiro          ;Lesões Leves        ;22.0;Feminino            ;0;1;0;0;-19.36815851;-40.06713867
52757;128711.0;277727.0;2018-04-18;quarta-feira;14:00:00;ES;101.0;293;CARIACICA                                                   ;Sim                 ;Falta de Atenção à Condução                                                                         ;1;Colisão transversal                                                                                                                                                                                     ;Com Vítimas Feridas;Pleno dia           ;Crescente           ;Céu Claro           ;Múltipla            ;Interseção de vias            ;Sim       ;227473;Caminhão            ;VW                                                ;2000.0;Condutor            ;Ileso               ;64.0;Masculino           ;1;0;0;0;-20.31793664;-40.39598286
52758;128711.0;277726.0;2018-04-18;quarta-feira;14:00:00;ES;101.0;293;CARIACICA                                                   ;Sim                 ;Falta de Atenção à Condução                                                                         ;1;Colisão transversal                                                                                                                                                                                     ;Com Vítimas Feridas;Pleno dia           ;Crescente           ;Céu Claro           ;Múltipla            ;Interseção de vias            ;Sim       ;227313;Automóvel           ;I                                                 ;2007.0;Condutor            ;Lesões Leves        ;52.0;Feminino            ;0;1;0;0;-20.31793664;-40.39598286
53094;128856.0;277886.0;2018-04-03;terça-feira;06:40:00;ES;101.0;264,9;SERRA                                                       ;Sim                 ;Não guardar distância de segurança                                                                  ;1;Tombamento                                                                                                                                                                                              ;Com Vítimas Feridas;Pleno dia           ;Crescente           ;Céu Claro           ;Múltipla            ;Reta                          ;Sim       ;227578;Outros              ;                                                  ;;Condutor            ;Lesões Graves       ;49.0;Masculino           ;0;0;1;0;-20.18215041;-40.26564628
53133;128870.0;278107.0;2018-04-19;quinta-feira;12:25:00;ES;101.0;66;SAO MATEUS                                                  ;Sim                 ;Falta de Atenção à Condução                                                                         ;1;Colisão transversal                                                                                                                                                                                     ;Com Vítimas Feridas;Pleno dia           ;Crescente           ;Céu Claro           ;Simples             ;Reta                          ;Sim       ;227755;Motocicleta         ;HONDA                                             ;2015.0;Passageiro          ;Lesões Leves        ;42.0;Feminino            ;0;1;0;0;-18.716522;-39.874359000000005
53134;128870.0;278111.0;2018-04-19;quinta-feira;12:25:00;ES;101.0;66;SAO MATEUS                                                  ;Sim                 ;Falta de Atenção à Condução                                                                         ;1;Colisão transversal                                                                                                                                                                                     ;Com Vítimas Feridas;Pleno dia           ;Crescente           ;Céu Claro           ;Simples             ;Reta                          ;Sim       ;227756;Bicicleta           ;                                                  ;;Condutor            ;Lesões Leves        ;31.0;Masculino           ;0;1;0;0;-18.716522;-39.874359000000005
53135;128870.0;278105.0;2018-04-19;quinta-feira;12:25:00;ES;101.0;66;SAO MATEUS                                                  ;Sim                 ;Falta de Atenção à Condução                                                                         ;1;Colisão transversal                                                                                                                                                                                     ;Com Vítimas Feridas;Pleno dia           ;Crescente           ;Céu Claro           ;Simples             ;Reta                          ;Sim       ;227755;Motocicleta         ;HONDA                                             ;2015.0;Condutor            ;Lesões Leves        ;25.0;Masculino           ;0;1;0;0;-18.716522;-39.874359000000005
53162;128882.0;277950.0;2018-04-19;quinta-feira;13:35:00;ES;101.0;299,1;VIANA                                                       ;Sim                 ;Falta de Atenção à Condução                                                                         ;1;Colisão lateral                                                                                                                                                                                         ;Com Vítimas Feridas;Pleno dia           ;Crescente           ;Nublado             ;Múltipla            ;Reta                          ;Sim       ;227624;Automóvel           ;HYUNDAI                                           ;2016.0;Condutor            ;Ileso               ;31.0;Masculino           ;1;0;0;0;-20.35822686;-40.42382419
53163;128882.0;277954.0;2018-04-19;quinta-feira;13:35:00;ES;101.0;299,1;VIANA                                                       ;Sim                 ;Falta de Atenção à Condução                                                                         ;1;Colisão lateral                                                                                                                                                                                         ;Com Vítimas Feridas;Pleno dia           ;Crescente           ;Nublado             ;Múltipla            ;Reta                          ;Sim       ;227625;Motoneta            ;I                                                 ;2015.0;Condutor            ;Lesões Graves       ;35.0;Masculino           ;0;0;1;0;-20.35822686;-40.42382419
53223;128913.0;278083.0;2018-04-19;quinta-feira;16:30:00;ES;101.0;134;LINHARES                                                    ;Sim                 ;Defeito Mecânico no Veículo                                                                         ;1;Incêndio                                                                                                                                                                                                ;Sem Vítimas;Pleno dia           ;Crescente           ;Céu Claro           ;Simples             ;Reta                          ;Não       ;227723;Automóvel           ;GM                                                ;1990.0;Condutor            ;Não Informado       ;;Não Informado       ;0;0;0;0;-19.28715028;-40.08657932
53225;128916.0;280015.0;2018-04-19;quinta-feira;17:15:00;ES;101.0;119;SOORETAMA                                                   ;Sim                 ;Falta de Atenção à Condução                                                                         ;1;Colisão traseira                                                                                                                                                                                        ;Com Vítimas Feridas;Anoitecer           ;Crescente           ;Céu Claro           ;Simples             ;Reta                          ;Não       ;229291;Automóvel           ;                                                  ;;Condutor            ;Ileso               ;;Ignorado            ;1;0;0;0;-19.12454198;-40.06602287
53226;128916.0;278128.0;2018-04-19;quinta-feira;17:15:00;ES;101.0;119;SOORETAMA                                                   ;Sim                 ;Falta de Atenção à Condução                                                                         ;1;Colisão traseira                                                                                                                                                                                        ;Com Vítimas Feridas;Anoitecer           ;Crescente           ;Céu Claro           ;Simples             ;Reta                          ;Não       ;227764;Motoneta            ;HONDA                                             ;2011.0;Condutor            ;Lesões Graves       ;32.0;Masculino           ;0;0;1;0;-19.12454198;-40.06602287
53298;128950.0;278087.0;2018-04-19;quinta-feira;17:30:00;ES;101.0;128;SOORETAMA                                                   ;Sim                 ;Animais na Pista                                                                                    ;1;Atropelamento de Animal                                                                                                                                                                                 ;Com Vítimas Feridas;Plena Noite         ;Crescente           ;Céu Claro           ;Simples             ;Reta                          ;Não       ;227729;Motoneta            ;HONDA                                             ;2013.0;Condutor            ;Lesões Leves        ;44.0;Feminino            ;0;1;0;0;-19.22086248;-40.09366035
53299;128951.0;278092.0;2018-04-19;quinta-feira;18:35:00;ES;101.0;143;LINHARES                                                    ;Sim                 ;Falta de Atenção à Condução                                                                         ;1;Colisão transversal                                                                                                                                                                                     ;Sem Vítimas;Plena Noite         ;Decrescente         ;Céu Claro           ;Dupla               ;Reta                          ;Não       ;227743;Motocicleta         ;                                                  ;;Condutor            ;Não Informado       ;;Não Informado       ;0;0;0;0;-19.34938174;-40.06319046
53300;128951.0;278093.0;2018-04-19;quinta-feira;18:35:00;ES;101.0;143;LINHARES                                                    ;Sim                 ;Falta de Atenção à Condução                                                                         ;1;Colisão transversal                                                                                                                                                                                     ;Sem Vítimas;Plena Noite         ;Decrescente         ;Céu Claro           ;Dupla               ;Reta                          ;Não       ;227736;Automóvel           ;FIAT                                              ;2017.0;Condutor            ;Ileso               ;30.0;Masculino           ;1;0;0;0;-19.34938174;-40.06319046
53357;128979.0;280785.0;2018-04-19;quinta-feira;23:00:00;ES;101.0;375,5;ICONHA                                                      ;Não                 ;Velocidade Incompatível                                                                             ;1;Colisão lateral                                                                                                                                                                                         ;Sem Vítimas;Plena Noite         ;Crescente           ;Nublado             ;Simples             ;Curva                         ;Sim       ;227842;Caminhão-trator     ;VOLVO                                             ;2004.0;Condutor            ;Ileso               ;59.0;Masculino           ;1;0;0;0;-20.78751236;-40.79728156
53358;128979.0;280782.0;2018-04-19;quinta-feira;23:00:00;ES;101.0;375,5;ICONHA                                                      ;Não                 ;Velocidade Incompatível                                                                             ;1;Colisão lateral                                                                                                                                                                                         ;Sem Vítimas;Plena Noite         ;Crescente           ;Nublado             ;Simples             ;Curva                         ;Sim       ;227841;Caminhão            ;M.BENZ                                            ;2016.0;Condutor            ;Ileso               ;40.0;Masculino           ;1;0;0;0;-20.78751236;-40.79728156
53425;129010.0;278563.0;2018-04-20;sexta-feira;07:30:00;ES;101.0;258,3;SERRA                                                       ;Sim                 ;Desobediência às normas de trânsito pelo pedestre                                                   ;1;Atropelamento de Pedestre                                                                                                                                                                               ;Com Vítimas Feridas;Pleno dia           ;Decrescente         ;Sol                 ;Dupla               ;Reta                          ;Sim       ;228075;Automóvel           ;TOYOTA                                            ;2003.0;Condutor            ;Ileso               ;54.0;Masculino           ;1;0;0;0;-20.13379641;-40.29300213
53426;129010.0;278567.0;2018-04-20;sexta-feira;07:30:00;ES;101.0;258,3;SERRA                                                       ;Sim                 ;Desobediência às normas de trânsito pelo pedestre                                                   ;1;Atropelamento de Pedestre                                                                                                                                                                               ;Com Vítimas Feridas;Pleno dia           ;Decrescente         ;Sol                 ;Dupla               ;Reta                          ;Sim       ;228075;Automóvel           ;TOYOTA                                            ;2003.0;Pedestre            ;Lesões Leves        ;63.0;Masculino           ;0;1;0;0;-20.13379641;-40.29300213