;id;pesid;data_inversa;dia_semana;horario;uf;br;km;municipio;causa_principal;causa_acidente;ordem_tipo_acidente;tipo_acidente;classificacao_acidente;fase_dia;sentido_via;condicao_metereologica;tipo_pista;tracado_via;uso_solo;id_veiculo;tipo_veiculo;marca;ano_fabricacao_veiculo;tipo_envolvido;estado_fisico;idade;sexo;ilesos;feridos_leves;feridos_graves;mortos;latitude;longitude
53508;129060.0;278601.0;2018-04-20;sexta-feira;12:10:00;ES;101.0;198;JOAO NEIVA                                                  ;Sim                 ;Desobediência às normas de trânsito pelo condutor                                                   ;1;Colisão frontal                                                                                                                                                                                         ;Com Vítimas Feridas;Pleno dia           ;Crescente           ;Céu Claro           ;Simples             ;Interseção de vias            ;Não       ;228113;Automóvel           ;FIAT                                              ;2017.0;Passageiro          ;Lesões Leves        ;35.0;Masculino           ;0;1;0;0;-19.73503727;-40.36085129
53509;129060.0;278600.0;2018-04-20;sexta-feira;12:10:00;ES;101.0;198;JOAO NEIVA                                                  ;Sim                 ;Desobediência às normas de trânsito pelo condutor                                                   ;1;Colisão frontal                                                                                                                                                                                         ;Com Vítimas Feridas;Pleno dia           ;Crescente           ;Céu Claro           ;Simples             ;Interseção de vias            ;Não       ;228113;Automóvel           ;FIAT                                              ;2017.0;Condutor            ;Ileso               ;57.0;Masculino           ;1;0;0;0;-19.73503727;-40.36085129
53510;129060.0;278599.0;2018-04-20;sexta-feira;12:10:00;ES;101.0;198;JOAO NEIVA                                                  ;Sim                 ;Desobediência às normas de trânsito pelo condutor                                                   ;1;Colisão frontal                                                                                                                                                                                         ;Com Vítimas Feridas;Pleno dia           ;Crescente           ;Céu Claro           ;Simples             ;Interseção de vias            ;Não       ;228112;Micro-ônibus        ;VW                                                ;2006.0;Condutor            ;Ileso               ;27.0;Masculino           ;1;0;0;0;-19.73503727;-40.36085129
53604;129107.0;278701.0;2018-04-20;sexta-feira;16:40:00;ES;101.0;287;CARIACICA                                                   ;Sim                 ;Falta de Atenção à Condução                                                                         ;1;Colisão traseira                                                                                                                                                                                        ;Com Vítimas Feridas;Pleno dia           ;Crescente           ;Céu Claro           ;Dupla               ;Reta                          ;Sim       ;228089;Caminhonete         ;CHEVROLET                                         ;2016.0;Condutor            ;Ileso               ;27.0;Masculino           ;1;0;0;0;-20.26717414;-40.38732737
53605;129107.0;278702.0;2018-04-20;sexta-feira;16:40:00;ES;101.0;287;CARIACICA                                                   ;Sim                 ;Falta de Atenção à Condução                                                                         ;1;Colisão traseira                                                                                                                                                                                        ;Com Vítimas Feridas;Pleno dia           ;Crescente           ;Céu Claro           ;Dupla               ;Reta                          ;Sim       ;228090;Automóvel           ;VW                                                ;2005.0;Condutor            ;Lesões Leves        ;36.0;Masculino           ;0;1;0;0;-20.26717414;-40.38732737
53649;129133.0;278644.0;2018-04-20;sexta-feira;18:00:00;ES;101.0;90,4;SAO MATEUS                                                  ;Sim                 ;Desobediência às normas de trânsito pelo condutor                                                   ;1;Colisão transversal                                                                                                                                                                                     ;Com Vítimas Feridas;Anoitecer           ;Crescente           ;Nublado             ;Múltipla            ;Interseção de vias            ;Sim       ;228151;Automóvel           ;FIAT                                              ;2012.0;Condutor            ;Ileso               ;46.0;Masculino           ;1;0;0;0;-18.720545;-39.865883000000004
53650;129133.0;278640.0;2018-04-20;sexta-feira;18:00:00;ES;101.0;90,4;SAO MATEUS                                                  ;Sim                 ;Desobediência às normas de trânsito pelo condutor                                                   ;1;Colisão transversal                                                                                                                                                                                     ;Com Vítimas Feridas;Anoitecer           ;Crescente           ;Nublado             ;Múltipla            ;Interseção de vias            ;Sim       ;228151;Automóvel           ;FIAT                                              ;2012.0;Passageiro          ;Ileso               ;;Feminino            ;1;0;0;0;-18.720545;-39.865883000000004
53651;129133.0;278637.0;2018-04-20;sexta-feira;18:00:00;ES;101.0;90,4;SAO MATEUS                                                  ;Sim                 ;Desobediência às normas de trânsito pelo condutor                                                   ;1;Colisão transversal                                                                                                                                                                                     ;Com Vítimas Feridas;Anoitecer           ;Crescente           ;Nublado             ;Múltipla            ;Interseção de vias            ;Sim       ;228152;Motocicleta         ;HONDA                                             ;2012.0;Condutor            ;Lesões Leves        ;41.0;Masculino           ;0;1;0;0;-18.720545;-39.865883000000004
53663;129139.0;278738.0;2018-04-20;sexta-feira;19:50:00;ES;101.0;144,5;LINHARES                                                    ;Sim                 ;Não guardar distância de segurança                                                                  ;2;Queda de ocupante de veículo                                                                                                                                                                            ;Com Vítimas Feridas;Plena Noite         ;Crescente           ;Nublado             ;Múltipla            ;Reta                          ;Sim       ;228172;Motocicleta         ;HONDA                                             ;2007.0;Passageiro          ;Lesões Graves       ;46.0;Feminino            ;0;0;1;0;-19.3558501;-40.06429017
53664;129139.0;278736.0;2018-04-20;sexta-feira;19:50:00;ES;101.0;144,5;LINHARES                                                    ;Sim                 ;Não guardar distância de segurança                                                                  ;2;Queda de ocupante de veículo                                                                                                                                                                            ;Com Vítimas Feridas;Plena Noite         ;Crescente           ;Nublado             ;Múltipla            ;Reta                          ;Sim       ;228172;Motocicleta         ;HONDA                                             ;2007.0;Condutor            ;Lesões Leves        ;48.0;Masculino           ;0;1;0;0;-19.3558501;-40.06429017
53665;129139.0;278740.0;2018-04-20;sexta-feira;19:50:00;ES;101.0;144,5;LINHARES                                                    ;Sim                 ;Não guardar distância de segurança                                                                  ;2;Queda de ocupante de veículo                                                                                                                                                                            ;Com Vítimas Feridas;Plena Noite         ;Crescente           ;Nublado             ;Múltipla            ;Reta                          ;Sim       ;228272;Ônibus              ;M.BENZ                                            ;2007.0;Condutor            ;Ileso               ;29.0;Masculino           ;1;0;0;0;-19.3558501;-40.06429017
54332;129439.0;281040.0;2018-04-22;domingo;02:05:00;ES;101.0;68,8;SAO MATEUS                                                  ;Sim                 ;Ingestão de Álcool                                                                                  ;1;Incêndio                                                                                                                                                                                                ;Sem Vítimas;Plena Noite         ;Decrescente         ;Céu Claro           ;Simples             ;Reta                          ;Sim       ;230064;Automóvel           ;CITROEN                                           ;2004.0;Condutor            ;Não Informado       ;;Não Informado       ;0;0;0;0;-18.72127728;-39.86622692
54612;129560.0;281463.0;2018-04-22;domingo;16:30:00;ES;101.0;254;SERRA                                                       ;Sim                 ;Não guardar distância de segurança                                                                  ;1;Engavetamento                                                                                                                                                                                           ;Com Vítimas Feridas;Pleno dia           ;Crescente           ;Céu Claro           ;Dupla               ;Reta                          ;Sim       ;230374;Caminhonete         ;VW                                                ;2014.0;Condutor            ;Ileso               ;39.0;Masculino           ;1;0;0;0;-20.11703691;-40.31679266
54613;129560.0;281457.0;2018-04-22;domingo;16:30:00;ES;101.0;254;SERRA                                                       ;Sim                 ;Não guardar distância de segurança                                                                  ;1;Engavetamento                                                                                                                                                                                           ;Com Vítimas Feridas;Pleno dia           ;Crescente           ;Céu Claro           ;Dupla               ;Reta                          ;Sim       ;230203;Automóvel           ;HYUNDAI                                           ;2016.0;Condutor            ;Lesões Leves        ;43.0;Masculino           ;0;1;0;0;-20.11703691;-40.31679266
54614;129560.0;281460.0;2018-04-22;domingo;16:30:00;ES;101.0;254;SERRA                                                       ;Sim                 ;Não guardar distância de segurança                                                                  ;1;Engavetamento                                                                                                                                                                                           ;Com Vítimas Feridas;Pleno dia           ;Crescente           ;Céu Claro           ;Dupla               ;Reta                          ;Sim       ;230203;Automóvel           ;HYUNDAI                                           ;2016.0;Passageiro          ;Lesões Leves        ;54.0;Feminino            ;0;1;0;0;-20.11703691;-40.31679266
54615;129560.0;281453.0;2018-04-22;domingo;16:30:00;ES;101.0;254;SERRA                                                       ;Sim                 ;Não guardar distância de segurança                                                                  ;1;Engavetamento                                                                                                                                                                                           ;Com Vítimas Feridas;Pleno dia           ;Crescente           ;Céu Claro           ;Dupla               ;Reta                          ;Sim       ;230201;Automóvel           ;I                                                 ;2011.0;Condutor            ;Ileso               ;25.0;Feminino            ;1;0;0;0;-20.11703691;-40.31679266
54616;129560.0;281451.0;2018-04-22;domingo;16:30:00;ES;101.0;254;SERRA                                                       ;Sim                 ;Não guardar distância de segurança                                                                  ;1;Engavetamento                                                                                                                                                                                           ;Com Vítimas Feridas;Pleno dia           ;Crescente           ;Céu Claro           ;Dupla               ;Reta                          ;Sim       ;230200;Automóvel           ;FIAT                                              ;2013.0;Condutor            ;Ileso               ;48.0;Masculino           ;1;0;0;0;-20.11703691;-40.31679266
55015;129703.0;281803.0;2018-04-23;segunda-feira;06:40:00;ES;101.0;247,2;SERRA                                                       ;Sim                 ;Falta de Atenção à Condução                                                                         ;1;Colisão transversal                                                                                                                                                                                     ;Com Vítimas Feridas;Pleno dia           ;Crescente           ;Nublado             ;Simples             ;Retorno Regulamentado         ;Não       ;229239;Caminhonete         ;FIAT                                              ;2014.0;Condutor            ;Ileso               ;52.0;Masculino           ;1;0;0;0;-20.06808009;-40.36744416
55016;129703.0;281805.0;2018-04-23;segunda-feira;06:40:00;ES;101.0;247,2;SERRA                                                       ;Sim                 ;Falta de Atenção à Condução                                                                         ;1;Colisão transversal                                                                                                                                                                                     ;Com Vítimas Feridas;Pleno dia           ;Crescente           ;Nublado             ;Simples             ;Retorno Regulamentado         ;Não       ;230682;Ciclomotor          ;I                                                 ;;Condutor            ;Lesões Graves       ;59.0;Masculino           ;0;0;1;0;-20.06808009;-40.36744416
55220;129805.0;279968.0;2018-04-23;segunda-feira;18:15:00;ES;101.0;144;LINHARES                                                    ;Sim                 ;Ingestão de Álcool                                                                                  ;1;Colisão traseira                                                                                                                                                                                        ;Sem Vítimas;Plena Noite         ;Decrescente         ;Nublado             ;Múltipla            ;Reta                          ;Sim       ;229250;Automóvel           ;FORD                                              ;2017.0;Condutor            ;Ileso               ;35.0;Masculino           ;1;0;0;0;-19.38275742;-40.066787299999994
55221;129805.0;279989.0;2018-04-23;segunda-feira;18:15:00;ES;101.0;144;LINHARES                                                    ;Sim                 ;Ingestão de Álcool                                                                                  ;1;Colisão traseira                                                                                                                                                                                        ;Sem Vítimas;Plena Noite         ;Decrescente         ;Nublado             ;Múltipla            ;Reta                          ;Sim       ;229266;Caminhão            ;M.BENZ                                            ;1979.0;Condutor            ;Ileso               ;58.0;Masculino           ;1;0;0;0;-19.38275742;-40.066787299999994
55222;129805.0;279987.0;2018-04-23;segunda-feira;18:15:00;ES;101.0;144;LINHARES                                                    ;Sim                 ;Ingestão de Álcool                                                                                  ;1;Colisão traseira                                                                                                                                                                                        ;Sem Vítimas;Plena Noite         ;Decrescente         ;Nublado             ;Múltipla            ;Reta                          ;Sim       ;229261;Camioneta           ;JEEP                                              ;2016.0;Condutor            ;Ileso               ;40.0;Feminino            ;1;0;0;0;-19.38275742;-40.066787299999994
55223;129805.0;279985.0;2018-04-23;segunda-feira;18:15:00;ES;101.0;144;LINHARES                                                    ;Sim                 ;Ingestão de Álcool                                                                                  ;1;Colisão traseira                                                                                                                                                                                        ;Sem Vítimas;Plena Noite         ;Decrescente         ;Nublado             ;Múltipla            ;Reta                          ;Sim       ;229259;Automóvel           ;FORD                                              ;2016.0;Condutor            ;Ileso               ;29.0;Feminino            ;1;0;0;0;-19.38275742;-40.066787299999994
55234;129810.0;281691.0;2018-04-23;segunda-feira;12:00:00;ES;101.0;270;SERRA                                                       ;Sim                 ;Falta de Atenção do Pedestre                                                                        ;1;Colisão transversal                                                                                                                                                                                     ;Com Vítimas Feridas;Pleno dia           ;Crescente           ;Céu Claro           ;Dupla               ;Reta                          ;Sim       ;230572;Automóvel           ;VW                                                ;2005.0;Condutor            ;Ileso               ;33.0;Masculino           ;1;0;0;0;-20.23143571;-40.27343273
55235;129810.0;281693.0;2018-04-23;segunda-feira;12:00:00;ES;101.0;270;SERRA                                                       ;Sim                 ;Falta de Atenção do Pedestre                                                                        ;1;Colisão transversal                                                                                                                                                                                     ;Com Vítimas Feridas;Pleno dia           ;Crescente           ;Céu Claro           ;Dupla               ;Reta                          ;Sim       ;230579;Bicicleta           ;                                                  ;;Condutor            ;Lesões Leves        ;16.0;Feminino            ;0;1;0;0;-20.23143571;-40.27343273
55266;129823.0;279938.0;2018-04-23;segunda-feira;15:30:00;ES;101.0;148;LINHARES                                                    ;Sim                 ;Não guardar distância de segurança                                                                  ;1;Colisão traseira                                                                                                                                                                                        ;Com Vítimas Feridas;Pleno dia           ;Decrescente         ;Nublado             ;Múltipla            ;Reta                          ;Sim       ;229234;Automóvel           ;VW                                                ;2015.0;Condutor            ;Ileso               ;35.0;Masculino           ;1;0;0;0;-19.38750626;-40.06744981
55267;129823.0;279936.0;2018-04-23;segunda-feira;15:30:00;ES;101.0;148;LINHARES                                                    ;Sim                 ;Não guardar distância de segurança                                                                  ;1;Colisão traseira                                                                                                                                                                                        ;Com Vítimas Feridas;Pleno dia           ;Decrescente         ;Nublado             ;Múltipla            ;Reta                          ;Sim       ;229233;Motocicleta         ;HONDA                                             ;2012.0;Condutor            ;Lesões Leves        ;22.0;Masculino           ;0;1;0;0;-19.38750626;-40.06744981
55276;129827.0;280081.0;2018-04-23;segunda-feira;16:55:00;ES;101.0;11;PEDRO CANARIO                                               ;Sim                 ;Mal Súbito                                                                                          ;1;Queda de ocupante de veículo                                                                                                                                                                            ;Com Vítimas Feridas;Anoitecer           ;Crescente           ;Céu Claro           ;Simples             ;Reta                          ;Não       ;229345;Motocicleta         ;HONDA                                             ;2011.0;Condutor            ;Lesões Leves        ;44.0;Masculino           ;0;1;0;0;-18.257133;-39.954772999999996
55364;129873.0;281775.0;2018-04-24;terça-feira;01:40:00;ES;101.0;268,6;SERRA                                                       ;Sim                 ;Falta de Atenção do Pedestre                                                                        ;1;Atropelamento de Pedestre                                                                                                                                                                               ;Com Vítimas Feridas;Plena Noite         ;Decrescente         ;Chuva               ;Múltipla            ;Reta                          ;Sim       ;230593;Motocicleta         ;                                                  ;;Pedestre            ;Lesões Graves       ;21.0;Masculino           ;0;0;1;0;-20.21469355;-40.26987076
55365;129873.0;281713.0;2018-04-24;terça-feira;01:40:00;ES;101.0;268,6;SERRA                                                       ;Sim                 ;Falta de Atenção do Pedestre                                                                        ;1;Atropelamento de Pedestre                                                                                                                                                                               ;Com Vítimas Feridas;Plena Noite         ;Decrescente         ;Chuva               ;Múltipla            ;Reta                          ;Sim       ;230593;Motocicleta         ;                                                  ;;Condutor            ;Ileso               ;;Ignorado            ;1;0;0;0;-20.21469355;-40.26987076
55444;129915.0;280249.0;2018-04-24;terça-feira;08:30:00;ES;101.0;146;LINHARES                                                    ;Sim                 ;Não guardar distância de segurança                                                                  ;1;Colisão traseira                                                                                                                                                                                        ;Com Vítimas Feridas;Pleno dia           ;Decrescente         ;Nublado             ;Múltipla            ;Não Informado                 ;Sim       ;229467;Ônibus              ;M.BENZ                                            ;2012.0;Condutor            ;Ileso               ;29.0;Masculino           ;1;0;0;0;-19.36356456;-40.06456375
55445;129915.0;280243.0;2018-04-24;terça-feira;08:30:00;ES;101.0;146;LINHARES                                                    ;Sim                 ;Não guardar distância de segurança                                                                  ;1;Colisão traseira                                                                                                                                                                                        ;Com Vítimas Feridas;Pleno dia           ;Decrescente         ;Nublado             ;Múltipla            ;Não Informado                 ;Sim       ;229466;Automóvel           ;FIAT                                              ;2012.0;Passageiro          ;Ileso               ;49.0;Masculino           ;1;0;0;0;-19.36356456;-40.06456375
55446;129915.0;280241.0;2018-04-24;terça-feira;08:30:00;ES;101.0;146;LINHARES                                                    ;Sim                 ;Não guardar distância de segurança                                                                  ;1;Colisão traseira                                                                                                                                                                                        ;Com Vítimas Feridas;Pleno dia           ;Decrescente         ;Nublado             ;Múltipla            ;Não Informado                 ;Sim       ;229466;Automóvel           ;FIAT                                              ;2012.0;Condutor            ;Lesões Leves        ;41.0;Masculino           ;0;1;0;0;-19.36356456;-40.06456375
55579;129971.0;280619.0;2018-04-24;terça-feira;15:00:00;ES;101.0;150;LINHARES                                                    ;Sim                 ;Desobediência às normas de trânsito pelo condutor                                                   ;1;Colisão transversal                                                                                                                                                                                     ;Com Vítimas Feridas;Pleno dia           ;Crescente           ;Céu Claro           ;Múltipla            ;Interseção de vias            ;Sim       ;229599;Automóvel           ;FORD                                              ;2018.0;Condutor            ;Ileso               ;63.0;Masculino           ;1;0;0;0;-19.40669723;-40.06336212
55580;129971.0;280620.0;2018-04-24;terça-feira;15:00:00;ES;101.0;150;LINHARES                                                    ;Sim                 ;Desobediência às normas de trânsito pelo condutor                                                   ;1;Colisão transversal                                                                                                                                                                                     ;Com Vítimas Feridas;Pleno dia           ;Crescente           ;Céu Claro           ;Múltipla            ;Interseção de vias            ;Sim       ;229600;Motocicleta         ;HONDA                                             ;2015.0;Condutor            ;Lesões Leves        ;36.0;Masculino           ;0;1;0;0;-19.40669723;-40.06336212
55581;129971.0;280621.0;2018-04-24;terça-feira;15:00:00;ES;101.0;150;LINHARES                                                    ;Sim                 ;Desobediência às normas de trânsito pelo condutor                                                   ;1;Colisão transversal                                                                                                                                                                                     ;Com Vítimas Feridas;Pleno dia           ;Crescente           ;Céu Claro           ;Múltipla            ;Interseção de vias            ;Sim       ;229600;Motocicleta         ;HONDA                                             ;2015.0;Passageiro          ;Lesões Leves        ;33.0;Feminino            ;0;1;0;0;-19.40669723;-40.06336212
55603;129985.0;281288.0;2018-04-24;terça-feira;16:00:00;ES;101.0;295;CARIACICA                                                   ;Sim                 ;Falta de Atenção à Condução                                                                         ;2;Queda de ocupante de veículo                                                                                                                                                                            ;Com Vítimas Feridas;Pleno dia           ;Crescente           ;Sol                 ;Múltipla            ;Reta                          ;Sim       ;230248;Caminhonete         ;                                                  ;;Condutor            ;Ileso               ;;Ignorado            ;1;0;0;0;-20.33019081;-40.39909154
55604;129985.0;280642.0;2018-04-24;terça-feira;16:00:00;ES;101.0;295;CARIACICA                                                   ;Sim                 ;Falta de Atenção à Condução                                                                         ;2;Queda de ocupante de veículo                                                                                                                                                                            ;Com Vítimas Feridas;Pleno dia           ;Crescente           ;Sol                 ;Múltipla            ;Reta                          ;Sim       ;229770;Motocicleta         ;HONDA                                             ;2008.0;Condutor            ;Lesões Leves        ;26.0;Masculino           ;0;1;0;0;-20.33019081;-40.39909154
55627;129994.0;282453.0;2018-04-24;terça-feira;17:30:00;ES;101.0;191,9;ARACRUZ                                                     ;Sim                 ;Falta de Atenção à Condução                                                                         ;2;Colisão lateral                                                                                                                                                                                         ;Com Vítimas Feridas;Anoitecer           ;Crescente           ;Nublado             ;Simples             ;Não Informado                 ;Não       ;229729;Caminhão            ;M.BENZ                                            ;1978.0;Condutor            ;Ileso               ;51.0;Masculino           ;1;0;0;0;-19.68914232;-40.28686523
55628;129994.0;282456.0;2018-04-24;terça-feira;17:30:00;ES;101.0;191,9;ARACRUZ                                                     ;Sim                 ;Falta de Atenção à Condução                                                                         ;2;Colisão lateral                                                                                                                                                                                         ;Com Vítimas Feridas;Anoitecer           ;Crescente           ;Nublado             ;Simples             ;Não Informado                 ;Não       ;229730;Automóvel           ;VW                                                ;2012.0;Passageiro          ;Lesões Leves        ;46.0;Feminino            ;0;1;0;0;-19.68914232;-40.28686523
55629;129994.0;282454.0;2018-04-24;terça-feira;17:30:00;ES;101.0;191,9;ARACRUZ                                                     ;Sim                 ;Falta de Atenção à Condução                                                                         ;2;Colisão lateral                                                                                                                                                                                         ;Com Vítimas Feridas;Anoitecer           ;Crescente           ;Nublado             ;Simples             ;Não Informado                 ;Não       ;229730;Automóvel           ;VW                                                ;2012.0;Condutor            ;Lesões Leves        ;44.0;Masculino           ;0;1;0;0;-19.68914232;-40.28686523
55630;129994.0;282452.0;2018-04-24;terça-feira;17:30:00;ES;101.0;191,9;ARACRUZ                                                     ;Sim                 ;Falta de Atenção à Condução                                                                         ;2;Colisão lateral                                                                                                                                                                                         ;Com Vítimas Feridas;Anoitecer           ;Crescente           ;Nublado             ;Simples             ;Não Informado                 ;Não       ;229728;Caminhonete         ;FIAT                                              ;2010.0;Condutor            ;Lesões Graves       ;22.0;Masculino           ;0;0;1;0;-19.68914232;-40.28686523
55721;130037.0;280638.0;2018-04-24;terça-feira;19:00:00;ES;101.0;141,9;LINHARES                                                    ;Não                 ;Falta de Atenção à Condução                                                                         ;1;Colisão transversal                                                                                                                                                                                     ;Com Vítimas Feridas;Plena Noite         ;Crescente           ;Ignorado            ;Múltipla            ;Retorno Regulamentado         ;Sim       ;229744;Automóvel           ;VW                                                ;2011.0;Condutor            ;Lesões Leves        ;63.0;Masculino           ;0;1;0;0;-19.33167596;-40.06924152
55722;130037.0;280633.0;2018-04-24;terça-feira;19:00:00;ES;101.0;141,9;LINHARES                                                    ;Não                 ;Falta de Atenção à Condução                                                                         ;1;Colisão transversal                                                                                                                                                                                     ;Com Vítimas Feridas;Plena Noite         ;Crescente           ;Ignorado            ;Múltipla            ;Retorno Regulamentado         ;Sim       ;229743;Automóvel           ;FIAT                                              ;2006.0;Condutor            ;Lesões Leves        ;66.0;Masculino           ;0;1;0;0;-19.33167596;-40.06924152
55788;130082.0;280859.0;2018-04-25;quarta-feira;07:25:00;ES;101.0;297,4;CARIACICA                                                   ;Sim                 ;Falta de Atenção à Condução                                                                         ;1;Colisão lateral                                                                                                                                                                                         ;Com Vítimas Feridas;Pleno dia           ;Crescente           ;Céu Claro           ;Dupla               ;Reta                          ;Sim       ;229836;Caminhão-trator     ;VOLVO                                             ;1994.0;Condutor            ;Ileso               ;46.0;Masculino           ;1;0;0;0;-20.35138682;-40.41389465
55789;130082.0;280857.0;2018-04-25;quarta-feira;07:25:00;ES;101.0;297,4;CARIACICA                                                   ;Sim                 ;Falta de Atenção à Condução                                                                         ;1;Colisão lateral                                                                                                                                                                                         ;Com Vítimas Feridas;Pleno dia           ;Crescente           ;Céu Claro           ;Dupla               ;Reta                          ;Sim       ;229835;Motocicleta         ;HONDA                                             ;2009.0;Condutor            ;Lesões Leves        ;56.0;Masculino           ;0;1;0;0;-20.35138682;-40.41389465
55797;130087.0;280869.0;2018-04-25;quarta-feira;08:15:00;ES;101.0;40,2;CONCEICAO DA BARRA                                          ;Sim                 ;Velocidade Incompatível                                                                             ;1;Saída de leito carroçável                                                                                                                                                                               ;Com Vítimas Feridas;Pleno dia           ;Crescente           ;Chuva               ;Simples             ;Reta                          ;Não       ;229948;Caminhonete         ;CHEVROLET                                         ;2015.0;Condutor            ;Lesões Graves       ;35.0;Feminino            ;0;0;1;0;-18.50119639;-39.91795314
55798;130087.0;280875.0;2018-04-25;quarta-feira;08:15:00;ES;101.0;40,2;CONCEICAO DA BARRA                                          ;Sim                 ;Velocidade Incompatível                                                                             ;1;Saída de leito carroçável                                                                                                                                                                               ;Com Vítimas Feridas;Pleno dia           ;Crescente           ;Chuva               ;Simples             ;Reta                          ;Não       ;229948;Caminhonete         ;CHEVROLET                                         ;2015.0;Passageiro          ;Lesões Graves       ;15.0;Feminino            ;0;0;1;0;-18.50119639;-39.91795314
55888;130139.0;280888.0;2018-04-25;quarta-feira;12:10:00;ES;101.0;269;SERRA                                                       ;Sim                 ;Falta de Atenção à Condução                                                                         ;2;Saída de leito carroçável                                                                                                                                                                               ;Com Vítimas Feridas;Pleno dia           ;Decrescente         ;Céu Claro           ;Múltipla            ;Reta                          ;Sim       ;229960;Caminhonete         ;FIAT                                              ;2007.0;Condutor            ;Ileso               ;35.0;Masculino           ;1;0;0;0;-20.21664673;-40.2697089
55889;130139.0;280887.0;2018-04-25;quarta-feira;12:10:00;ES;101.0;269;SERRA                                                       ;Sim                 ;Falta de Atenção à Condução                                                                         ;2;Saída de leito carroçável                                                                                                                                                                               ;Com Vítimas Feridas;Pleno dia           ;Decrescente         ;Céu Claro           ;Múltipla            ;Reta                          ;Sim       ;229959;Caminhão-trator     ;M.BENZ                                            ;2007.0;Condutor            ;Ileso               ;41.0;Masculino           ;1;0;0;0;-20.21664673;-40.2697089
55890;130139.0;280889.0;2018-04-25;quarta-feira;12:10:00;ES;101.0;269;SERRA                                                       ;Sim                 ;Falta de Atenção à Condução                                                                         ;2;Saída de leito carroçável                                                                                                                                                                               ;Com Vítimas Feridas;Pleno dia           ;Decrescente         ;Céu Claro           ;Múltipla            ;Reta                          ;Sim       ;229960;Caminhonete         ;FIAT                                              ;2007.0;Passageiro          ;Lesões Leves        ;22.0;Feminino            ;0;1;0;0;-20.21664673;-40.2697089
55951;130171.0;281044.0;2018-04-25;quarta-feira;16:30:00;ES;101.0;271;SERRA                                                       ;Sim                 ;Desobediência às normas de trânsito pelo condutor                                                   ;1;Colisão transversal                                                                                                                                                                                     ;Com Vítimas Feridas;Pleno dia           ;Decrescente         ;Céu Claro           ;Múltipla            ;Interseção de vias            ;Sim       ;230057;Caminhonete         ;I                                                 ;2017.0;Passageiro          ;Lesões Graves       ;27.0;Masculino           ;0;0;1;0;-20.230982;-40.279433000000004
55952;130171.0;281042.0;2018-04-25;quarta-feira;16:30:00;ES;101.0;271;SERRA                                                       ;Sim                 ;Desobediência às normas de trânsito pelo condutor                                                   ;1;Colisão transversal                                                                                                                                                                                     ;Com Vítimas Feridas;Pleno dia           ;Decrescente         ;Céu Claro           ;Múltipla            ;Interseção de vias            ;Sim       ;230056;Caminhonete         ;FIAT                                              ;2015.0;Condutor            ;Ileso               ;52.0;Masculino           ;1;0;0;0;-20.230982;-40.279433000000004
55953;130171.0;281043.0;2018-04-25;quarta-feira;16:30:00;ES;101.0;271;SERRA                                                       ;Sim                 ;Desobediência às normas de trânsito pelo condutor                                                   ;1;Colisão transversal                                                                                                                                                                                     ;Com Vítimas Feridas;Pleno dia           ;Decrescente         ;Céu Claro           ;Múltipla            ;Interseção de vias            ;Sim       ;230057;Caminhonete         ;I                                                 ;2017.0;Condutor            ;Lesões Graves       ;52.0;Masculino           ;0;0;1;0;-20.230982;-40.279433000000004
55979;130188.0;282790.0;2018-04-25;quarta-feira;17:45:00;ES;101.0;204,1;JOAO NEIVA                                                  ;Sim                 ;Desobediência às normas de trânsito pelo condutor                                                   ;1;Colisão transversal                                                                                                                                                                                     ;Com Vítimas Feridas;Anoitecer           ;Decrescente         ;Nublado             ;Simples             ;Interseção de vias            ;Sim       ;230088;Automóvel           ;FIAT                                              ;2010.0;Testemunha          ;Não Informado       ;;Não Informado       ;0;0;0;0;-19.7495766;-40.379354
55980;130188.0;282789.0;2018-04-25;quarta-feira;17:45:00;ES;101.0;204,1;JOAO NEIVA                                                  ;Sim                 ;Desobediência às normas de trânsito pelo condutor                                                   ;1;Colisão transversal                                                                                                                                                                                     ;Com Vítimas Feridas;Anoitecer           ;Decrescente         ;Nublado             ;Simples             ;Interseção de vias            ;Sim       ;230088;Automóvel           ;FIAT                                              ;2010.0;Condutor            ;Ileso               ;33.0;Feminino            ;1;0;0;0;-19.7495766;-40.379354
55981;130188.0;282788.0;2018-04-25;quarta-feira;17:45:00;ES;101.0;204,1;JOAO NEIVA                                                  ;Sim                 ;Desobediência às normas de trânsito pelo condutor                                                   ;1;Colisão transversal                                                                                                                                                                                     ;Com Vítimas Feridas;Anoitecer           ;Decrescente         ;Nublado             ;Simples             ;Interseção de vias            ;Sim       ;230087;Motocicleta         ;YAMAHA                                            ;2011.0;Condutor            ;Lesões Graves       ;33.0;Masculino           ;0;0;1;0;-19.7495766;-40.379354
56064;130224.0;281064.0;2018-04-25;quarta-feira;20:30:00;ES;101.0;140;LINHARES                                                    ;Sim                 ;Falta de Atenção à Condução                                                                         ;1;Colisão traseira                                                                                                                                                                                        ;Com Vítimas Feridas;Plena Noite         ;Decrescente         ;Céu Claro           ;Dupla               ;Reta                          ;Sim       ;230081;Automóvel           ;FIAT                                              ;2015.0;Testemunha          ;Não Informado       ;;Não Informado       ;0;0;0;0;-19.38338077;-40.06748199