;id;pesid;data_inversa;dia_semana;horario;uf;br;km;municipio;causa_principal;causa_acidente;ordem_tipo_acidente;tipo_acidente;classificacao_acidente;fase_dia;sentido_via;condicao_metereologica;tipo_pista;tracado_via;uso_solo;id_veiculo;tipo_veiculo;marca;ano_fabricacao_veiculo;tipo_envolvido;estado_fisico;idade;sexo;ilesos;feridos_leves;feridos_graves;mortos;latitude;longitude
56065;130224.0;281063.0;2018-04-25;quarta-feira;20:30:00;ES;101.0;140;LINHARES                                                    ;Sim                 ;Falta de Atenção à Condução                                                                         ;1;Colisão traseira                                                                                                                                                                                        ;Com Vítimas Feridas;Plena Noite         ;Decrescente         ;Céu Claro           ;Dupla               ;Reta                          ;Sim       ;230081;Automóvel           ;FIAT                                              ;2015.0;Condutor            ;Ileso               ;37.0;Masculino           ;1;0;0;0;-19.38338077;-40.06748199
56066;130224.0;281073.0;2018-04-25;quarta-feira;20:30:00;ES;101.0;140;LINHARES                                                    ;Sim                 ;Falta de Atenção à Condução                                                                         ;1;Colisão traseira                                                                                                                                                                                        ;Com Vítimas Feridas;Plena Noite         ;Decrescente         ;Céu Claro           ;Dupla               ;Reta                          ;Sim       ;230082;Automóvel           ;CHEVROLET                                         ;2015.0;Passageiro          ;Lesões Leves        ;56.0;Feminino            ;0;1;0;0;-19.38338077;-40.06748199
56067;130224.0;281065.0;2018-04-25;quarta-feira;20:30:00;ES;101.0;140;LINHARES                                                    ;Sim                 ;Falta de Atenção à Condução                                                                         ;1;Colisão traseira                                                                                                                                                                                        ;Com Vítimas Feridas;Plena Noite         ;Decrescente         ;Céu Claro           ;Dupla               ;Reta                          ;Sim       ;230082;Automóvel           ;CHEVROLET                                         ;2015.0;Condutor            ;Ileso               ;37.0;Masculino           ;1;0;0;0;-19.38338077;-40.06748199
56068;130224.0;281070.0;2018-04-25;quarta-feira;20:30:00;ES;101.0;140;LINHARES                                                    ;Sim                 ;Falta de Atenção à Condução                                                                         ;1;Colisão traseira                                                                                                                                                                                        ;Com Vítimas Feridas;Plena Noite         ;Decrescente         ;Céu Claro           ;Dupla               ;Reta                          ;Sim       ;230082;Automóvel           ;CHEVROLET                                         ;2015.0;Passageiro          ;Lesões Leves        ;65.0;Feminino            ;0;1;0;0;-19.38338077;-40.06748199
56069;130224.0;281069.0;2018-04-25;quarta-feira;20:30:00;ES;101.0;140;LINHARES                                                    ;Sim                 ;Falta de Atenção à Condução                                                                         ;1;Colisão traseira                                                                                                                                                                                        ;Com Vítimas Feridas;Plena Noite         ;Decrescente         ;Céu Claro           ;Dupla               ;Reta                          ;Sim       ;230082;Automóvel           ;CHEVROLET                                         ;2015.0;Passageiro          ;Lesões Leves        ;54.0;Feminino            ;0;1;0;0;-19.38338077;-40.06748199
56070;130224.0;281067.0;2018-04-25;quarta-feira;20:30:00;ES;101.0;140;LINHARES                                                    ;Sim                 ;Falta de Atenção à Condução                                                                         ;1;Colisão traseira                                                                                                                                                                                        ;Com Vítimas Feridas;Plena Noite         ;Decrescente         ;Céu Claro           ;Dupla               ;Reta                          ;Sim       ;230082;Automóvel           ;CHEVROLET                                         ;2015.0;Passageiro          ;Lesões Leves        ;44.0;Feminino            ;0;1;0;0;-19.38338077;-40.06748199
56090;130237.0;282707.0;2018-04-25;quarta-feira;22:50:00;ES;101.0;257,3;SERRA                                                       ;Sim                 ;Falta de Atenção à Condução                                                                         ;1;Colisão frontal                                                                                                                                                                                         ;Com Vítimas Feridas;Plena Noite         ;Decrescente         ;Nublado             ;Dupla               ;Reta                          ;Sim       ;231392;Automóvel           ;                                                  ;;Condutor            ;Ileso               ;;Ignorado            ;1;0;0;0;-20.12781785;-40.29933122
56091;130237.0;282709.0;2018-04-25;quarta-feira;22:50:00;ES;101.0;257,3;SERRA                                                       ;Sim                 ;Falta de Atenção à Condução                                                                         ;1;Colisão frontal                                                                                                                                                                                         ;Com Vítimas Feridas;Plena Noite         ;Decrescente         ;Nublado             ;Dupla               ;Reta                          ;Sim       ;230123;Motocicleta         ;HONDA                                             ;2007.0;Passageiro          ;Lesões Graves       ;46.0;Masculino           ;0;0;1;0;-20.12781785;-40.29933122
56092;130237.0;282706.0;2018-04-25;quarta-feira;22:50:00;ES;101.0;257,3;SERRA                                                       ;Sim                 ;Falta de Atenção à Condução                                                                         ;1;Colisão frontal                                                                                                                                                                                         ;Com Vítimas Feridas;Plena Noite         ;Decrescente         ;Nublado             ;Dupla               ;Reta                          ;Sim       ;230123;Motocicleta         ;HONDA                                             ;2007.0;Condutor            ;Lesões Graves       ;36.0;Masculino           ;0;0;1;0;-20.12781785;-40.29933122
56271;130329.0;283286.0;2018-04-26;quinta-feira;15:10:00;ES;101.0;174;ARACRUZ                                                     ;Sim                 ;Falta de Atenção à Condução                                                                         ;1;Colisão transversal                                                                                                                                                                                     ;Com Vítimas Feridas;Pleno dia           ;Decrescente         ;Nublado             ;Simples             ;Reta                          ;Sim       ;230338;Motocicleta         ;HONDA                                             ;2001.0;Condutor            ;Lesões Graves       ;29.0;Masculino           ;0;0;1;0;-19.58526087;-40.18997312
56272;130329.0;283281.0;2018-04-26;quinta-feira;15:10:00;ES;101.0;174;ARACRUZ                                                     ;Sim                 ;Falta de Atenção à Condução                                                                         ;1;Colisão transversal                                                                                                                                                                                     ;Com Vítimas Feridas;Pleno dia           ;Decrescente         ;Nublado             ;Simples             ;Reta                          ;Sim       ;230337;Caminhonete         ;FIAT                                              ;2017.0;Condutor            ;Ileso               ;65.0;Masculino           ;1;0;0;0;-19.58526087;-40.18997312
56347;130370.0;281608.0;2018-04-26;quinta-feira;18:05:00;ES;101.0;147,5;LINHARES                                                    ;Sim                 ;Falta de Atenção do Pedestre                                                                        ;1;Atropelamento de Pedestre                                                                                                                                                                               ;Com Vítimas Feridas;Plena Noite         ;Crescente           ;Céu Claro           ;Múltipla            ;Reta                          ;Sim       ;230375;Automóvel           ;VW                                                ;1966.0;Pedestre            ;Lesões Leves        ;14.0;Feminino            ;0;1;0;0;-19.38320366;-40.06706625
56348;130370.0;281605.0;2018-04-26;quinta-feira;18:05:00;ES;101.0;147,5;LINHARES                                                    ;Sim                 ;Falta de Atenção do Pedestre                                                                        ;1;Atropelamento de Pedestre                                                                                                                                                                               ;Com Vítimas Feridas;Plena Noite         ;Crescente           ;Céu Claro           ;Múltipla            ;Reta                          ;Sim       ;230375;Automóvel           ;VW                                                ;1966.0;Condutor            ;Ileso               ;43.0;Masculino           ;1;0;0;0;-19.38320366;-40.06706625
56501;130454.0;283392.0;2018-04-27;sexta-feira;07:15:00;ES;101.0;147;LINHARES                                                    ;Sim                 ;Velocidade Incompatível                                                                             ;1;Colisão traseira                                                                                                                                                                                        ;Com Vítimas Feridas;Pleno dia           ;Decrescente         ;Céu Claro           ;Múltipla            ;Reta                          ;Sim       ;230570;Micro-ônibus        ;FIAT                                              ;2014.0;Condutor            ;Ileso               ;44.0;Masculino           ;1;0;0;0;-19.37564836;-40.06618381
56502;130454.0;283393.0;2018-04-27;sexta-feira;07:15:00;ES;101.0;147;LINHARES                                                    ;Sim                 ;Velocidade Incompatível                                                                             ;1;Colisão traseira                                                                                                                                                                                        ;Com Vítimas Feridas;Pleno dia           ;Decrescente         ;Céu Claro           ;Múltipla            ;Reta                          ;Sim       ;230571;Motocicleta         ;HONDA                                             ;2011.0;Condutor            ;Lesões Leves        ;36.0;Masculino           ;0;1;0;0;-19.37564836;-40.06618381
56533;130469.0;285206.0;2018-04-27;sexta-feira;06:40:00;ES;101.0;64,9;SAO MATEUS                                                  ;Sim                 ;Ingestão de Álcool                                                                                  ;1;Queda de ocupante de veículo                                                                                                                                                                            ;Com Vítimas Feridas;Pleno dia           ;Decrescente         ;Céu Claro           ;Simples             ;Ponte                         ;Sim       ;233399;Bicicleta           ;                                                  ;;Condutor            ;Lesões Leves        ;56.0;Masculino           ;0;1;0;0;-18.70791931;-39.87653017
56606;130506.0;281755.0;2018-04-27;sexta-feira;10:30:00;ES;101.0;61;SAO MATEUS                                                  ;Sim                 ;Falta de Atenção à Condução                                                                         ;1;Colisão traseira                                                                                                                                                                                        ;Com Vítimas Feridas;Pleno dia           ;Decrescente         ;Chuva               ;Simples             ;Reta                          ;Sim       ;230642;Camioneta           ;I                                                 ;2013.0;Condutor            ;Ileso               ;38.0;Masculino           ;1;0;0;0;-18.725925399999998;-39.86011505
56607;130506.0;281754.0;2018-04-27;sexta-feira;10:30:00;ES;101.0;61;SAO MATEUS                                                  ;Sim                 ;Falta de Atenção à Condução                                                                         ;1;Colisão traseira                                                                                                                                                                                        ;Com Vítimas Feridas;Pleno dia           ;Decrescente         ;Chuva               ;Simples             ;Reta                          ;Sim       ;230641;Motocicleta         ;HONDA                                             ;2013.0;Condutor            ;Lesões Leves        ;34.0;Masculino           ;0;1;0;0;-18.725925399999998;-39.86011505
56709;130533.0;282105.0;2018-04-27;sexta-feira;14:00:00;ES;101.0;204,5;JOAO NEIVA                                                  ;Sim                 ;Falta de Atenção à Condução                                                                         ;1;Queda de ocupante de veículo                                                                                                                                                                            ;Com Vítimas Feridas;Pleno dia           ;Decrescente         ;Sol                 ;Simples             ;Curva                         ;Não       ;230940;Motocicleta         ;YAMAHA                                            ;2017.0;Condutor            ;Lesões Leves        ;48.0;Masculino           ;0;1;0;0;-19.74691286;-40.37698209
56834;130591.0;281925.0;2018-04-27;sexta-feira;18:38:00;ES;101.0;283;CARIACICA                                                   ;Sim                 ;Mal Súbito                                                                                          ;1;Capotamento                                                                                                                                                                                             ;Com Vítimas Fatais;Plena Noite         ;Decrescente         ;Céu Claro           ;Múltipla            ;Interseção de vias            ;Não       ;230784;Caminhonete         ;CHEVROLET                                         ;2011.0;Condutor            ;Óbito               ;33.0;Masculino           ;0;0;0;1;-20.2263581;-40.3619638
57005;130672.0;283951.0;2018-04-28;sábado;02:10:00;ES;101.0;421,7;CACHOEIRO DE ITAPEMIRIM                                     ;Sim                 ;Condutor Dormindo                                                                                   ;2;Saída de leito carroçável                                                                                                                                                                               ;Com Vítimas Feridas;Plena Noite         ;Decrescente         ;Céu Claro           ;Simples             ;Reta                          ;Não       ;230988;Caminhão-trator     ;SCANIA                                            ;2014.0;Condutor            ;Ileso               ;33.0;Masculino           ;1;0;0;0;-20.97864;-41.113181
57006;130672.0;283949.0;2018-04-28;sábado;02:10:00;ES;101.0;421,7;CACHOEIRO DE ITAPEMIRIM                                     ;Sim                 ;Condutor Dormindo                                                                                   ;2;Saída de leito carroçável                                                                                                                                                                               ;Com Vítimas Feridas;Plena Noite         ;Decrescente         ;Céu Claro           ;Simples             ;Reta                          ;Não       ;230987;Automóvel           ;HONDA                                             ;2006.0;Condutor            ;Lesões Graves       ;23.0;Masculino           ;0;0;1;0;-20.97864;-41.113181
57182;130747.0;282464.0;2018-04-28;sábado;11:25:00;ES;101.0;147;LINHARES                                                    ;Sim                 ;Desobediência às normas de trânsito pelo condutor                                                   ;1;Queda de ocupante de veículo                                                                                                                                                                            ;Com Vítimas Feridas;Pleno dia           ;Decrescente         ;Céu Claro           ;Dupla               ;Reta                          ;Sim       ;231189;Motocicleta         ;YAMAHA                                            ;2010.0;Condutor            ;Lesões Graves       ;24.0;Masculino           ;0;0;1;0;-19.37961076;-40.06646276
57190;130749.0;284478.0;2018-04-28;sábado;11:40:00;ES;101.0;459,5;MIMOSO DO SUL                                               ;Sim                 ;Velocidade Incompatível                                                                             ;1;Tombamento                                                                                                                                                                                              ;Com Vítimas Feridas;Pleno dia           ;Crescente           ;Chuva               ;Simples             ;Curva                         ;Não       ;232585;Caminhão-trator     ;SCANIA                                            ;2013.0;Condutor            ;Lesões Leves        ;61.0;Masculino           ;0;1;0;0;-21.12934558;-41.28052443
57354;130809.0;282636.0;2018-04-28;sábado;16:30:00;ES;101.0;259,5;SERRA                                                       ;Sim                 ;Falta de Atenção à Condução                                                                         ;1;Colisão lateral                                                                                                                                                                                         ;Com Vítimas Feridas;Pleno dia           ;Crescente           ;Sol                 ;Dupla               ;Curva                         ;Sim       ;231325;Automóvel           ;VW                                                ;2013.0;Condutor            ;Ileso               ;62.0;Masculino           ;1;0;0;0;-20.14394988;-40.29094219
57355;130809.0;282637.0;2018-04-28;sábado;16:30:00;ES;101.0;259,5;SERRA                                                       ;Sim                 ;Falta de Atenção à Condução                                                                         ;1;Colisão lateral                                                                                                                                                                                         ;Com Vítimas Feridas;Pleno dia           ;Crescente           ;Sol                 ;Dupla               ;Curva                         ;Sim       ;231326;Motocicleta         ;HONDA                                             ;2011.0;Condutor            ;Lesões Graves       ;21.0;Masculino           ;0;0;1;0;-20.14394988;-40.29094219
57405;130835.0;282800.0;2018-04-28;sábado;19:20:00;ES;101.0;285;CARIACICA                                                   ;Sim                 ;Desobediência às normas de trânsito pelo condutor                                                   ;2;Queda de ocupante de veículo                                                                                                                                                                            ;Com Vítimas Feridas;Plena Noite         ;Crescente           ;Céu Claro           ;Dupla               ;Retorno Regulamentado         ;Sim       ;231219;Motocicleta         ;HONDA                                             ;2007.0;Condutor            ;Lesões Graves       ;46.0;Masculino           ;0;0;1;0;-20.2517733;-40.3740264
57406;130835.0;282799.0;2018-04-28;sábado;19:20:00;ES;101.0;285;CARIACICA                                                   ;Sim                 ;Desobediência às normas de trânsito pelo condutor                                                   ;2;Queda de ocupante de veículo                                                                                                                                                                            ;Com Vítimas Feridas;Plena Noite         ;Crescente           ;Céu Claro           ;Dupla               ;Retorno Regulamentado         ;Sim       ;231218;Motocicleta         ;HONDA                                             ;2006.0;Condutor            ;Lesões Graves       ;23.0;Masculino           ;0;0;1;0;-20.2517733;-40.3740264
57453;130854.0;284121.0;2018-04-28;sábado;20:40:00;ES;101.0;66;SAO MATEUS                                                  ;Não                 ;Ingestão de Álcool                                                                                  ;2;Tombamento                                                                                                                                                                                              ;Com Vítimas Feridas;Plena Noite         ;Decrescente         ;Céu Claro           ;Múltipla            ;Reta                          ;Sim       ;231274;Motocicleta         ;HONDA                                             ;2006.0;Condutor            ;Lesões Leves        ;23.0;Masculino           ;0;1;0;0;-18.704285000000002;-39.870659
57454;130854.0;284120.0;2018-04-28;sábado;20:40:00;ES;101.0;66;SAO MATEUS                                                  ;Não                 ;Ingestão de Álcool                                                                                  ;2;Tombamento                                                                                                                                                                                              ;Com Vítimas Feridas;Plena Noite         ;Decrescente         ;Céu Claro           ;Múltipla            ;Reta                          ;Sim       ;231231;Automóvel           ;VW                                                ;2011.0;Condutor            ;Ileso               ;42.0;Feminino            ;1;0;0;0;-18.704285000000002;-39.870659
57488;130869.0;286322.0;2018-04-28;sábado;21:40:00;ES;101.0;69;SAO MATEUS                                                  ;Sim                 ;Ingestão de Álcool                                                                                  ;1;Tombamento                                                                                                                                                                                              ;Com Vítimas Feridas;Plena Noite         ;Decrescente         ;Céu Claro           ;Múltipla            ;Reta                          ;Sim       ;234269;Motocicleta         ;YAMAHA                                            ;2014.0;Condutor            ;Lesões Leves        ;34.0;Masculino           ;0;1;0;0;-18.72862818;-39.85968053
57719;130976.0;282827.0;2018-04-29;domingo;11:20:00;ES;101.0;255;SERRA                                                       ;Sim                 ;Falta de Atenção à Condução                                                                         ;1;Colisão traseira                                                                                                                                                                                        ;Sem Vítimas;Pleno dia           ;Decrescente         ;Céu Claro           ;Múltipla            ;Interseção de vias            ;Sim       ;231496;Automóvel           ;I                                                 ;2000.0;Condutor            ;Ileso               ;68.0;Masculino           ;1;0;0;0;-20.11749711;-40.31472802
57720;130976.0;282824.0;2018-04-29;domingo;11:20:00;ES;101.0;255;SERRA                                                       ;Sim                 ;Falta de Atenção à Condução                                                                         ;1;Colisão traseira                                                                                                                                                                                        ;Sem Vítimas;Pleno dia           ;Decrescente         ;Céu Claro           ;Múltipla            ;Interseção de vias            ;Sim       ;231495;Ônibus              ;M.BENZ                                            ;2007.0;Condutor            ;Ileso               ;27.0;Masculino           ;1;0;0;0;-20.11749711;-40.31472802
57721;130977.0;282851.0;2018-04-29;domingo;13:10:00;ES;101.0;147,8;LINHARES                                                    ;Sim                 ;Falta de Atenção à Condução                                                                         ;1;Queda de ocupante de veículo                                                                                                                                                                            ;Com Vítimas Feridas;Pleno dia           ;Crescente           ;Nublado             ;Múltipla            ;Reta                          ;Sim       ;231500;Motoneta            ;HONDA                                             ;2014.0;Passageiro          ;Lesões Leves        ;54.0;Feminino            ;0;1;0;0;-19.39224628;-40.06661296
57722;130977.0;282847.0;2018-04-29;domingo;13:10:00;ES;101.0;147,8;LINHARES                                                    ;Sim                 ;Falta de Atenção à Condução                                                                         ;1;Queda de ocupante de veículo                                                                                                                                                                            ;Com Vítimas Feridas;Pleno dia           ;Crescente           ;Nublado             ;Múltipla            ;Reta                          ;Sim       ;231500;Motoneta            ;HONDA                                             ;2014.0;Condutor            ;Lesões Graves       ;50.0;Masculino           ;0;0;1;0;-19.39224628;-40.06661296
58039;131124.0;283133.0;2018-04-30;segunda-feira;05:30:00;ES;101.0;304;VIANA                                                       ;Sim                 ;Velocidade Incompatível                                                                             ;1;Colisão com objeto estático                                                                                                                                                                             ;Sem Vítimas;Amanhecer           ;Crescente           ;Chuva               ;Dupla               ;Reta                          ;Sim       ;231759;Caminhão            ;M.BENZ                                            ;2001.0;Condutor            ;Ileso               ;63.0;Masculino           ;1;0;0;0;-20.38275801;-40.45932323
58246;131221.0;285404.0;2018-04-30;segunda-feira;16:40:00;ES;101.0;270;SERRA                                                       ;Sim                 ;Objeto estático sobre o leito carroçável                                                            ;1;Queda de ocupante de veículo                                                                                                                                                                            ;Com Vítimas Feridas;Pleno dia           ;Crescente           ;Céu Claro           ;Múltipla            ;Reta                          ;Sim       ;233576;Bicicleta           ;                                                  ;;Condutor            ;Lesões Leves        ;64.0;Masculino           ;0;1;0;0;-20.096697199999998;-40.3392499
58249;131223.0;283424.0;2018-04-30;segunda-feira;17:30:00;ES;101.0;305;VIANA                                                       ;Sim                 ;Pista Escorregadia                                                                                  ;1;Tombamento                                                                                                                                                                                              ;Com Vítimas Feridas;Pleno dia           ;Decrescente         ;Céu Claro           ;Simples             ;Rotatória                     ;Não       ;231980;Motocicleta         ;HONDA                                             ;2007.0;Passageiro          ;Lesões Leves        ;22.0;Feminino            ;0;1;0;0;-20.38481969;-40.46291471
58250;131223.0;283423.0;2018-04-30;segunda-feira;17:30:00;ES;101.0;305;VIANA                                                       ;Sim                 ;Pista Escorregadia                                                                                  ;1;Tombamento                                                                                                                                                                                              ;Com Vítimas Feridas;Pleno dia           ;Decrescente         ;Céu Claro           ;Simples             ;Rotatória                     ;Não       ;231980;Motocicleta         ;HONDA                                             ;2007.0;Condutor            ;Lesões Leves        ;25.0;Masculino           ;0;1;0;0;-20.38481969;-40.46291471
58273;131234.0;288425.0;2018-04-30;segunda-feira;18:00:00;ES;101.0;69,5;SAO MATEUS                                                  ;Sim                 ;Falta de Atenção à Condução                                                                         ;2;Saída de leito carroçável                                                                                                                                                                               ;Com Vítimas Feridas;Pleno dia           ;Decrescente         ;Nublado             ;Simples             ;Não Informado                 ;Sim       ;232000;Automóvel           ;VW                                                ;2017.0;Condutor            ;Lesões Leves        ;50.0;Feminino            ;0;1;0;0;-18.74849006;-39.86202054
58274;131234.0;288418.0;2018-04-30;segunda-feira;18:00:00;ES;101.0;69,5;SAO MATEUS                                                  ;Sim                 ;Falta de Atenção à Condução                                                                         ;2;Saída de leito carroçável                                                                                                                                                                               ;Com Vítimas Feridas;Pleno dia           ;Decrescente         ;Nublado             ;Simples             ;Não Informado                 ;Sim       ;231999;Automóvel           ;I                                                 ;2012.0;Condutor            ;Lesões Leves        ;46.0;Masculino           ;0;1;0;0;-18.74849006;-39.86202054
58275;131234.0;288424.0;2018-04-30;segunda-feira;18:00:00;ES;101.0;69,5;SAO MATEUS                                                  ;Sim                 ;Falta de Atenção à Condução                                                                         ;2;Saída de leito carroçável                                                                                                                                                                               ;Com Vítimas Feridas;Pleno dia           ;Decrescente         ;Nublado             ;Simples             ;Não Informado                 ;Sim       ;231999;Automóvel           ;I                                                 ;2012.0;Passageiro          ;Lesões Leves        ;45.0;Feminino            ;0;1;0;0;-18.74849006;-39.86202054
58276;131234.0;288419.0;2018-04-30;segunda-feira;18:00:00;ES;101.0;69,5;SAO MATEUS                                                  ;Sim                 ;Falta de Atenção à Condução                                                                         ;2;Saída de leito carroçável                                                                                                                                                                               ;Com Vítimas Feridas;Pleno dia           ;Decrescente         ;Nublado             ;Simples             ;Não Informado                 ;Sim       ;231999;Automóvel           ;I                                                 ;2012.0;Passageiro          ;Lesões Leves        ;31.0;Masculino           ;0;1;0;0;-18.74849006;-39.86202054
58282;131239.0;283585.0;2018-04-30;segunda-feira;18:15:00;ES;101.0;204;JOAO NEIVA                                                  ;Sim                 ;Desobediência às normas de trânsito pelo condutor                                                   ;1;Colisão traseira                                                                                                                                                                                        ;Com Vítimas Feridas;Plena Noite         ;Decrescente         ;Nublado             ;Simples             ;Reta                          ;Sim       ;232021;Automóvel           ;FIAT                                              ;2003.0;Condutor            ;Ileso               ;45.0;Masculino           ;1;0;0;0;-19.75636423;-40.38024902
58283;131239.0;283581.0;2018-04-30;segunda-feira;18:15:00;ES;101.0;204;JOAO NEIVA                                                  ;Sim                 ;Desobediência às normas de trânsito pelo condutor                                                   ;1;Colisão traseira                                                                                                                                                                                        ;Com Vítimas Feridas;Plena Noite         ;Decrescente         ;Nublado             ;Simples             ;Reta                          ;Sim       ;232020;Caminhonete         ;VW                                                ;2013.0;Condutor            ;Ileso               ;;Masculino           ;1;0;0;0;-19.75636423;-40.38024902
58284;131239.0;283586.0;2018-04-30;segunda-feira;18:15:00;ES;101.0;204;JOAO NEIVA                                                  ;Sim                 ;Desobediência às normas de trânsito pelo condutor                                                   ;1;Colisão traseira                                                                                                                                                                                        ;Com Vítimas Feridas;Plena Noite         ;Decrescente         ;Nublado             ;Simples             ;Reta                          ;Sim       ;232021;Automóvel           ;FIAT                                              ;2003.0;Passageiro          ;Lesões Leves        ;42.0;Feminino            ;0;1;0;0;-19.75636423;-40.38024902
58320;131254.0;288096.0;2018-04-30;segunda-feira;19:00:00;ES;101.0;264;SERRA                                                       ;Sim                 ;Desobediência às normas de trânsito pelo condutor                                                   ;1;Colisão transversal                                                                                                                                                                                     ;Sem Vítimas;Plena Noite         ;Crescente           ;Céu Claro           ;Dupla               ;Reta                          ;Sim       ;232808;Automóvel           ;VW                                                ;2013.0;Condutor            ;Ileso               ;32.0;Masculino           ;1;0;0;0;-20.17617874;-40.26706517
58321;131254.0;288095.0;2018-04-30;segunda-feira;19:00:00;ES;101.0;264;SERRA                                                       ;Sim                 ;Desobediência às normas de trânsito pelo condutor                                                   ;1;Colisão transversal                                                                                                                                                                                     ;Sem Vítimas;Plena Noite         ;Crescente           ;Céu Claro           ;Dupla               ;Reta                          ;Sim       ;232807;Automóvel           ;GM                                                ;2004.0;Condutor            ;Ileso               ;36.0;Masculino           ;1;0;0;0;-20.17617874;-40.26706517
58468;131312.0;283689.0;2018-05-01;terça-feira;06:20:00;ES;101.0;218;IBIRACU                                                     ;Sim                 ;Condutor Dormindo                                                                                   ;1;Saída de leito carroçável                                                                                                                                                                               ;Com Vítimas Feridas;Pleno dia           ;Crescente           ;Sol                 ;Simples             ;Reta                          ;Não       ;232175;Automóvel           ;VW                                                ;2010.0;Passageiro          ;Lesões Leves        ;21.0;Masculino           ;0;1;0;0;-19.84374266;-40.38587764
58469;131312.0;283686.0;2018-05-01;terça-feira;06:20:00;ES;101.0;218;IBIRACU                                                     ;Sim                 ;Condutor Dormindo                                                                                   ;1;Saída de leito carroçável                                                                                                                                                                               ;Com Vítimas Feridas;Pleno dia           ;Crescente           ;Sol                 ;Simples             ;Reta                          ;Não       ;232175;Automóvel           ;VW                                                ;2010.0;Condutor            ;Ileso               ;24.0;Masculino           ;1;0;0;0;-19.84374266;-40.38587764
58616;131374.0;284005.0;2018-05-01;terça-feira;15:10:00;ES;101.0;339;GUARAPARI                                                   ;Sim                 ;Falta de Atenção à Condução                                                                         ;1;Colisão traseira                                                                                                                                                                                        ;Sem Vítimas;Pleno dia           ;Decrescente         ;Céu Claro           ;Simples             ;Curva                         ;Não       ;232364;Automóvel           ;VW                                                ;1998.0;Condutor            ;Ileso               ;41.0;Masculino           ;1;0;0;0;-20.64348221;-40.55865079
58617;131374.0;284001.0;2018-05-01;terça-feira;15:10:00;ES;101.0;339;GUARAPARI                                                   ;Sim                 ;Falta de Atenção à Condução                                                                         ;1;Colisão traseira                                                                                                                                                                                        ;Sem Vítimas;Pleno dia           ;Decrescente         ;Céu Claro           ;Simples             ;Curva                         ;Não       ;232363;Automóvel           ;HYUNDAI                                           ;2012.0;Condutor            ;Ileso               ;27.0;Feminino            ;1;0;0;0;-20.64348221;-40.55865079
58701;131409.0;283944.0;2018-05-01;terça-feira;18:40:00;ES;101.0;70;SAO MATEUS                                                  ;Sim                 ;Desobediência às normas de trânsito pelo condutor                                                   ;1;Colisão transversal                                                                                                                                                                                     ;Com Vítimas Feridas;Plena Noite         ;Decrescente         ;Céu Claro           ;Simples             ;Reta                          ;Não       ;232371;Motocicleta         ;HONDA                                             ;1991.0;Condutor            ;Lesões Graves       ;61.0;Masculino           ;0;0;1;0;-18.720545;-39.865883000000004
58788;131457.0;285560.0;2018-05-01;terça-feira;22:00:00;ES;101.0;325,2;GUARAPARI                                                   ;Não                 ;Desobediência às normas de trânsito pelo condutor                                                   ;3;Tombamento                                                                                                                                                                                              ;Com Vítimas Feridas;Plena Noite         ;Crescente           ;Céu Claro           ;Simples             ;Reta                          ;Não       ;232410;Automóvel           ;GM                                                ;2004.0;Passageiro          ;Lesões Leves        ;;Masculino           ;0;1;0;0;-20.55730492;-40.48040539
58789;131457.0;285557.0;2018-05-01;terça-feira;22:00:00;ES;101.0;325,2;GUARAPARI                                                   ;Não                 ;Desobediência às normas de trânsito pelo condutor                                                   ;3;Tombamento                                                                                                                                                                                              ;Com Vítimas Feridas;Plena Noite         ;Crescente           ;Céu Claro           ;Simples             ;Reta                          ;Não       ;232410;Automóvel           ;GM                                                ;2004.0;Passageiro          ;Lesões Leves        ;24.0;Masculino           ;0;1;0;0;-20.55730492;-40.48040539
58790;131457.0;285556.0;2018-05-01;terça-feira;22:00:00;ES;101.0;325,2;GUARAPARI                                                   ;Não                 ;Desobediência às normas de trânsito pelo condutor                                                   ;3;Tombamento                                                                                                                                                                                              ;Com Vítimas Feridas;Plena Noite         ;Crescente           ;Céu Claro           ;Simples             ;Reta                          ;Não       ;232410;Automóvel           ;GM                                                ;2004.0;Condutor            ;Ileso               ;36.0;Masculino           ;1;0;0;0;-20.55730492;-40.48040539
58791;131457.0;285554.0;2018-05-01;terça-feira;22:00:00;ES;101.0;325,2;GUARAPARI                                                   ;Não                 ;Desobediência às normas de trânsito pelo condutor                                                   ;3;Tombamento                                                                                                                                                                                              ;Com Vítimas Feridas;Plena Noite         ;Crescente           ;Céu Claro           ;Simples             ;Reta                          ;Não       ;232411;Automóvel           ;VW                                                ;2010.0;Passageiro          ;Ileso               ;43.0;Feminino            ;1;0;0;0;-20.55730492;-40.48040539