;id;pesid;data_inversa;dia_semana;horario;uf;br;km;municipio;causa_principal;causa_acidente;ordem_tipo_acidente;tipo_acidente;classificacao_acidente;fase_dia;sentido_via;condicao_metereologica;tipo_pista;tracado_via;uso_solo;id_veiculo;tipo_veiculo;marca;ano_fabricacao_veiculo;tipo_envolvido;estado_fisico;idade;sexo;ilesos;feridos_leves;feridos_graves;mortos;latitude;longitude
61011;132556.0;287997.0;2018-05-07;segunda-feira;02:31:00;ES;101.0;295,6;CARIACICA                                                   ;Sim                 ;Desobediência às normas de trânsito pelo condutor                                                   ;1;Queda de ocupante de veículo                                                                                                                                                                            ;Com Vítimas Feridas;Plena Noite         ;Crescente           ;Nublado             ;Dupla               ;Desvio Temporário             ;Sim       ;234413;Automóvel           ;FIAT                                              ;;Passageiro          ;Lesões Graves       ;42.0;Masculino           ;0;0;1;0;-20.33723115;-40.40231287
61039;132573.0;286437.0;2018-05-07;segunda-feira;07:40:00;ES;101.0;377;ICONHA                                                      ;Sim                 ;Falta de Atenção à Condução                                                                         ;1;Colisão transversal                                                                                                                                                                                     ;Com Vítimas Feridas;Pleno dia           ;Crescente           ;Nublado             ;Simples             ;Reta                          ;Sim       ;234355;Caminhonete         ;FIAT                                              ;2012.0;Condutor            ;Ileso               ;29.0;Masculino           ;1;0;0;0;-20.79266791;-40.80729961
61040;132573.0;286434.0;2018-05-07;segunda-feira;07:40:00;ES;101.0;377;ICONHA                                                      ;Sim                 ;Falta de Atenção à Condução                                                                         ;1;Colisão transversal                                                                                                                                                                                     ;Com Vítimas Feridas;Pleno dia           ;Crescente           ;Nublado             ;Simples             ;Reta                          ;Sim       ;234354;Motocicleta         ;HONDA                                             ;2008.0;Condutor            ;Lesões Leves        ;51.0;Masculino           ;0;1;0;0;-20.79266791;-40.80729961
61053;132584.0;286485.0;2018-05-07;segunda-feira;09:20:00;ES;101.0;147,3;LINHARES                                                    ;Sim                 ;Falta de Atenção do Pedestre                                                                        ;1;Atropelamento de Pedestre                                                                                                                                                                               ;Com Vítimas Feridas;Pleno dia           ;Crescente           ;Nublado             ;Simples             ;Reta                          ;Sim       ;234394;Caminhão-trator     ;M.BENZ                                            ;2013.0;Condutor            ;Ileso               ;50.0;Masculino           ;1;0;0;0;-19.38613358;-40.06746054
61054;132584.0;286487.0;2018-05-07;segunda-feira;09:20:00;ES;101.0;147,3;LINHARES                                                    ;Sim                 ;Falta de Atenção do Pedestre                                                                        ;1;Atropelamento de Pedestre                                                                                                                                                                               ;Com Vítimas Feridas;Pleno dia           ;Crescente           ;Nublado             ;Simples             ;Reta                          ;Sim       ;234396;Semireboque         ;SR                                                ;2014.0;Pedestre            ;Lesões Graves       ;32.0;Masculino           ;0;0;1;0;-19.38613358;-40.06746054
61129;132620.0;288417.0;2018-05-07;segunda-feira;13:00:00;ES;101.0;247;SERRA                                                       ;Sim                 ;Não guardar distância de segurança                                                                  ;1;Colisão traseira                                                                                                                                                                                        ;Com Vítimas Feridas;Pleno dia           ;Decrescente         ;Céu Claro           ;Simples             ;Reta                          ;Não       ;234432;Motocicleta         ;HONDA                                             ;2010.0;Condutor            ;Lesões Leves        ;20.0;Masculino           ;0;1;0;0;-20.06768707;-40.36959529
61130;132620.0;288412.0;2018-05-07;segunda-feira;13:00:00;ES;101.0;247;SERRA                                                       ;Sim                 ;Não guardar distância de segurança                                                                  ;1;Colisão traseira                                                                                                                                                                                        ;Com Vítimas Feridas;Pleno dia           ;Decrescente         ;Céu Claro           ;Simples             ;Reta                          ;Não       ;234431;Caminhão            ;M.BENZ                                            ;2013.0;Condutor            ;Ileso               ;38.0;Masculino           ;1;0;0;0;-20.06768707;-40.36959529
61157;132638.0;286556.0;2018-04-17;terça-feira;20:00:00;ES;101.0;258;SERRA                                                       ;Sim                 ;Falta de Atenção à Condução                                                                         ;1;Colisão traseira                                                                                                                                                                                        ;Com Vítimas Feridas;Plena Noite         ;Crescente           ;Chuva               ;Dupla               ;Reta                          ;Sim       ;234448;Automóvel           ;FORD                                              ;2010.0;Condutor            ;Ileso               ;29.0;Feminino            ;1;0;0;0;-20.12944472;-40.29879570000001
61158;132638.0;286546.0;2018-04-17;terça-feira;20:00:00;ES;101.0;258;SERRA                                                       ;Sim                 ;Falta de Atenção à Condução                                                                         ;1;Colisão traseira                                                                                                                                                                                        ;Com Vítimas Feridas;Plena Noite         ;Crescente           ;Chuva               ;Dupla               ;Reta                          ;Sim       ;234447;Motocicleta         ;HONDA                                             ;2008.0;Condutor            ;Ileso               ;30.0;Masculino           ;1;0;0;0;-20.12944472;-40.29879570000001
61159;132638.0;286547.0;2018-04-17;terça-feira;20:00:00;ES;101.0;258;SERRA                                                       ;Sim                 ;Falta de Atenção à Condução                                                                         ;1;Colisão traseira                                                                                                                                                                                        ;Com Vítimas Feridas;Plena Noite         ;Crescente           ;Chuva               ;Dupla               ;Reta                          ;Sim       ;234447;Motocicleta         ;HONDA                                             ;2008.0;Passageiro          ;Lesões Leves        ;10.0;Masculino           ;0;1;0;0;-20.12944472;-40.29879570000001
61164;132645.0;286637.0;2018-05-07;segunda-feira;15:10:00;ES;101.0;266,2;SERRA                                                       ;Sim                 ;Falta de Atenção à Condução                                                                         ;1;Colisão lateral                                                                                                                                                                                         ;Com Vítimas Feridas;Pleno dia           ;Crescente           ;Céu Claro           ;Múltipla            ;Reta                          ;Sim       ;234513;Motocicleta         ;HONDA                                             ;2016.0;Condutor            ;Lesões Leves        ;33.0;Feminino            ;0;1;0;0;-20.19299552;-40.26875496
61165;132645.0;286636.0;2018-05-07;segunda-feira;15:10:00;ES;101.0;266,2;SERRA                                                       ;Sim                 ;Falta de Atenção à Condução                                                                         ;1;Colisão lateral                                                                                                                                                                                         ;Com Vítimas Feridas;Pleno dia           ;Crescente           ;Céu Claro           ;Múltipla            ;Reta                          ;Sim       ;234512;Automóvel           ;VW                                                ;2009.0;Condutor            ;Ileso               ;23.0;Masculino           ;1;0;0;0;-20.19299552;-40.26875496
61212;132671.0;286729.0;2018-05-07;segunda-feira;17:40:00;ES;101.0;79;SAO MATEUS                                                  ;Sim                 ;Defeito Mecânico no Veículo                                                                         ;1;Tombamento                                                                                                                                                                                              ;Com Vítimas Feridas;Plena Noite         ;Crescente           ;Céu Claro           ;Simples             ;Não Informado                 ;Não       ;234618;Motocicleta         ;YAMAHA                                            ;2013.0;Condutor            ;Lesões Graves       ;25.0;Masculino           ;0;0;1;0;-18.8133272;-39.90055472
61213;132671.0;286730.0;2018-05-07;segunda-feira;17:40:00;ES;101.0;79;SAO MATEUS                                                  ;Sim                 ;Defeito Mecânico no Veículo                                                                         ;1;Tombamento                                                                                                                                                                                              ;Com Vítimas Feridas;Plena Noite         ;Crescente           ;Céu Claro           ;Simples             ;Não Informado                 ;Não       ;234618;Motocicleta         ;YAMAHA                                            ;2013.0;Passageiro          ;Lesões Graves       ;23.0;Feminino            ;0;0;1;0;-18.8133272;-39.90055472
61298;132720.0;286727.0;2018-03-29;quinta-feira;12:25:00;ES;101.0;424,2;ATILIO VIVACQUA                                             ;Sim                 ;Velocidade Incompatível                                                                             ;1;Saída de leito carroçável                                                                                                                                                                               ;Com Vítimas Feridas;Pleno dia           ;Decrescente         ;Chuva               ;Simples             ;Reta                          ;Não       ;234614;Automóvel           ;HONDA                                             ;2007.0;Condutor            ;Ileso               ;28.0;Masculino           ;1;0;0;0;-20.99606063;-41.12594604
61299;132720.0;286726.0;2018-03-29;quinta-feira;12:25:00;ES;101.0;424,2;ATILIO VIVACQUA                                             ;Sim                 ;Velocidade Incompatível                                                                             ;1;Saída de leito carroçável                                                                                                                                                                               ;Com Vítimas Feridas;Pleno dia           ;Decrescente         ;Chuva               ;Simples             ;Reta                          ;Não       ;234614;Automóvel           ;HONDA                                             ;2007.0;Passageiro          ;Ileso               ;1.0;Feminino            ;1;0;0;0;-20.99606063;-41.12594604
61300;132720.0;286725.0;2018-03-29;quinta-feira;12:25:00;ES;101.0;424,2;ATILIO VIVACQUA                                             ;Sim                 ;Velocidade Incompatível                                                                             ;1;Saída de leito carroçável                                                                                                                                                                               ;Com Vítimas Feridas;Pleno dia           ;Decrescente         ;Chuva               ;Simples             ;Reta                          ;Não       ;234614;Automóvel           ;HONDA                                             ;2007.0;Passageiro          ;Ileso               ;8.0;Masculino           ;1;0;0;0;-20.99606063;-41.12594604
61301;132720.0;286724.0;2018-03-29;quinta-feira;12:25:00;ES;101.0;424,2;ATILIO VIVACQUA                                             ;Sim                 ;Velocidade Incompatível                                                                             ;1;Saída de leito carroçável                                                                                                                                                                               ;Com Vítimas Feridas;Pleno dia           ;Decrescente         ;Chuva               ;Simples             ;Reta                          ;Não       ;234614;Automóvel           ;HONDA                                             ;2007.0;Passageiro          ;Lesões Leves        ;27.0;Feminino            ;0;1;0;0;-20.99606063;-41.12594604
61305;132723.0;286742.0;2018-02-28;quarta-feira;20:30:00;ES;101.0;294;CARIACICA                                                   ;Sim                 ;Velocidade Incompatível                                                                             ;1;Colisão com objeto estático                                                                                                                                                                             ;Com Vítimas Fatais;Plena Noite         ;Decrescente         ;Céu Claro           ;Dupla               ;Não Informado                 ;Sim       ;234626;Motocicleta         ;HONDA                                             ;2008.0;Passageiro          ;Óbito               ;20.0;Masculino           ;0;0;0;1;-20.32312315;-40.3950119
61306;132723.0;286743.0;2018-02-28;quarta-feira;20:30:00;ES;101.0;294;CARIACICA                                                   ;Sim                 ;Velocidade Incompatível                                                                             ;1;Colisão com objeto estático                                                                                                                                                                             ;Com Vítimas Fatais;Plena Noite         ;Decrescente         ;Céu Claro           ;Dupla               ;Não Informado                 ;Sim       ;234626;Motocicleta         ;HONDA                                             ;2008.0;Condutor            ;Óbito               ;21.0;Masculino           ;0;0;0;1;-20.32312315;-40.3950119
61395;132790.0;287194.0;2018-05-08;terça-feira;08:30:00;ES;101.0;270,3;SERRA                                                       ;Sim                 ;Falta de Atenção à Condução                                                                         ;3;Atropelamento de Pedestre                                                                                                                                                                               ;Com Vítimas Feridas;Pleno dia           ;Decrescente         ;Ignorado            ;Múltipla            ;Reta                          ;Sim       ;235007;Motocicleta         ;HONDA                                             ;2007.0;Condutor            ;Lesões Leves        ;20.0;Masculino           ;0;1;0;0;-20.22750957;-40.27110994
61396;132790.0;287188.0;2018-05-08;terça-feira;08:30:00;ES;101.0;270,3;SERRA                                                       ;Sim                 ;Falta de Atenção à Condução                                                                         ;3;Atropelamento de Pedestre                                                                                                                                                                               ;Com Vítimas Feridas;Pleno dia           ;Decrescente         ;Ignorado            ;Múltipla            ;Reta                          ;Sim       ;234989;Caminhonete         ;FIAT                                              ;2011.0;Condutor            ;Ileso               ;24.0;Masculino           ;1;0;0;0;-20.22750957;-40.27110994
61473;132831.0;287353.0;2018-05-08;terça-feira;12:50:00;ES;101.0;377;ICONHA                                                      ;Sim                 ;Desobediência às normas de trânsito pelo condutor                                                   ;1;Colisão transversal                                                                                                                                                                                     ;Com Vítimas Feridas;Pleno dia           ;Decrescente         ;Sol                 ;Simples             ;Reta                          ;Sim       ;234882;Automóvel           ;CHEVROLET                                         ;2013.0;Condutor            ;Ileso               ;41.0;Feminino            ;1;0;0;0;-20.79324965;-40.80960095
61474;132831.0;287354.0;2018-05-08;terça-feira;12:50:00;ES;101.0;377;ICONHA                                                      ;Sim                 ;Desobediência às normas de trânsito pelo condutor                                                   ;1;Colisão transversal                                                                                                                                                                                     ;Com Vítimas Feridas;Pleno dia           ;Decrescente         ;Sol                 ;Simples             ;Reta                          ;Sim       ;234883;Bicicleta           ;                                                  ;;Condutor            ;Lesões Leves        ;60.0;Feminino            ;0;1;0;0;-20.79324965;-40.80960095
61536;132867.0;287359.0;2018-05-08;terça-feira;16:00:00;ES;101.0;208,9;IBIRACU                                                     ;Sim                 ;Sinalização da via insuficiente ou inadequada                                                       ;1;Colisão traseira                                                                                                                                                                                        ;Com Vítimas Feridas;Pleno dia           ;Crescente           ;Nublado             ;Simples             ;Não Informado                 ;Não       ;235121;Motocicleta         ;HONDA                                             ;2010.0;Passageiro          ;Ileso               ;23.0;Masculino           ;1;0;0;0;-19.77339952;-40.37161714
61537;132867.0;287358.0;2018-05-08;terça-feira;16:00:00;ES;101.0;208,9;IBIRACU                                                     ;Sim                 ;Sinalização da via insuficiente ou inadequada                                                       ;1;Colisão traseira                                                                                                                                                                                        ;Com Vítimas Feridas;Pleno dia           ;Crescente           ;Nublado             ;Simples             ;Não Informado                 ;Não       ;235121;Motocicleta         ;HONDA                                             ;2010.0;Condutor            ;Lesões Leves        ;49.0;Masculino           ;0;1;0;0;-19.77339952;-40.37161714
61538;132867.0;287355.0;2018-05-08;terça-feira;16:00:00;ES;101.0;208,9;IBIRACU                                                     ;Sim                 ;Sinalização da via insuficiente ou inadequada                                                       ;1;Colisão traseira                                                                                                                                                                                        ;Com Vítimas Feridas;Pleno dia           ;Crescente           ;Nublado             ;Simples             ;Não Informado                 ;Não       ;235120;Automóvel           ;VW                                                ;2013.0;Condutor            ;Ileso               ;36.0;Feminino            ;1;0;0;0;-19.77339952;-40.37161714
61649;132939.0;288977.0;2018-05-08;terça-feira;22:35:00;ES;101.0;266,4;SERRA                                                       ;Sim                 ;Desobediência às normas de trânsito pelo condutor                                                   ;1;Colisão transversal                                                                                                                                                                                     ;Com Vítimas Feridas;Plena Noite         ;Crescente           ;Chuva               ;Múltipla            ;Interseção de vias            ;Sim       ;236482;Ônibus              ;MBENZ                                             ;2010.0;Condutor            ;Ileso               ;57.0;Masculino           ;1;0;0;0;-20.0967099;-40.339276
61650;132939.0;288951.0;2018-05-08;terça-feira;22:35:00;ES;101.0;266,4;SERRA                                                       ;Sim                 ;Desobediência às normas de trânsito pelo condutor                                                   ;1;Colisão transversal                                                                                                                                                                                     ;Com Vítimas Feridas;Plena Noite         ;Crescente           ;Chuva               ;Múltipla            ;Interseção de vias            ;Sim       ;236470;Caminhonete         ;FIAT                                              ;2015.0;Condutor            ;Lesões Leves        ;46.0;Masculino           ;0;1;0;0;-20.0967099;-40.339276
61651;132939.0;288954.0;2018-05-08;terça-feira;22:35:00;ES;101.0;266,4;SERRA                                                       ;Sim                 ;Desobediência às normas de trânsito pelo condutor                                                   ;1;Colisão transversal                                                                                                                                                                                     ;Com Vítimas Feridas;Plena Noite         ;Crescente           ;Chuva               ;Múltipla            ;Interseção de vias            ;Sim       ;236470;Caminhonete         ;FIAT                                              ;2015.0;Passageiro          ;Lesões Leves        ;49.0;Masculino           ;0;1;0;0;-20.0967099;-40.339276
61799;133024.0;287722.0;2018-05-09;quarta-feira;12:00:00;ES;101.0;342,5;GUARAPARI                                                   ;Sim                 ;Avarias e/ou desgaste excessivo no pneu                                                             ;1;Saída de leito carroçável                                                                                                                                                                               ;Com Vítimas Feridas;Pleno dia           ;Crescente           ;Chuva               ;Simples             ;Reta                          ;Não       ;235288;Automóvel           ;HONDA                                             ;2015.0;Passageiro          ;Lesões Leves        ;39.0;Masculino           ;0;1;0;0;-20.65585595;-40.57933599
61800;133024.0;287696.0;2018-05-09;quarta-feira;12:00:00;ES;101.0;342,5;GUARAPARI                                                   ;Sim                 ;Avarias e/ou desgaste excessivo no pneu                                                             ;1;Saída de leito carroçável                                                                                                                                                                               ;Com Vítimas Feridas;Pleno dia           ;Crescente           ;Chuva               ;Simples             ;Reta                          ;Não       ;235288;Automóvel           ;HONDA                                             ;2015.0;Condutor            ;Lesões Leves        ;35.0;Masculino           ;0;1;0;0;-20.65585595;-40.57933599
61804;133029.0;287525.0;2018-05-09;quarta-feira;12:20:00;ES;101.0;301,5;VIANA                                                       ;Sim                 ;Falta de Atenção à Condução                                                                         ;1;Colisão traseira                                                                                                                                                                                        ;Sem Vítimas;Pleno dia           ;Decrescente         ;Chuva               ;Dupla               ;Curva                         ;Sim       ;235270;Caminhão            ;VW                                                ;2011.0;Condutor            ;Ileso               ;41.0;Masculino           ;1;0;0;0;-20.3682318;-40.4438708
61805;133029.0;287521.0;2018-05-09;quarta-feira;12:20:00;ES;101.0;301,5;VIANA                                                       ;Sim                 ;Falta de Atenção à Condução                                                                         ;1;Colisão traseira                                                                                                                                                                                        ;Sem Vítimas;Pleno dia           ;Decrescente         ;Chuva               ;Dupla               ;Curva                         ;Sim       ;235267;Caminhão            ;VW                                                ;2011.0;Condutor            ;Ileso               ;50.0;Masculino           ;1;0;0;0;-20.3682318;-40.4438708
62031;133203.0;288134.0;2018-05-10;quinta-feira;08:00:00;ES;101.0;0,3;SERRA                                                       ;Sim                 ;Não guardar distância de segurança                                                                  ;1;Colisão traseira                                                                                                                                                                                        ;Com Vítimas Feridas;Pleno dia           ;Crescente           ;Céu Claro           ;Múltipla            ;Reta                          ;Sim       ;235748;Automóvel           ;TOYOTA                                            ;2016.0;Condutor            ;Ileso               ;50.0;Masculino           ;1;0;0;0;-20.23876139;-40.2787596
62032;133203.0;288118.0;2018-05-10;quinta-feira;08:00:00;ES;101.0;0,3;SERRA                                                       ;Sim                 ;Não guardar distância de segurança                                                                  ;1;Colisão traseira                                                                                                                                                                                        ;Com Vítimas Feridas;Pleno dia           ;Crescente           ;Céu Claro           ;Múltipla            ;Reta                          ;Sim       ;235747;Motocicleta         ;HONDA                                             ;2005.0;Condutor            ;Lesões Leves        ;58.0;Masculino           ;0;1;0;0;-20.23876139;-40.2787596
62147;133267.0;288318.0;2018-05-10;quinta-feira;14:45:00;ES;101.0;148,9;LINHARES                                                    ;Sim                 ;Desobediência às normas de trânsito pelo pedestre                                                   ;2;Capotamento                                                                                                                                                                                             ;Com Vítimas Feridas;Pleno dia           ;Crescente           ;Céu Claro           ;Múltipla            ;Não Informado                 ;Sim       ;235772;Motoneta            ;HONDA                                             ;2008.0;Condutor            ;Lesões Leves        ;33.0;Masculino           ;0;1;0;0;-19.39657765;-40.06408095
62148;133267.0;288319.0;2018-05-10;quinta-feira;14:45:00;ES;101.0;148,9;LINHARES                                                    ;Sim                 ;Desobediência às normas de trânsito pelo pedestre                                                   ;2;Capotamento                                                                                                                                                                                             ;Com Vítimas Feridas;Pleno dia           ;Crescente           ;Céu Claro           ;Múltipla            ;Não Informado                 ;Sim       ;235772;Motoneta            ;HONDA                                             ;2008.0;Pedestre            ;Lesões Graves       ;51.0;Masculino           ;0;0;1;0;-19.39657765;-40.06408095
62293;133418.0;288641.0;2018-05-11;sexta-feira;10:20:00;ES;101.0;20;CONCEICAO DA BARRA                                          ;Sim                 ;Agressão Externa                                                                                    ;1;Saída de leito carroçável                                                                                                                                                                               ;Com Vítimas Feridas;Pleno dia           ;Crescente           ;Céu Claro           ;Simples             ;Curva                         ;Não       ;236052;Automóvel           ;VW                                                ;2007.0;Passageiro          ;Lesões Leves        ;25.0;Feminino            ;0;1;0;0;-18.32564;-39.958439
62294;133418.0;288648.0;2018-05-11;sexta-feira;10:20:00;ES;101.0;20;CONCEICAO DA BARRA                                          ;Sim                 ;Agressão Externa                                                                                    ;1;Saída de leito carroçável                                                                                                                                                                               ;Com Vítimas Feridas;Pleno dia           ;Crescente           ;Céu Claro           ;Simples             ;Curva                         ;Não       ;236052;Automóvel           ;VW                                                ;2007.0;Condutor            ;Ileso               ;36.0;Feminino            ;1;0;0;0;-18.32564;-39.958439
62360;133465.0;288542.0;2018-05-11;sexta-feira;14:25:00;ES;101.0;358;ANCHIETA                                                    ;Sim                 ;Falta de Atenção à Condução                                                                         ;1;Colisão traseira                                                                                                                                                                                        ;Com Vítimas Feridas;Pleno dia           ;Crescente           ;Céu Claro           ;Múltipla            ;Não Informado                 ;Não       ;236132;Caminhonete         ;FIAT                                              ;2017.0;Condutor            ;Ileso               ;65.0;Masculino           ;1;0;0;0;-20.69051717;-40.70163667
62361;133465.0;288543.0;2018-05-11;sexta-feira;14:25:00;ES;101.0;358;ANCHIETA                                                    ;Sim                 ;Falta de Atenção à Condução                                                                         ;1;Colisão traseira                                                                                                                                                                                        ;Com Vítimas Feridas;Pleno dia           ;Crescente           ;Céu Claro           ;Múltipla            ;Não Informado                 ;Não       ;236133;Motocicleta         ;HONDA                                             ;2016.0;Condutor            ;Lesões Graves       ;56.0;Masculino           ;0;0;1;0;-20.69051717;-40.70163667
62408;133503.0;288625.0;2018-05-11;sexta-feira;17:20:00;ES;101.0;253,9;SERRA                                                       ;Sim                 ;Desobediência às normas de trânsito pelo condutor                                                   ;1;Colisão transversal                                                                                                                                                                                     ;Com Vítimas Feridas;Anoitecer           ;Crescente           ;Céu Claro           ;Simples             ;Reta                          ;Sim       ;236188;Automóvel           ;FIAT                                              ;2014.0;Condutor            ;Ileso               ;44.0;Masculino           ;1;0;0;0;-20.11300392;-40.324802399999996
62409;133503.0;288629.0;2018-05-11;sexta-feira;17:20:00;ES;101.0;253,9;SERRA                                                       ;Sim                 ;Desobediência às normas de trânsito pelo condutor                                                   ;1;Colisão transversal                                                                                                                                                                                     ;Com Vítimas Feridas;Anoitecer           ;Crescente           ;Céu Claro           ;Simples             ;Reta                          ;Sim       ;236189;Automóvel           ;CHEVROLET                                         ;2016.0;Condutor            ;Ileso               ;53.0;Masculino           ;1;0;0;0;-20.11300392;-40.324802399999996
62410;133503.0;288626.0;2018-05-11;sexta-feira;17:20:00;ES;101.0;253,9;SERRA                                                       ;Sim                 ;Desobediência às normas de trânsito pelo condutor                                                   ;1;Colisão transversal                                                                                                                                                                                     ;Com Vítimas Feridas;Anoitecer           ;Crescente           ;Céu Claro           ;Simples             ;Reta                          ;Sim       ;236188;Automóvel           ;FIAT                                              ;2014.0;Passageiro          ;Lesões Leves        ;37.0;Feminino            ;0;1;0;0;-20.11300392;-40.324802399999996
62500;133660.0;288906.0;2018-05-12;sábado;07:19:00;ES;101.0;287;SAO MATEUS                                                  ;Sim                 ;Falta de Atenção à Condução                                                                         ;1;Capotamento                                                                                                                                                                                             ;Com Vítimas Feridas;Pleno dia           ;Crescente           ;Céu Claro           ;Dupla               ;Reta                          ;Não       ;236435;Automóvel           ;FIAT                                              ;1993.0;Condutor            ;Lesões Graves       ;32.0;Masculino           ;0;0;1;0;-18.720545;-39.865883000000004
62503;133664.0;288973.0;2018-05-12;sábado;12:10:00;ES;101.0;302,5;VIANA                                                       ;Sim                 ;Falta de Atenção à Condução                                                                         ;1;Colisão lateral                                                                                                                                                                                         ;Com Vítimas Feridas;Pleno dia           ;Decrescente         ;Céu Claro           ;Dupla               ;Curva                         ;Não       ;236498;Bicicleta           ;                                                  ;;Condutor            ;Lesões Leves        ;50.0;Feminino            ;0;1;0;0;-20.376331399999998;-40.44346333
62504;133664.0;288966.0;2018-05-12;sábado;12:10:00;ES;101.0;302,5;VIANA                                                       ;Sim                 ;Falta de Atenção à Condução                                                                         ;1;Colisão lateral                                                                                                                                                                                         ;Com Vítimas Feridas;Pleno dia           ;Decrescente         ;Céu Claro           ;Dupla               ;Curva                         ;Não       ;236495;Ônibus              ;VW                                                ;2012.0;Condutor            ;Ileso               ;46.0;Masculino           ;1;0;0;0;-20.376331399999998;-40.44346333
62521;133677.0;289276.0;2018-05-12;sábado;09:00:00;ES;101.0;17;PEDRO CANARIO                                               ;Sim                 ;Falta de Atenção do Pedestre                                                                        ;1;Atropelamento de Pedestre                                                                                                                                                                               ;Com Vítimas Feridas;Pleno dia           ;Crescente           ;Céu Claro           ;Simples             ;Curva                         ;Não       ;236768;Caminhão-trator     ;                                                  ;;Condutor            ;Ileso               ;;Ignorado            ;1;0;0;0;-18.307057999999998;-39.957275
62522;133677.0;289267.0;2018-05-12;sábado;09:00:00;ES;101.0;17;PEDRO CANARIO                                               ;Sim                 ;Falta de Atenção do Pedestre                                                                        ;1;Atropelamento de Pedestre                                                                                                                                                                               ;Com Vítimas Feridas;Pleno dia           ;Crescente           ;Céu Claro           ;Simples             ;Curva                         ;Não       ;236768;Caminhão-trator     ;                                                  ;;Pedestre            ;Lesões Leves        ;;Masculino           ;0;1;0;0;-18.307057999999998;-39.957275
62525;133680.0;289204.0;2018-05-12;sábado;15:50:00;ES;101.0;41;CONCEICAO DA BARRA                                          ;Sim                 ;Velocidade Incompatível                                                                             ;2;Colisão com objeto estático                                                                                                                                                                             ;Com Vítimas Feridas;Pleno dia           ;Decrescente         ;Céu Claro           ;Simples             ;Desvio Temporário             ;Não       ;236628;Automóvel           ;TOYOTA                                            ;2011.0;Condutor            ;Lesões Leves        ;44.0;Masculino           ;0;1;0;0;-18.508413;-39.915905
62628;133964.0;289447.0;2018-05-13;domingo;10:45:00;ES;101.0;299,8;VIANA                                                       ;Sim                 ;Velocidade Incompatível                                                                             ;1;Colisão com objeto estático                                                                                                                                                                             ;Com Vítimas Feridas;Pleno dia           ;Decrescente         ;Céu Claro           ;Dupla               ;Curva                         ;Sim       ;236840;Motocicleta         ;YAMAHA                                            ;2011.0;Testemunha          ;Não Informado       ;;Não Informado       ;0;0;0;0;-20.35786475;-40.43108761
62629;133964.0;289446.0;2018-05-13;domingo;10:45:00;ES;101.0;299,8;VIANA                                                       ;Sim                 ;Velocidade Incompatível                                                                             ;1;Colisão com objeto estático                                                                                                                                                                             ;Com Vítimas Feridas;Pleno dia           ;Decrescente         ;Céu Claro           ;Dupla               ;Curva                         ;Sim       ;236840;Motocicleta         ;YAMAHA                                            ;2011.0;Testemunha          ;Não Informado       ;;Não Informado       ;0;0;0;0;-20.35786475;-40.43108761
62630;133964.0;289442.0;2018-05-13;domingo;10:45:00;ES;101.0;299,8;VIANA                                                       ;Sim                 ;Velocidade Incompatível                                                                             ;1;Colisão com objeto estático                                                                                                                                                                             ;Com Vítimas Feridas;Pleno dia           ;Decrescente         ;Céu Claro           ;Dupla               ;Curva                         ;Sim       ;236840;Motocicleta         ;YAMAHA                                            ;2011.0;Passageiro          ;Lesões Graves       ;46.0;Feminino            ;0;0;1;0;-20.35786475;-40.43108761
62631;133964.0;289440.0;2018-05-13;domingo;10:45:00;ES;101.0;299,8;VIANA                                                       ;Sim                 ;Velocidade Incompatível                                                                             ;1;Colisão com objeto estático                                                                                                                                                                             ;Com Vítimas Feridas;Pleno dia           ;Decrescente         ;Céu Claro           ;Dupla               ;Curva                         ;Sim       ;236840;Motocicleta         ;YAMAHA                                            ;2011.0;Condutor            ;Lesões Graves       ;28.0;Masculino           ;0;0;1;0;-20.35786475;-40.43108761
62720;134140.0;289674.0;2018-05-13;domingo;18:20:00;ES;101.0;258,2;SERRA                                                       ;Sim                 ;Falta de Atenção à Condução                                                                         ;1;Colisão traseira                                                                                                                                                                                        ;Com Vítimas Feridas;Plena Noite         ;Crescente           ;Céu Claro           ;Dupla               ;Reta                          ;Sim       ;237010;Automóvel           ;FIAT                                              ;2009.0;Passageiro          ;Lesões Leves        ;21.0;Feminino            ;0;1;0;0;-20.12939436;-40.29780328
62721;134140.0;289637.0;2018-05-13;domingo;18:20:00;ES;101.0;258,2;SERRA                                                       ;Sim                 ;Falta de Atenção à Condução                                                                         ;1;Colisão traseira                                                                                                                                                                                        ;Com Vítimas Feridas;Plena Noite         ;Crescente           ;Céu Claro           ;Dupla               ;Reta                          ;Sim       ;237010;Automóvel           ;FIAT                                              ;2009.0;Condutor            ;Ileso               ;28.0;Masculino           ;1;0;0;0;-20.12939436;-40.29780328
62722;134140.0;289635.0;2018-05-13;domingo;18:20:00;ES;101.0;258,2;SERRA                                                       ;Sim                 ;Falta de Atenção à Condução                                                                         ;1;Colisão traseira                                                                                                                                                                                        ;Com Vítimas Feridas;Plena Noite         ;Crescente           ;Céu Claro           ;Dupla               ;Reta                          ;Sim       ;237008;Automóvel           ;GM                                                ;2009.0;Condutor            ;Ileso               ;38.0;Masculino           ;1;0;0;0;-20.12939436;-40.29780328